Matricula,Estado,Marca/Modelo,Color del vehiculo,Estatus Legal,Propietario Virtual,Fecha de registro,Filename
AF1-564-C,AGS,Chevrolet Beat,Vino,Importacion Definitiva,Victor Medina Del Valle,2018-08-15 12:47:47,AF1-564-C.jpg
AD5-964-K,AGS,Fiat Argo,Amarillo,Robado,Sergio Zamora Flores,2017-10-20 14:53:33,AD5-964-K.jpg
AFS-363-G,AGS,Fiat 500,Naranja,En Proceso Legal,Alicia Sandoval Maldonado,2018-11-12 14:24:27,AFS-363-G.jpg
ADX-678-F,AGS,Fiat Cronos,Azul Marino,Recuperado,Daniela Ortega Velazquez,2022-11-11 07:14:22,ADX-678-F.jpg
AET-458-M,AGS,Peugeot 5008,Blanco,Robado,Marina Huerta Gutierrez,2024-01-24 02:16:01,AET-458-M.jpg
ACU-003-S,AGS,Peugeot 5008,Morado,Recuperado,Marina Pineda Pineda,2022-11-02 05:14:42,ACU-003-S.jpg
AAK-442-N,AGS,Renault Kwid,Rojo,Activo,Norma Barajas Dominguez,2018-02-22 03:41:54,AAK-442-N.jpg
AB7-007-C,AGS,Toyota Hilux,Amarillo,Baja Definitiva,Cecilia Sanchez Martinez,2017-03-28 14:47:46,AB7-007-C.jpg
AFF-445-H,AGS,Mazda CX-5,Morado,Irregular,Patricia Silva Castillo,2022-02-03 12:49:18,AFF-445-H.jpg
AD9-460-E,AGS,Chevrolet Beat,Azul Marino,Importacion Definitiva,Arturo Quintero Mejia,2021-05-13 19:48:47,AD9-460-E.jpg
AC7-802-H,AGS,Peugeot 208,Verde,Activo,Manuel Esquivel Torres,2026-05-14 03:07:06,AC7-802-H.jpg
AB9-906-B,AGS,Mercedes-Benz C-Class,Vino,Baja Definitiva,Claudia Maldonado Fuentes,2023-08-04 18:01:01,AB9-906-B.jpg
ACX-132-Z,AGS,Nissan Sentra,Vino,Baja Definitiva,Antonio Juarez Silva,2017-03-09 11:45:34,ACX-132-Z.jpg
AC4-400-D,AGS,Chevrolet Aveo,Naranja,En Proceso Legal,Mateo Maldonado Villanueva,2020-11-16 20:45:41,AC4-400-D.jpg
ADC-417-Z,AGS,Ford Fusion,Rojo Oscuro,Activo,Liliana Beltran Hernandez,2019-05-31 05:28:21,ADC-417-Z.jpg
ADC-736-F,AGS,Hyundai Santa Fe,Beige,Baja Temporal,Fabiola Carrillo Villegas,2020-03-10 05:20:52,ADC-736-F.jpg
AAA-706-N,AGS,Mercedes-Benz A-Class,Amarillo,Activo,Miguel Avila Herrera,2017-02-07 11:48:57,AAA-706-N.jpg
ABC-187-V,AGS,Chevrolet Spark,Gris Oscuro,Baja Temporal,Monica Dominguez Torres,2022-11-20 14:17:14,ABC-187-V.jpg
AD7-809-J,AGS,Mazda 2,Gris Oscuro,Cancelado,Guadalupe Fernandez Rosales,2025-06-08 15:30:13,AD7-809-J.jpg
AAW-716-P,AGS,Fiat Argo,Amarillo,En Proceso Legal,Maria Herrera Plascencia,2018-04-07 18:02:31,AAW-716-P.jpg
ADY-227-F,AGS,Hyundai Accent,Vino,Robado,Manuel Soto Montes,2024-08-31 22:20:53,ADY-227-F.jpg
AB8-926-E,AGS,Kia Sportage,Blanco,Baja Temporal,Ignacio Acosta Martinez,2025-08-17 03:11:21,AB8-926-E.jpg
AFK-126-Y,AGS,Mazda CX-5,Rojo Oscuro,Robado,Martha Sanchez Peña,2025-02-11 22:28:49,AFK-126-Y.jpg
AF1-260-E,AGS,Fiat Cronos,Dorado,Irregular,Martha Velazquez Castro,2025-04-26 00:00:19,AF1-260-E.jpg
AET-038-N,AGS,Volkswagen Golf,Dorado,Baja Temporal,Manuel Esquivel Diaz,2018-04-04 18:26:17,AET-038-N.jpg
AEP-286-F,AGS,Renault Duster,Blanco Perlado,Activo,Paola Portillo Trejo,2019-06-15 03:15:45,AEP-286-F.jpg
ABA-959-Z,AGS,Hyundai Elantra,Verde Oscuro,Baja Definitiva,Adriana Esquivel Cervantes,2020-10-16 15:32:39,ABA-959-Z.jpg
AB8-155-V,AGS,Jeep Grand Cherokee,Verde,Recuperado,Cecilia Correa Torres,2022-06-23 23:53:41,AB8-155-V.jpg
AC5-462-K,AGS,Honda Accord,Morado,Baja Definitiva,Roberto Acosta Orozco,2023-10-15 02:43:40,AC5-462-K.jpg
AAT-264-W,AGS,Nissan March,Verde,Reposicion,Victor Maldonado Nieto,2021-11-19 10:57:57,AAT-264-W.jpg
AAZ-551-G,AGS,Volkswagen Vento,Azul,Activo,Sofia Estrada Ramos,2017-08-04 08:48:20,AAZ-551-G.jpg
ACY-432-L,AGS,Audi A4,Negro,Activo,David Cervantes Urbina,2021-04-26 07:48:53,ACY-432-L.jpg
AAU-413-F,AGS,Nissan Sentra,Gris Oscuro,En Proceso Legal,Marcos Tovar Acosta,2017-01-04 03:02:07,AAU-413-F.jpg
AD3-932-X,AGS,Hyundai Santa Fe,Verde Oscuro,Baja Definitiva,Elias Mora Rivera,2021-04-25 13:22:26,AD3-932-X.jpg
ABE-020-G,AGS,Audi A4,Azul,Activo,Carolina Pineda Del Valle,2024-05-12 00:00:34,ABE-020-G.jpg
AEP-009-P,AGS,Volkswagen Jetta,Vino,Robado,Paola Huerta Delgado,2018-04-12 18:16:32,AEP-009-P.jpg
AEP-714-J,AGS,Jeep Wrangler,Plateado,Importacion Definitiva,Laura Peña Orozco,2023-09-21 00:06:31,AEP-714-J.jpg
AB6-999-K,AGS,Toyota Hilux,Gris,Irregular,Oscar Guerrero Carrillo,2025-09-13 22:20:33,AB6-999-K.jpg
ACE-480-K,AGS,Fiat Cronos,Blanco,Baja Temporal,Juan Tovar Espinoza,2025-04-17 20:12:55,ACE-480-K.jpg
AD7-210-W,AGS,Ford Focus,Azul Marino,Baja Temporal,Cristian Montes Figueroa,2024-12-20 05:47:44,AD7-210-W.jpg
AEN-791-S,AGS,Renault Duster,Blanco,Importacion Temporal,Ruben Trejo Orozco,2019-10-12 17:41:38,AEN-791-S.jpg
AEM-253-S,AGS,Mercedes-Benz C-Class,Dorado,Importacion Definitiva,Alberto Arroyo Estrada,2021-08-05 21:07:01,AEM-253-S.jpg
AFS-181-L,AGS,Audi Q5,Naranja,Activo,Elsa Juarez Cabrera,2017-10-16 20:02:47,AFS-181-L.jpg
ACS-899-C,AGS,BMW 3 Series,Plateado,Baja Definitiva,Gabriela Guerrero Chavez,2024-08-20 01:08:40,ACS-899-C.jpg
ABP-814-S,AGS,Mazda MX-5,Beige,Cancelado,Jorge Castro Perez,2024-11-16 03:36:39,ABP-814-S.jpg
AEA-890-H,AGS,Audi A3,Morado,Activo,Carmen Avila Arroyo,2022-03-17 17:00:30,AEA-890-H.jpg
ABK-785-W,AGS,Honda CR-V,Blanco,Remarcaje,Rosa Reyes Silva,2017-04-18 04:11:36,ABK-785-W.jpg
AB0-192-G,AGS,Peugeot 208,Beige,Activo,Mauricio Valencia Leal,2019-08-16 11:29:04,AB0-192-G.jpg
ADE-346-V,AGS,Fiat Argo,Verde,Importacion Definitiva,Daniela Leal Montoya,2026-04-13 19:46:48,ADE-346-V.jpg
ACA-893-L,AGS,Toyota Prius,Gris Oscuro,Remarcaje,Marisol Correa Sepulveda,2020-04-22 03:47:23,ACA-893-L.jpg
AD1-846-F,AGS,Honda CR-V,Azul,Robado,Benjamin Salazar Hernandez,2026-03-09 17:14:45,AD1-846-F.jpg
AAM-156-S,AGS,Mercedes-Benz GLC,Azul Marino,Activo,Carlos Rosales Camacho,2023-08-18 09:17:19,AAM-156-S.jpg
AAM-103-L,AGS,Renault Sandero,Dorado,Baja Definitiva,Oscar Medina Espinoza,2022-06-03 04:39:07,AAM-103-L.jpg
AFZ-346-E,AGS,Renault Duster,Beige,Importacion Temporal,Ernesto Flores Navarro,2025-11-13 03:34:22,AFZ-346-E.jpg
ABP-072-U,AGS,Kia Sportage,Azul Marino,Irregular,Sofia Valencia Diaz,2021-03-15 14:05:08,ABP-072-U.jpg
ACS-933-X,AGS,Toyota Hilux,Amarillo,Cancelado,Teresa Urbina Velazquez,2020-02-12 03:53:16,ACS-933-X.jpg
AEL-466-J,AGS,Peugeot 308,Naranja,Activo,Ruben Ortega Lopez,2019-09-02 14:21:35,AEL-466-J.jpg
AAE-063-Z,AGS,Fiat 500,Rojo,Baja Definitiva,Liliana Cervantes Arellano,2022-11-04 05:29:10,AAE-063-Z.jpg
AFS-077-E,AGS,Volkswagen Golf,Azul,Cancelado,Mateo Rosales Castillo,2026-04-22 02:35:59,AFS-077-E.jpg
AEH-790-R,AGS,Jeep Renegade,Azul Marino,Activo,Benjamin Castro Plascencia,2024-11-04 18:44:50,AEH-790-R.jpg
AEF-413-E,AGS,Hyundai Accent,Blanco Perlado,Activo,Valeria Peña Gallegos,2025-06-19 23:38:21,AEF-413-E.jpg
ABG-224-D,AGS,Peugeot 3008,Naranja,En Proceso Legal,Isabel Villegas Pineda,2024-06-07 13:21:19,ABG-224-D.jpg
AB3-528-H,AGS,Nissan NP300,Rojo,Homologacion,Gabriela Sepulveda Tapia,2020-12-23 14:02:46,AB3-528-H.jpg
ACU-711-U,AGS,Hyundai Tucson,Naranja,En Proceso Legal,Carolina Izquierdo Hernandez,2019-03-29 05:46:24,ACU-711-U.jpg
AFC-292-Y,AGS,Toyota Hilux,Gris Oscuro,Activo,Javier Avila Mejia,2017-05-09 08:39:47,AFC-292-Y.jpg
AFZ-557-F,AGS,Jeep Renegade,Azul Marino,Cancelado,Javier Morales Huerta,2025-10-01 05:07:17,AFZ-557-F.jpg
AD8-043-J,AGS,Hyundai Accent,Negro,Baja Temporal,Lucia Montoya Garcia,2020-12-11 23:34:54,AD8-043-J.jpg
AED-641-V,AGS,Chevrolet Cruze,Vino,Robado,Ricardo Cruz Garcia,2021-11-29 01:01:48,AED-641-V.jpg
AC7-865-W,AGS,Mazda MX-5,Cafe,En Proceso Legal,Guadalupe Vazquez Gutierrez,2019-09-16 13:00:38,AC7-865-W.jpg
ADN-983-Z,AGS,Fiat Cronos,Naranja,Activo,Beatriz Jimenez Morales,2021-03-15 15:25:00,ADN-983-Z.jpg
AED-957-W,AGS,Peugeot 5008,Negro,Baja Definitiva,Mauricio Esquivel Zarate,2022-01-25 21:27:12,AED-957-W.jpg
ABX-248-F,AGS,Nissan NP300,Rojo Oscuro,En Proceso Legal,Jorge Cabrera Ramirez,2022-07-06 08:51:15,ABX-248-F.jpg
AAU-042-Z,AGS,Honda Civic,Cafe,Irregular,Alberto Mejia Mendoza,2022-08-11 10:05:09,AAU-042-Z.jpg
AF1-156-C,AGS,Hyundai Elantra,Cafe,Irregular,Guillermo Lopez Villalobos,2020-01-08 19:50:35,AF1-156-C.jpg
AEX-909-G,AGS,Renault Sandero,Gris Oscuro,Activo,Isabel Bravo Cordero,2026-02-23 08:13:45,AEX-909-G.jpg
AFW-166-R,AGS,Peugeot 5008,Blanco Perlado,Activo,Ernesto Serrano Garcia,2018-09-20 07:26:35,AFW-166-R.jpg
AAV-718-A,AGS,Renault Sandero,Gris Oscuro,Cancelado,Antonio Alvarez Quintero,2024-06-10 18:21:06,AAV-718-A.jpg
AAN-639-P,AGS,Mazda 2,Verde,Baja Temporal,Jose Chavez Portillo,2020-09-12 11:47:20,AAN-639-P.jpg
AEA-268-V,AGS,Hyundai Santa Fe,Verde Oscuro,Activo,Eduardo Rosales Del Valle,2023-08-21 20:36:27,AEA-268-V.jpg
ABG-363-Z,AGS,Peugeot 208,Amarillo,Importacion Temporal,Elsa Chavez Morales,2020-12-11 14:57:46,ABG-363-Z.jpg
ADJ-679-S,AGS,Volkswagen Golf,Dorado,Importacion Definitiva,Camila Tovar Castillo,2025-12-09 00:51:13,ADJ-679-S.jpg
AE2-317-P,AGS,Mazda 3,Blanco,Remarcaje,Adolfo Aguilar Barajas,2021-02-16 18:35:37,AE2-317-P.jpg
AB7-818-G,AGS,Audi A4,Dorado,Importacion Definitiva,Fernando Camacho Gutierrez,2017-09-12 22:00:09,AB7-818-G.jpg
AF8-705-F,AGS,Mercedes-Benz A-Class,Azul,Reposicion,Felipe Del Valle Leal,2023-05-30 01:33:09,AF8-705-F.jpg
AAX-827-X,AGS,Mazda 3,Rojo Oscuro,Reposicion,Pedro Solano Acosta,2019-01-07 20:25:12,AAX-827-X.jpg
ADV-260-G,AGS,BMW 3 Series,Dorado,Importacion Temporal,Adolfo Del Valle Velazquez,2022-02-27 15:49:33,ADV-260-G.jpg
AEF-102-H,AGS,Chevrolet Spark,Plateado,Cancelado,Silvia Arroyo Dominguez,2022-10-09 16:10:37,AEF-102-H.jpg
AD4-528-W,AGS,Audi Q5,Negro,Activo,Elizabeth Peña Jimenez,2022-07-22 14:13:58,AD4-528-W.jpg
AFB-482-L,AGS,Volkswagen Vento,Azul Marino,Robado,Sebastian Ramirez Contreras,2020-07-30 21:10:36,AFB-482-L.jpg
ABK-655-R,AGS,Mazda 2,Blanco Perlado,Reposicion,Alejandro Estrada Correa,2020-07-18 18:37:30,ABK-655-R.jpg
ABK-636-C,AGS,Fiat Argo,Azul Marino,Baja Temporal,Isabel Martinez Torres,2020-12-25 03:58:20,ABK-636-C.jpg
ABJ-997-P,AGS,Honda Civic,Amarillo,Baja Temporal,Pedro Portillo Soto,2024-08-13 04:50:31,ABJ-997-P.jpg
AAM-611-W,AGS,Peugeot 3008,Dorado,Remarcaje,Patricia Silva Guerrero,2022-02-23 07:25:00,AAM-611-W.jpg
AD8-588-U,AGS,Kia Forte,Rojo,Remarcaje,Eduardo Morales Soto,2022-07-03 13:16:49,AD8-588-U.jpg
AFH-034-E,AGS,Chevrolet Cruze,Plateado,Cancelado,Renata Villanueva Izquierdo,2024-02-02 06:44:23,AFH-034-E.jpg
ABW-776-W,AGS,Hyundai Tucson,Azul Marino,Reposicion,Salvador Alvarez Rios,2025-02-19 19:41:43,ABW-776-W.jpg
ADD-618-P,AGS,Jeep Renegade,Verde,Activo,Miguel Ramirez Ortega,2026-02-20 21:25:34,ADD-618-P.jpg
AAG-863-W,AGS,Honda Civic,Rojo,Activo,Guillermo Portillo Esquivel,2019-07-20 01:39:29,AAG-863-W.jpg
ABC-718-K,AGS,Mercedes-Benz GLA,Vino,Baja Temporal,Mateo Esquivel Fuentes,2021-09-24 12:01:34,ABC-718-K.jpg
ABK-741-S,AGS,Nissan Sentra,Azul Marino,Activo,Elizabeth Figueroa Torres,2018-07-18 10:57:26,ABK-741-S.jpg
ADC-205-J,AGS,Chevrolet Cruze,Plateado,Activo,Monica Tapia Herrera,2017-03-09 21:42:57,ADC-205-J.jpg
AB2-845-K,AGS,Hyundai Santa Fe,Blanco,Irregular,Fernando Torres Izquierdo,2018-07-29 14:56:42,AB2-845-K.jpg
AF4-479-K,AGS,Renault Duster,Azul,Baja Temporal,Sofia Figueroa Suarez,2020-05-28 22:36:29,AF4-479-K.jpg
AB5-522-W,AGS,Ford Fiesta,Beige,Baja Temporal,Daniel Figueroa Carrillo,2022-01-29 02:13:32,AB5-522-W.jpg
AFU-093-Z,AGS,Toyota Yaris,Gris,Remarcaje,Ernesto Silva Silva,2024-02-24 11:19:43,AFU-093-Z.jpg
ABX-966-P,AGS,Peugeot 208,Plateado,Baja Temporal,Carlos Alvarez Mendoza,2022-01-02 09:57:44,ABX-966-P.jpg
ACM-851-J,AGS,Volkswagen Golf,Dorado,Baja Definitiva,David Valencia Mora,2023-09-30 10:05:01,ACM-851-J.jpg
AF1-170-L,AGS,Toyota Yaris,Rojo Oscuro,Reposicion,Angela Reyes Gonzalez,2018-07-09 10:04:15,AF1-170-L.jpg
ACM-059-E,AGS,Kia Forte,Cafe,Activo,Lucia Pineda Rodriguez,2021-08-16 20:29:26,ACM-059-E.jpg
AC1-516-G,AGS,Toyota Yaris,Plateado,Baja Temporal,Adolfo Nieto Bravo,2021-01-01 21:29:09,AC1-516-G.jpg
AAK-541-Y,AGS,Nissan March,Amarillo,Activo,Leticia Rodriguez Avila,2026-04-23 15:20:32,AAK-541-Y.jpg
AC8-169-E,AGS,Kia Rio,Morado,Importacion Definitiva,Lucia Castro Serrano,2024-09-11 00:12:56,AC8-169-E.jpg
AEB-761-R,AGS,Kia Sportage,Dorado,Robado,Teresa Camacho Perez,2026-01-20 19:19:13,AEB-761-R.jpg
AEH-513-B,AGS,Hyundai Accent,Plateado,Importacion Temporal,Carlos Solano Mejia,2021-11-22 12:24:11,AEH-513-B.jpg
AB5-670-B,AGS,Audi Q3,Gris,Activo,Alejandra Tovar Trejo,2023-01-13 23:40:01,AB5-670-B.jpg
AAW-393-V,AGS,Audi Q3,Negro,Irregular,Ricardo Leal Dominguez,2017-09-14 06:46:52,AAW-393-V.jpg
ABV-125-H,AGS,Toyota Prius,Negro,Homologacion,Manuel Dominguez Dominguez,2024-04-21 01:52:51,ABV-125-H.jpg
AEW-324-N,AGS,BMW X3,Blanco,Importacion Temporal,Javier Gallegos Pacheco,2026-01-06 05:03:52,AEW-324-N.jpg
ABG-326-D,AGS,Honda Accord,Dorado,Homologacion,Renata Perez Lopez,2019-07-25 21:33:54,ABG-326-D.jpg
AE0-712-F,AGS,Chevrolet Beat,Gris Oscuro,Robado,Juan Mejia Hernandez,2022-10-23 14:01:35,AE0-712-F.jpg
AEF-359-L,AGS,Honda Accord,Rojo Oscuro,Remarcaje,Manuel Rios Tapia,2022-02-02 22:18:22,AEF-359-L.jpg
AEE-082-V,AGS,Ford Fiesta,Negro,Importacion Definitiva,Adriana Mejia Estrada,2023-05-04 02:03:31,AEE-082-V.jpg
ABZ-079-G,AGS,Volkswagen Golf,Verde Oscuro,Cancelado,Susana Avila Flores,2022-12-06 02:20:01,ABZ-079-G.jpg
AET-536-G,AGS,Hyundai Tucson,Verde,Robado,Miguel Palacios Tovar,2022-06-13 13:09:08,AET-536-G.jpg
ABZ-465-T,AGS,Hyundai Santa Fe,Gris Oscuro,Activo,Oscar Castro Velazquez,2021-11-24 02:11:31,ABZ-465-T.jpg
AFY-405-S,AGS,Renault Duster,Dorado,Cancelado,Lorena Villanueva Diaz,2021-07-04 05:34:40,AFY-405-S.jpg
ABY-849-C,AGS,Peugeot 3008,Blanco Perlado,Baja Definitiva,Arturo Delgado Delgado,2018-11-18 12:24:40,ABY-849-C.jpg
AFV-125-L,AGS,Audi Q3,Verde Oscuro,Recuperado,Benjamin Ruiz Maldonado,2024-02-24 15:40:09,AFV-125-L.jpg
AF5-467-R,AGS,Fiat 500,Naranja,Activo,Arturo Mora Lopez,2021-06-20 02:56:53,AF5-467-R.jpg
AC8-474-P,AGS,Toyota Prius,Gris,Remarcaje,Marisol Tovar Garcia,2020-01-14 18:27:07,AC8-474-P.jpg
AD1-494-F,AGS,Mercedes-Benz GLC,Morado,Recuperado,Francisco Esquivel Campos,2017-07-23 06:58:48,AD1-494-F.jpg
AEW-878-Y,AGS,BMW X3,Verde,Baja Temporal,Rebeca Plascencia Salazar,2023-01-03 22:19:13,AEW-878-Y.jpg
AC7-906-W,AGS,Kia Forte,Amarillo,Homologacion,Liliana Guerrero Bravo,2021-08-28 21:02:28,AC7-906-W.jpg
AFD-700-P,AGS,Mazda 3,Amarillo,Homologacion,Susana Perez Cruz,2026-02-06 05:13:16,AFD-700-P.jpg
ABM-102-V,AGS,Honda Accord,Gris Oscuro,Remarcaje,Sebastian Ramirez Garcia,2022-04-05 13:46:30,ABM-102-V.jpg
ADG-986-S,AGS,Jeep Compass,Rojo Oscuro,Robado,Ruben Zamora Cabrera,2018-01-30 16:41:30,ADG-986-S.jpg
ADT-930-L,AGS,Volkswagen Amarok,Verde Oscuro,Irregular,Ana Herrera Alvarez,2020-12-22 08:15:19,ADT-930-L.jpg
AF7-970-K,AGS,Peugeot 3008,Dorado,Importacion Temporal,Renata Tapia Ramos,2019-05-25 16:22:20,AF7-970-K.jpg
ABT-018-B,AGS,Chevrolet Cruze,Azul Marino,Cancelado,Leticia Mejia Sanchez,2025-03-15 20:41:53,ABT-018-B.jpg
ACT-612-N,AGS,Mazda 3,Negro,Cancelado,Elias Carrillo Alvarez,2019-07-17 20:50:03,ACT-612-N.jpg
ACC-636-U,AGS,Audi Q5,Amarillo,Activo,Benjamin Tapia Vargas,2022-10-10 17:43:10,ACC-636-U.jpg
AEZ-316-K,AGS,Audi Q5,Dorado,Cancelado,Alejandra Ramos Herrera,2017-10-11 05:15:43,AEZ-316-K.jpg
AAH-570-H,AGS,Fiat Cronos,Vino,Homologacion,Cristian Ramirez Hernandez,2019-07-04 06:19:15,AAH-570-H.jpg
AET-298-N,AGS,Honda HR-V,Negro,Importacion Definitiva,Manuel Perez Lopez,2026-01-18 22:27:27,AET-298-N.jpg
AB6-560-T,AGS,Toyota Prius,Rojo Oscuro,Remarcaje,Ignacio Escobar Reyes,2025-04-04 07:16:37,AB6-560-T.jpg
ACF-823-M,AGS,Toyota Corolla,Verde,Irregular,Rosa Arroyo Villanueva,2018-06-09 05:13:12,ACF-823-M.jpg
AE0-593-N,AGS,Nissan Versa,Dorado,Cancelado,Marisol Flores Camacho,2020-11-25 11:42:37,AE0-593-N.jpg
AB8-195-F,AGS,Audi Q5,Azul Marino,Irregular,Julieta Cordero Camacho,2020-11-24 18:38:24,AB8-195-F.jpg
ABW-764-V,AGS,Honda Accord,Azul Marino,Baja Temporal,Luis Navarro Huerta,2021-01-23 14:04:28,ABW-764-V.jpg
ACJ-564-R,AGS,Kia Rio,Dorado,Homologacion,Leticia De La Cruz Fuentes,2022-07-16 17:45:55,ACJ-564-R.jpg
AAJ-188-G,AGS,Peugeot 208,Negro,En Proceso Legal,Angela Izquierdo Tovar,2018-08-20 11:15:42,AAJ-188-G.jpg
AD1-473-T,AGS,Chevrolet Spark,Naranja,Homologacion,Liliana Hernandez Villegas,2017-02-28 19:40:54,AD1-473-T.jpg
ADU-672-Y,AGS,Hyundai Tucson,Verde Oscuro,Reposicion,Gabriela Quintero Avila,2023-01-28 12:12:22,ADU-672-Y.jpg
ADC-402-J,AGS,Audi Q5,Rojo Oscuro,Activo,Norma Quiroz Sepulveda,2021-01-04 13:06:57,ADC-402-J.jpg
AFH-369-W,AGS,Hyundai Santa Fe,Cafe,Activo,Rebeca Montoya Rios,2024-03-29 04:53:53,AFH-369-W.jpg
AAM-598-D,AGS,Kia Sorento,Negro,Reposicion,Mateo Diaz Herrera,2020-09-13 13:15:34,AAM-598-D.jpg
AFC-675-A,AGS,Hyundai Santa Fe,Morado,Reposicion,Teresa Villalobos Avila,2025-09-16 07:54:46,AFC-675-A.jpg
AEE-507-U,AGS,Hyundai Tucson,Negro,Activo,Sofia Mendoza Izquierdo,2018-09-09 14:27:29,AEE-507-U.jpg
ABH-747-U,AGS,Jeep Grand Cherokee,Plateado,Irregular,Regina Alvarez Gallegos,2021-02-08 14:08:13,ABH-747-U.jpg
ACE-886-A,AGS,Volkswagen Jetta,Azul Marino,Baja Temporal,Guillermo Olvera Jimenez,2017-10-04 19:21:18,ACE-886-A.jpg
AAH-397-U,AGS,Chevrolet Aveo,Verde,En Proceso Legal,Elias Castro Quiroz,2017-09-06 02:18:31,AAH-397-U.jpg
AD9-868-G,AGS,Audi A4,Gris,Activo,Carlos Flores Vargas,2017-10-22 11:31:53,AD9-868-G.jpg
AEN-721-Y,AGS,Nissan Versa,Naranja,Activo,Susana Tapia Cabrera,2025-11-20 18:23:31,AEN-721-Y.jpg
AE4-217-W,AGS,Mercedes-Benz A-Class,Morado,Activo,Luis Soto Castillo,2024-10-16 20:00:47,AE4-217-W.jpg
AE0-217-Z,AGS,Fiat Toro,Morado,Activo,Isabel Diaz Lopez,2022-11-22 01:54:10,AE0-217-Z.jpg
AEE-280-N,AGS,Hyundai Elantra,Cafe,Irregular,Sergio Plascencia Rios,2025-04-02 20:51:09,AEE-280-N.jpg
AD6-580-Z,AGS,Peugeot 5008,Azul Marino,Activo,Veronica Diaz Acosta,2023-08-28 04:22:56,AD6-580-Z.jpg
AEE-461-W,AGS,Toyota Yaris,Azul,Robado,Carlos Maldonado Quintero,2019-02-04 13:12:30,AEE-461-W.jpg
ACV-704-B,AGS,Volkswagen Jetta,Vino,Remarcaje,Mauricio Serrano Quiroz,2025-08-11 21:27:46,ACV-704-B.jpg
AAZ-024-Z,AGS,Honda HR-V,Naranja,Activo,Adriana Mora Palacios,2021-05-18 16:16:30,AAZ-024-Z.jpg
AF3-333-S,AGS,Ford Ranger,Morado,En Proceso Legal,Juan Villegas Quiroz,2023-09-30 01:53:16,AF3-333-S.jpg
AAK-714-Z,AGS,Audi Q5,Beige,Robado,Antonio Orozco Rosales,2022-09-08 05:35:59,AAK-714-Z.jpg
AE6-186-L,AGS,Chevrolet Aveo,Negro,Irregular,Ignacio Diaz Carrillo,2019-06-17 03:26:04,AE6-186-L.jpg
AE8-704-J,AGS,Ford Focus,Rojo Oscuro,Activo,Rocio Castillo Reyes,2019-11-05 09:55:31,AE8-704-J.jpg
ABT-570-E,AGS,Jeep Compass,Gris Oscuro,Baja Definitiva,Ricardo Zamora Escobar,2021-08-29 06:22:45,ABT-570-E.jpg
AB0-743-F,AGS,Nissan March,Plateado,Robado,Andres Montes Navarro,2024-12-12 01:57:51,AB0-743-F.jpg
AB5-415-P,AGS,Audi A3,Verde Oscuro,Homologacion,Pedro Soto Martinez,2019-07-09 09:55:25,AB5-415-P.jpg
AAY-116-G,AGS,Kia Sportage,Naranja,Remarcaje,Marina Pacheco Juarez,2023-06-24 20:36:35,AAY-116-G.jpg
ADF-604-M,AGS,Nissan March,Vino,Remarcaje,Juan Alvarez Suarez,2017-02-17 07:12:06,ADF-604-M.jpg
ABV-239-R,AGS,BMW 5 Series,Morado,Activo,Miguel Reyes Contreras,2018-03-12 19:42:28,ABV-239-R.jpg
ABR-707-V,AGS,Fiat 500,Plateado,Homologacion,Sergio Vargas Figueroa,2023-09-21 06:55:01,ABR-707-V.jpg
AEW-429-B,AGS,Mercedes-Benz GLC,Beige,Cancelado,Angela Estrada Ruiz,2018-01-02 20:06:16,AEW-429-B.jpg
AAA-607-R,AGS,Chevrolet Beat,Naranja,Activo,Francisco Garcia Quiroz,2020-08-15 18:03:05,AAA-607-R.jpg
AF0-040-U,AGS,Peugeot 208,Gris,Activo,Andres Montoya Pacheco,2020-06-27 23:26:26,AF0-040-U.jpg
ADE-508-H,AGS,Renault Kwid,Naranja,Recuperado,Pedro Montoya Fernandez,2026-04-23 14:59:20,ADE-508-H.jpg
ABK-886-L,AGS,Peugeot 208,Verde Oscuro,Activo,Alejandra Arroyo Delgado,2019-12-08 12:42:32,ABK-886-L.jpg
AAN-811-R,AGS,Fiat Cronos,Naranja,Recuperado,Elizabeth Izquierdo Rios,2022-03-10 04:58:00,AAN-811-R.jpg
ABF-256-Z,AGS,Mazda 2,Gris,Robado,Hector Rodriguez Gonzalez,2025-06-27 09:10:39,ABF-256-Z.jpg
AAR-624-M,AGS,Toyota Prius,Verde Oscuro,Baja Temporal,Claudia Garcia Medina,2021-01-21 01:55:38,AAR-624-M.jpg
AAM-916-G,AGS,Chevrolet Spark,Amarillo,En Proceso Legal,Ruben Ramos Carrillo,2017-09-10 23:56:56,AAM-916-G.jpg
AER-066-N,AGS,Nissan March,Vino,Importacion Temporal,Andres Correa Estrada,2019-09-07 21:57:09,AER-066-N.jpg
AFB-697-H,AGS,Mazda CX-5,Rojo,Activo,Salvador Gonzalez Estrada,2026-03-02 11:16:57,AFB-697-H.jpg
ADL-946-S,AGS,Jeep Grand Cherokee,Gris Oscuro,Irregular,Estela Sanchez Urbina,2020-06-16 10:28:44,ADL-946-S.jpg
ABC-590-R,AGS,Toyota Prius,Dorado,Activo,Fernando Carrillo Izquierdo,2026-01-29 00:17:51,ABC-590-R.jpg
AFD-752-U,AGS,Jeep Compass,Negro,Cancelado,Regina Guerrero Camacho,2020-04-24 00:08:41,AFD-752-U.jpg
ABG-677-N,AGS,Hyundai Santa Fe,Rojo Oscuro,Irregular,Daniel Campos Quiroz,2024-12-13 17:31:28,ABG-677-N.jpg
AFJ-506-N,AGS,Jeep Wrangler,Azul,Baja Definitiva,Valeria Ruiz Leal,2017-02-16 10:08:01,AFJ-506-N.jpg
AEN-220-G,AGS,Hyundai Tucson,Naranja,Importacion Definitiva,Paola Aguilar Montoya,2017-09-14 09:53:42,AEN-220-G.jpg
ACN-027-B,AGS,Nissan NP300,Blanco Perlado,Baja Definitiva,Norma Vargas Portillo,2022-06-17 02:07:37,ACN-027-B.jpg
AAL-036-K,AGS,Audi Q5,Rojo Oscuro,Homologacion,Paola Escobar Serrano,2023-05-07 01:47:36,AAL-036-K.jpg
AE8-686-U,AGS,Jeep Wrangler,Verde Oscuro,En Proceso Legal,Jorge Pacheco Montoya,2018-01-19 15:31:27,AE8-686-U.jpg
AF4-166-T,AGS,Audi Q3,Gris Oscuro,Recuperado,Marisol Palacios Salazar,2022-11-27 02:25:01,AF4-166-T.jpg
ABJ-594-Z,AGS,Audi Q5,Rojo,Importacion Definitiva,Armando Carrillo Gutierrez,2026-02-02 10:11:49,ABJ-594-Z.jpg
ACK-373-K,AGS,Fiat Argo,Rojo Oscuro,Baja Temporal,Sandra Correa Gallegos,2024-02-18 17:14:16,ACK-373-K.jpg
ACT-644-K,AGS,Hyundai Tucson,Cafe,Cancelado,Alejandro Cervantes Peña,2023-12-27 10:22:37,ACT-644-K.jpg
AFD-711-B,AGS,Mazda CX-5,Negro,Activo,Ricardo Huerta Villanueva,2021-11-28 08:22:11,AFD-711-B.jpg
ADY-989-H,AGS,Ford Focus,Naranja,Activo,Ana Valencia Vazquez,2018-11-07 05:21:29,ADY-989-H.jpg
AAE-056-G,AGS,Fiat 500,Dorado,Importacion Temporal,Yolanda Portillo Vargas,2021-12-02 04:38:02,AAE-056-G.jpg
AEF-082-Z,AGS,Fiat 500,Beige,Robado,Teresa Delgado Campos,2023-01-15 08:12:23,AEF-082-Z.jpg
AB4-725-B,AGS,Mercedes-Benz A-Class,Verde Oscuro,Activo,Rocio Silva Valdez,2026-04-10 05:50:30,AB4-725-B.jpg
AD8-902-A,AGS,Fiat 500,Verde,Robado,Sergio Peña Bravo,2022-09-05 16:27:13,AD8-902-A.jpg
ACK-583-E,AGS,Jeep Grand Cherokee,Negro,Homologacion,Marisol Moya Alvarez,2018-02-20 18:44:47,ACK-583-E.jpg
AFM-053-B,AGS,Peugeot 208,Azul,Robado,Felipe Mejia Soto,2017-03-25 16:20:58,AFM-053-B.jpg
ABS-243-J,AGS,Audi A3,Verde Oscuro,Irregular,German Luna Beltran,2018-12-02 02:43:02,ABS-243-J.jpg
ABH-708-L,AGS,Renault Duster,Blanco Perlado,Baja Temporal,Angela Hernandez Navarro,2020-08-17 10:44:18,ABH-708-L.jpg
ADS-544-H,AGS,Kia Forte,Amarillo,Cancelado,Ruben Montes Serrano,2021-02-09 06:22:24,ADS-544-H.jpg
ABH-296-W,AGS,Volkswagen Vento,Blanco Perlado,Baja Definitiva,Ernesto Ruiz Morales,2018-05-06 11:30:47,ABH-296-W.jpg
AF4-564-D,AGS,Renault Duster,Plateado,Activo,Elizabeth Tovar Escobar,2017-10-17 13:43:33,AF4-564-D.jpg
AF1-903-F,AGS,Renault Duster,Vino,Homologacion,Ruben Soto Villalobos,2018-05-27 05:51:32,AF1-903-F.jpg
AD2-550-L,AGS,Fiat Toro,Rojo,Importacion Temporal,Noe De La Cruz Garcia,2025-11-23 08:25:50,AD2-550-L.jpg
ACH-426-P,AGS,Audi Q5,Plateado,Irregular,Sofia Ramos Sanchez,2026-05-21 01:32:09,ACH-426-P.jpg
AE2-779-H,AGS,Nissan Sentra,Negro,Importacion Definitiva,Felipe Pacheco Martinez,2020-09-04 11:19:44,AE2-779-H.jpg
ADA-849-M,AGS,Chevrolet Cruze,Plateado,Importacion Definitiva,Claudia Martinez Montes,2022-08-05 15:42:33,ADA-849-M.jpg
AF5-846-M,AGS,Honda Accord,Beige,Robado,Benjamin Leal Mendoza,2024-03-08 17:59:33,AF5-846-M.jpg
AAZ-772-H,AGS,Peugeot 208,Cafe,Activo,Marisol Estrada Carrillo,2025-12-24 02:03:39,AAZ-772-H.jpg
AET-680-L,AGS,Peugeot 308,Morado,Activo,Gabriela Montes Mora,2022-10-30 00:55:53,AET-680-L.jpg
AFW-964-K,AGS,Toyota Yaris,Cafe,Activo,Norma Sanchez Valdez,2021-12-21 03:29:14,AFW-964-K.jpg
ACZ-809-J,AGS,Honda Civic,Amarillo,Homologacion,Martha Valdez Trejo,2017-09-12 05:20:01,ACZ-809-J.jpg
AD6-646-A,AGS,Chevrolet Aveo,Blanco Perlado,Importacion Temporal,Salvador Gutierrez Nieto,2024-09-15 21:39:31,AD6-646-A.jpg
ACJ-085-T,AGS,BMW 3 Series,Blanco,Homologacion,David Fernandez Ramos,2023-01-06 04:16:45,ACJ-085-T.jpg
AES-047-Y,AGS,Kia Forte,Morado,En Proceso Legal,Salvador Diaz Torres,2023-11-14 18:45:33,AES-047-Y.jpg
AF1-899-F,AGS,BMW X5,Gris,Baja Definitiva,Mateo Aguilar Bravo,2026-03-07 09:19:50,AF1-899-F.jpg
AFT-903-Y,AGS,Toyota Hilux,Blanco Perlado,Activo,Renata Esquivel Beltran,2021-10-20 15:17:35,AFT-903-Y.jpg
ADD-056-L,AGS,Renault Logan,Blanco,Baja Definitiva,Francisco Valencia Barajas,2019-01-21 03:37:24,ADD-056-L.jpg
ADJ-844-F,AGS,Jeep Compass,Rojo,Importacion Definitiva,Fabiola Romero Sanchez,2018-10-23 13:12:33,ADJ-844-F.jpg
AEH-098-X,AGS,Ford Focus,Verde,Robado,Marisol Castro Mejia,2019-01-29 04:01:11,AEH-098-X.jpg
AFT-424-J,AGS,Honda HR-V,Verde,En Proceso Legal,Marcos Villalobos Perez,2022-05-16 19:51:58,AFT-424-J.jpg
AC9-811-U,AGS,Ford Ranger,Rojo Oscuro,Importacion Definitiva,Marina Sandoval Orozco,2024-09-28 03:17:26,AC9-811-U.jpg
ABH-461-P,AGS,BMW X3,Azul,En Proceso Legal,Diego Lopez Cervantes,2020-07-22 11:16:43,ABH-461-P.jpg
AD9-558-G,AGS,Toyota Yaris,Plateado,Importacion Temporal,Salvador Contreras Silva,2021-09-10 05:41:43,AD9-558-G.jpg
AD0-263-A,AGS,Chevrolet Spark,Amarillo,Irregular,Marco Olvera Mendoza,2025-07-13 03:07:50,AD0-263-A.jpg
ACA-101-E,AGS,Mazda MX-5,Dorado,En Proceso Legal,David Diaz Arellano,2024-05-28 00:04:55,ACA-101-E.jpg
ADH-438-B,AGS,Mercedes-Benz A-Class,Rojo Oscuro,Reposicion,Rosa Chavez Sepulveda,2022-05-13 22:35:03,ADH-438-B.jpg
ADN-706-H,AGS,Volkswagen Vento,Verde Oscuro,Activo,Elias Peña Salazar,2025-04-22 22:44:22,ADN-706-H.jpg
AER-365-M,AGS,Toyota Corolla,Azul,Baja Definitiva,Ana Villegas Castro,2024-06-06 22:28:46,AER-365-M.jpg
AAX-168-C,AGS,Audi Q3,Dorado,Baja Definitiva,Benjamin Tovar Sandoval,2017-10-01 07:49:24,AAX-168-C.jpg
ADM-668-Z,AGS,Honda CR-V,Azul Marino,Cancelado,Claudia Rodriguez Villanueva,2020-04-18 19:31:59,ADM-668-Z.jpg
AF7-651-D,AGS,Audi A4,Beige,Cancelado,Rebeca Tovar Maldonado,2022-06-05 10:28:07,AF7-651-D.jpg
AAG-755-C,AGS,Fiat Cronos,Gris,Irregular,Fernando Izquierdo Villalobos,2019-08-19 09:51:57,AAG-755-C.jpg
AAD-344-N,AGS,Peugeot 3008,Verde,Recuperado,Ricardo Cruz Quiroz,2018-08-21 20:24:02,AAD-344-N.jpg
CEY-673-R,BC,Toyota Corolla,Amarillo,Reposicion,Sergio Esquivel Lopez,2024-10-08 02:58:11,CEY-673-R.jpg
B0M-443-R,BC,Kia Rio,Plateado,Baja Definitiva,Beatriz Martinez Quiroz,2025-09-10 02:53:13,B0M-443-R.jpg
C9K-160-E,BC,Jeep Renegade,Beige,Homologacion,Andres Cervantes Plascencia,2017-05-26 20:31:01,C9K-160-E.jpg
AJ6-665-P,BC,Renault Duster,Morado,Activo,Sergio Cordero Contreras,2017-05-30 21:54:40,AJ6-665-P.jpg
B1F-856-F,BC,Volkswagen Vento,Plateado,Recuperado,Ruben Sanchez Zamora,2025-09-03 22:53:14,B1F-856-F.jpg
C9K-883-W,BC,Mazda 2,Verde Oscuro,Baja Definitiva,Patricia Suarez Jimenez,2022-09-15 11:52:06,C9K-883-W.jpg
BBY-677-K,BC,Mercedes-Benz C-Class,Morado,En Proceso Legal,Cecilia Salazar Esquivel,2022-11-20 15:54:47,BBY-677-K.jpg
B2A-670-P,BC,Toyota Corolla,Blanco,En Proceso Legal,Patricia Villanueva Sepulveda,2022-07-29 10:17:38,B2A-670-P.jpg
AHA-855-D,BC,BMW X5,Plateado,Activo,Andres Solano Castro,2025-05-21 23:04:56,AHA-855-D.jpg
BE2-787-L,BC,Peugeot 308,Morado,Cancelado,Daniela Valdez Suarez,2020-03-05 20:28:54,BE2-787-L.jpg
AM1-689-W,BC,Kia Rio,Rojo Oscuro,Activo,Martha Solano Rios,2023-04-08 16:34:41,AM1-689-W.jpg
BC1-855-B,BC,Peugeot 208,Gris,Importacion Temporal,Javier Castillo Martinez,2023-05-31 13:47:58,BC1-855-B.jpg
BVS-390-Z,BC,Jeep Grand Cherokee,Verde,Baja Definitiva,Javier Maldonado Hernandez,2019-02-22 13:31:40,BVS-390-Z.jpg
AWP-890-Z,BC,BMW X3,Beige,Baja Definitiva,Oscar Arellano Fernandez,2017-07-31 18:36:45,AWP-890-Z.jpg
BH5-764-W,BC,Mercedes-Benz A-Class,Morado,En Proceso Legal,Alejandro Mendoza Carrillo,2020-03-07 04:15:06,BH5-764-W.jpg
BG2-529-S,BC,BMW X3,Morado,Importacion Definitiva,Laura Navarro Castro,2018-07-10 04:26:55,BG2-529-S.jpg
CV2-681-M,BC,Toyota Prius,Rojo,Homologacion,Javier Quintero Serrano,2020-06-06 17:04:58,CV2-681-M.jpg
AWA-941-X,BC,Ford Ranger,Blanco,Homologacion,Cecilia Lopez Martinez,2017-11-16 23:26:58,AWA-941-X.jpg
AND-896-P,BC,Jeep Renegade,Rojo Oscuro,Baja Definitiva,Yolanda Castillo Garcia,2021-11-19 23:07:41,AND-896-P.jpg
CSR-913-X,BC,Toyota Corolla,Naranja,Importacion Temporal,Carlos Ruiz Guerrero,2023-04-26 01:36:03,CSR-913-X.jpg
AMS-974-U,BC,Kia Rio,Rojo,Activo,Lucia Estrada Maldonado,2019-09-21 17:41:29,AMS-974-U.jpg
B7D-677-K,BC,Volkswagen Amarok,Naranja,Baja Definitiva,Cecilia Rios Villegas,2018-10-23 01:05:20,B7D-677-K.jpg
CGC-254-J,BC,Mercedes-Benz C-Class,Blanco,Baja Temporal,Angela Valencia Orozco,2023-04-09 01:54:22,CGC-254-J.jpg
CL1-680-T,BC,Toyota Hilux,Azul Marino,Importacion Temporal,Oscar Montoya Urbina,2018-04-16 07:12:49,CL1-680-T.jpg
B3N-565-P,BC,Ford Fiesta,Cafe,Baja Definitiva,Noe Sepulveda Ramos,2025-09-18 14:02:32,B3N-565-P.jpg
B0Z-863-G,BC,Audi A4,Gris,Activo,Isabel Montes Ortega,2017-06-01 04:18:43,B0Z-863-G.jpg
B2U-315-Z,BC,Peugeot 308,Cafe,Importacion Definitiva,Jorge Gutierrez Herrera,2017-02-16 03:01:51,B2U-315-Z.jpg
AJG-640-X,BC,Nissan NP300,Amarillo,Baja Temporal,Alicia Luna Mora,2021-09-19 23:06:36,AJG-640-X.jpg
CLN-573-V,BC,Volkswagen Golf,Negro,Activo,Fernando Zarate Ruiz,2025-09-18 09:54:57,CLN-573-V.jpg
BUS-835-X,BC,Kia Sorento,Verde,Baja Temporal,Alejandra Villegas Beltran,2022-10-21 18:03:26,BUS-835-X.jpg
ANC-157-T,BC,Honda Civic,Blanco Perlado,Robado,Andres Ramirez Garcia,2024-01-07 03:27:48,ANC-157-T.jpg
BHM-670-X,BC,Mercedes-Benz C-Class,Verde,Reposicion,Adriana Estrada Medina,2020-08-07 16:23:30,BHM-670-X.jpg
C9D-086-X,BC,Fiat Argo,Beige,Importacion Definitiva,Beatriz Tovar Morales,2022-06-07 07:24:50,C9D-086-X.jpg
C20-337-U,BC,Nissan Sentra,Dorado,Irregular,Fernando Serrano Sanchez,2017-07-22 23:56:06,C20-337-U.jpg
BP3-307-P,BC,Renault Sandero,Gris,Irregular,Beatriz Urbina Ramos,2020-01-01 01:36:12,BP3-307-P.jpg
BM7-833-L,BC,Ford Fiesta,Amarillo,Remarcaje,Noe Cervantes Romero,2022-01-26 12:36:39,BM7-833-L.jpg
BSV-369-P,BC,Nissan Sentra,Azul Marino,Activo,Marisol Portillo Mora,2024-06-10 09:11:23,BSV-369-P.jpg
CAZ-758-K,BC,Kia Sportage,Gris Oscuro,Activo,Teresa Flores Solano,2019-09-18 09:18:57,CAZ-758-K.jpg
CPZ-611-F,BC,Audi Q5,Gris Oscuro,Importacion Temporal,Elias Flores Correa,2023-12-27 19:14:55,CPZ-611-F.jpg
C4C-780-K,BC,Nissan NP300,Verde,Robado,Marisol Correa Contreras,2018-09-03 21:21:02,C4C-780-K.jpg
BVZ-469-S,BC,Mercedes-Benz GLC,Beige,Recuperado,Felipe Alvarez Herrera,2023-10-25 15:26:58,BVZ-469-S.jpg
ATA-451-H,BC,Fiat Cronos,Vino,Cancelado,Angela Gonzalez Gonzalez,2018-02-26 02:29:09,ATA-451-H.jpg
C0J-832-H,BC,Honda Accord,Verde Oscuro,Activo,Daniel Cordero Perez,2020-04-27 00:36:18,C0J-832-H.jpg
BW7-080-Z,BC,Kia Sorento,Blanco,Importacion Temporal,Estela Avila Guerrero,2023-03-07 15:48:45,BW7-080-Z.jpg
B8Z-261-F,BC,Audi Q5,Azul Marino,En Proceso Legal,Silvia Espinoza Pacheco,2017-05-21 13:33:43,B8Z-261-F.jpg
C8N-377-N,BC,Peugeot 308,Rojo,En Proceso Legal,Elsa Sepulveda Sandoval,2020-04-30 09:40:19,C8N-377-N.jpg
CMG-697-Y,BC,Renault Logan,Naranja,En Proceso Legal,Guillermo Moya Izquierdo,2022-06-01 07:35:48,CMG-697-Y.jpg
ALS-778-V,BC,Fiat Cronos,Dorado,Robado,Ruben Estrada Barajas,2022-08-03 07:09:00,ALS-778-V.jpg
B9K-985-R,BC,Kia Sportage,Morado,Remarcaje,Angela Quiroz Guerrero,2022-01-09 00:50:42,B9K-985-R.jpg
AUR-738-F,BC,Hyundai Elantra,Azul Marino,Homologacion,Sofia Avila Urbina,2024-10-14 20:20:23,AUR-738-F.jpg
CYJ-837-P,BC,Kia Rio,Azul Marino,Cancelado,Angela Maldonado Navarro,2023-07-02 15:30:46,CYJ-837-P.jpg
BAX-548-P,BC,Nissan Versa,Beige,Recuperado,Juan Solano Ortega,2019-09-19 16:22:32,BAX-548-P.jpg
AUL-161-L,BC,Renault Kwid,Dorado,Robado,Roberto Quintero Carrillo,2022-11-26 22:00:01,AUL-161-L.jpg
C70-711-P,BC,Mazda CX-5,Plateado,Reposicion,Susana Del Valle Sepulveda,2021-02-09 23:48:42,C70-711-P.jpg
CGV-526-F,BC,Kia Rio,Verde Oscuro,En Proceso Legal,Jose Arellano Navarro,2018-01-25 12:10:46,CGV-526-F.jpg
C61-267-Z,BC,Fiat Toro,Blanco Perlado,Activo,Noe Camacho Cervantes,2022-12-11 16:17:27,C61-267-Z.jpg
B29-168-R,BC,Honda HR-V,Azul,Importacion Temporal,Andres Silva Portillo,2024-09-21 12:24:43,B29-168-R.jpg
CTA-728-H,BC,Kia Sportage,Morado,Robado,Mauricio Olvera Medina,2024-06-15 01:49:48,CTA-728-H.jpg
CFF-339-N,BC,Kia Forte,Rojo Oscuro,Robado,Cristian Sandoval Valencia,2021-05-14 18:35:58,CFF-339-N.jpg
CU1-616-W,BC,BMW X3,Gris,Cancelado,Martha Mora Carrillo,2023-01-15 09:41:57,CU1-616-W.jpg
APK-350-P,BC,Hyundai Tucson,Morado,Homologacion,Silvia Gonzalez Sanchez,2019-01-06 17:42:09,APK-350-P.jpg
ASV-805-G,BC,Ford Fiesta,Plateado,Activo,Sofia Carrillo Fernandez,2017-03-07 07:48:27,ASV-805-G.jpg
AYR-656-G,BC,Kia Rio,Azul,Importacion Definitiva,Miguel Villanueva De La Cruz,2017-10-15 07:38:40,AYR-656-G.jpg
BG3-120-B,BC,Hyundai Elantra,Azul,Activo,Sebastian Cervantes Correa,2019-01-28 04:24:08,BG3-120-B.jpg
C56-104-Y,BC,Nissan Versa,Morado,Remarcaje,Guadalupe Bravo Quintero,2022-11-27 00:33:07,C56-104-Y.jpg
AJU-988-A,BC,Ford Fiesta,Verde,Activo,Alejandra Quiroz Ramos,2020-06-15 07:30:22,AJU-988-A.jpg
C07-020-P,BC,Nissan NP300,Verde Oscuro,Activo,Oscar Rivera Quiroz,2023-10-15 05:24:44,C07-020-P.jpg
B8L-829-H,BC,Toyota Yaris,Rojo,Irregular,Lorena Solano Suarez,2025-01-05 09:42:41,B8L-829-H.jpg
BKL-287-R,BC,Ford Fusion,Gris Oscuro,Activo,Hector Tovar Estrada,2017-07-10 11:16:58,BKL-287-R.jpg
BRD-802-N,BC,Mercedes-Benz GLA,Amarillo,Baja Definitiva,Francisco Esquivel Maldonado,2023-05-05 13:32:41,BRD-802-N.jpg
AYE-228-W,BC,Peugeot 208,Plateado,Remarcaje,Julieta Rosales Flores,2021-11-23 11:18:59,AYE-228-W.jpg
B70-136-A,BC,Chevrolet Spark,Gris Oscuro,Importacion Temporal,Ricardo Martinez Espinoza,2018-05-31 08:45:19,B70-136-A.jpg
CBG-538-H,BC,Jeep Compass,Rojo Oscuro,Activo,Marco Cabrera Leal,2024-04-06 14:41:54,CBG-538-H.jpg
BWA-915-T,BC,Volkswagen Jetta,Naranja,Cancelado,Valeria Salazar Rivera,2020-04-15 21:08:23,BWA-915-T.jpg
BZC-815-L,BC,BMW X5,Naranja,Cancelado,Javier Reyes Ramos,2024-07-24 01:20:50,BZC-815-L.jpg
AYT-494-E,BC,Mercedes-Benz GLC,Vino,En Proceso Legal,Sergio Salazar Castillo,2024-08-30 02:27:03,AYT-494-E.jpg
CKX-432-S,BC,BMW 5 Series,Morado,Remarcaje,Yolanda Diaz Izquierdo,2021-06-12 01:08:19,CKX-432-S.jpg
BZ7-287-B,BC,Mazda 3,Verde Oscuro,Activo,Paola Cabrera Silva,2023-03-20 15:09:09,BZ7-287-B.jpg
BN2-191-J,BC,Nissan NP300,Amarillo,Importacion Definitiva,Sofia Solano Fernandez,2023-03-25 21:54:39,BN2-191-J.jpg
BG1-398-R,BC,Fiat Cronos,Gris,Robado,Ernesto Juarez Salazar,2023-06-29 02:08:56,BG1-398-R.jpg
CE5-663-D,BC,BMW X3,Gris Oscuro,Homologacion,Lorena Castro Romero,2024-08-24 03:33:23,CE5-663-D.jpg
C9Z-499-E,BC,Mercedes-Benz C-Class,Blanco,Activo,Luis Fernandez Sepulveda,2020-12-09 14:12:24,C9Z-499-E.jpg
AV3-168-Y,BC,Hyundai Santa Fe,Azul,En Proceso Legal,Maria Torres Tapia,2018-07-27 23:09:20,AV3-168-Y.jpg
BAU-835-W,BC,Mercedes-Benz C-Class,Verde Oscuro,Activo,Marcos Huerta Diaz,2026-02-15 05:20:21,BAU-835-W.jpg
AH2-756-T,BC,BMW X3,Verde Oscuro,Activo,Carlos Cervantes Portillo,2025-12-29 22:38:07,AH2-756-T.jpg
BPK-988-Y,BC,Mazda 3,Verde Oscuro,Activo,Carmen Gallegos Nieto,2022-05-06 00:18:35,BPK-988-Y.jpg
C1P-301-P,BC,Audi A3,Morado,Cancelado,Norma Quiroz Cordero,2019-09-12 04:02:58,C1P-301-P.jpg
BEY-588-W,BC,Fiat Argo,Azul,Importacion Definitiva,Antonio Maldonado Esquivel,2018-09-04 19:44:37,BEY-588-W.jpg
CUU-417-C,BC,Kia Sorento,Azul Marino,Activo,Alejandra Dominguez Medina,2026-04-03 12:01:28,CUU-417-C.jpg
BFT-091-E,BC,Volkswagen Vento,Morado,Activo,Gabriela De La Cruz Guerrero,2024-11-29 04:04:15,BFT-091-E.jpg
BNZ-984-J,BC,Ford Fusion,Amarillo,Cancelado,Manuel Guerrero Delgado,2019-11-04 14:15:58,BNZ-984-J.jpg
AHX-413-C,BC,Volkswagen Amarok,Gris Oscuro,En Proceso Legal,Cecilia Ramos Rodriguez,2024-12-11 20:20:03,AHX-413-C.jpg
C0C-338-P,BC,Mercedes-Benz C-Class,Verde Oscuro,Robado,Rebeca Izquierdo Reyes,2020-11-22 05:20:35,C0C-338-P.jpg
AHK-511-C,BC,Hyundai Santa Fe,Gris,Activo,Marcos Cordero Fuentes,2022-06-03 16:21:10,AHK-511-C.jpg
B7Y-074-A,BC,Hyundai Elantra,Verde,Irregular,Victor Estrada Castro,2020-07-06 17:13:21,B7Y-074-A.jpg
BCN-657-H,BC,Toyota Yaris,Dorado,Baja Definitiva,Marcos Reyes Velazquez,2020-07-08 16:02:25,BCN-657-H.jpg
AMS-888-Z,BC,Kia Sorento,Morado,En Proceso Legal,Adriana Rios Tovar,2022-09-06 10:45:28,AMS-888-Z.jpg
AW2-527-W,BC,Chevrolet Cruze,Cafe,Activo,Guillermo Estrada Nieto,2023-06-23 14:20:20,AW2-527-W.jpg
CGR-549-C,BC,Audi Q3,Verde Oscuro,Activo,Alberto Olvera Escobar,2018-03-13 23:20:03,CGR-549-C.jpg
ALB-906-R,BC,Volkswagen Jetta,Naranja,Cancelado,Ricardo Mejia Morales,2018-05-20 13:13:20,ALB-906-R.jpg
CNS-324-T,BC,Chevrolet Beat,Gris Oscuro,Robado,Jesus Herrera Gallegos,2026-05-05 21:53:56,CNS-324-T.jpg
BF0-731-M,BC,Audi Q5,Beige,Activo,Eduardo Herrera Rosales,2022-09-03 21:18:40,BF0-731-M.jpg
AVP-876-G,BC,Hyundai Santa Fe,Blanco Perlado,Cancelado,Roberto Fernandez Gonzalez,2025-07-23 02:38:48,AVP-876-G.jpg
C2L-399-Y,BC,Peugeot 5008,Vino,Baja Definitiva,Elsa Cruz Correa,2020-06-22 02:35:00,C2L-399-Y.jpg
CU9-757-E,BC,Ford Focus,Gris,En Proceso Legal,Francisco Reyes Navarro,2019-12-25 19:37:30,CU9-757-E.jpg
C5A-062-G,BC,Chevrolet Beat,Azul Marino,Robado,Javier Navarro Vazquez,2018-01-15 01:41:20,C5A-062-G.jpg
C24-663-R,BC,Honda HR-V,Blanco Perlado,Robado,Miguel Pineda Suarez,2025-05-26 02:35:14,C24-663-R.jpg
AUU-701-T,BC,Hyundai Tucson,Plateado,Importacion Definitiva,Luis Beltran Rodriguez,2022-08-31 16:07:23,AUU-701-T.jpg
CVS-112-E,BC,Hyundai Elantra,Rojo,Activo,Marcos Medina Cordero,2019-04-28 04:12:03,CVS-112-E.jpg
BM9-988-U,BC,Toyota Prius,Gris Oscuro,Cancelado,Andres Suarez Jimenez,2019-04-08 03:41:18,BM9-988-U.jpg
CV6-679-W,BC,Jeep Renegade,Rojo Oscuro,En Proceso Legal,Cecilia Carrillo Campos,2022-04-11 18:17:42,CV6-679-W.jpg
AU2-500-U,BC,Kia Sportage,Plateado,Homologacion,Renata Vazquez De La Cruz,2025-10-02 01:18:48,AU2-500-U.jpg
BKG-632-M,BC,Honda Accord,Verde,Activo,Ana Torres Leal,2021-01-25 06:56:37,BKG-632-M.jpg
CT7-511-D,BC,Jeep Grand Cherokee,Verde Oscuro,Importacion Temporal,Camila Peña Serrano,2018-07-29 03:40:15,CT7-511-D.jpg
ASH-419-Y,BC,Mercedes-Benz C-Class,Rojo,Activo,Elsa Carrillo Rios,2023-07-11 21:58:21,ASH-419-Y.jpg
C6H-235-X,BC,Honda Civic,Gris Oscuro,Irregular,Antonio Romero Juarez,2024-01-29 00:43:30,C6H-235-X.jpg
AH8-887-H,BC,Renault Sandero,Dorado,Robado,Francisco Palacios Tovar,2023-02-17 15:06:44,AH8-887-H.jpg
CRM-630-X,BC,Honda CR-V,Morado,Activo,Andres Sepulveda Correa,2025-12-01 09:42:14,CRM-630-X.jpg
CAF-405-N,BC,Toyota Hilux,Cafe,Activo,Maria Mejia Camacho,2023-02-25 08:15:40,CAF-405-N.jpg
AJ3-015-F,BC,Mazda 2,Gris,Importacion Definitiva,Elizabeth Leal Barajas,2022-05-25 13:27:23,AJ3-015-F.jpg
C3D-675-T,BC,Hyundai Elantra,Verde,Baja Temporal,Gabriela Perez Herrera,2023-09-15 21:19:41,C3D-675-T.jpg
BSH-009-C,BC,Volkswagen Golf,Negro,Cancelado,Raul Medina Fernandez,2017-07-13 18:07:44,BSH-009-C.jpg
CR0-731-W,BC,Ford Ranger,Blanco,Irregular,Lucia Mora Maldonado,2019-12-05 19:44:44,CR0-731-W.jpg
BTM-734-G,BC,Peugeot 5008,Gris,Reposicion,Teresa Salazar Plascencia,2019-05-26 20:06:36,BTM-734-G.jpg
CYH-519-X,BC,Mazda 3,Negro,Cancelado,Sebastian Zamora Sandoval,2023-10-31 02:49:31,CYH-519-X.jpg
C57-718-E,BC,Hyundai Elantra,Rojo Oscuro,Activo,Eduardo Vazquez Ramirez,2024-12-16 17:05:45,C57-718-E.jpg
BJ3-477-V,BC,Volkswagen Amarok,Vino,Activo,Elsa Torres Montes,2020-10-14 04:51:05,BJ3-477-V.jpg
CG2-988-K,BC,Toyota Corolla,Beige,Baja Definitiva,Silvia Valdez Alvarez,2025-11-01 13:58:30,CG2-988-K.jpg
BM2-039-D,BC,Mercedes-Benz C-Class,Cafe,Activo,Liliana Guerrero Camacho,2023-12-17 00:42:33,BM2-039-D.jpg
ANB-179-K,BC,Mazda 2,Cafe,Baja Temporal,Oscar Medina Maldonado,2019-04-04 21:31:36,ANB-179-K.jpg
BA9-978-J,BC,Renault Sandero,Negro,Robado,Sandra Quiroz Suarez,2021-10-16 02:42:31,BA9-978-J.jpg
CKD-782-Z,BC,Toyota Yaris,Azul,Activo,Eduardo Acosta Martinez,2017-01-21 05:37:13,CKD-782-Z.jpg
CLZ-683-Z,BC,Kia Sorento,Cafe,Homologacion,Ricardo Gutierrez Medina,2025-04-05 09:49:31,CLZ-683-Z.jpg
CPV-067-W,BC,Toyota Hilux,Beige,Recuperado,Marcos Tovar Morales,2018-10-24 20:52:59,CPV-067-W.jpg
AY2-185-D,BC,Ford Fiesta,Azul,Cancelado,Daniela Izquierdo Delgado,2017-09-11 07:56:21,AY2-185-D.jpg
BWW-205-T,BC,Chevrolet Beat,Verde Oscuro,Activo,Luis Mora Correa,2026-03-03 19:12:41,BWW-205-T.jpg
B45-072-L,BC,Chevrolet Beat,Blanco,Baja Definitiva,Alejandra Villanueva Gallegos,2021-05-16 03:33:51,B45-072-L.jpg
AKE-483-Y,BC,Honda HR-V,Amarillo,Activo,Noe Barajas Quintero,2021-11-29 22:11:27,AKE-483-Y.jpg
C5M-715-H,BC,Nissan Sentra,Azul,Activo,Beatriz Gonzalez Cabrera,2025-10-16 04:11:45,C5M-715-H.jpg
APM-697-D,BC,Ford Focus,Plateado,Activo,Roberto Suarez Olvera,2019-03-27 20:27:54,APM-697-D.jpg
CMX-147-E,BC,Volkswagen Golf,Gris Oscuro,Activo,Lorena Perez Romero,2025-11-15 11:51:34,CMX-147-E.jpg
CE2-963-Y,BC,Fiat Toro,Rojo Oscuro,Activo,Jose Cordero Montes,2020-10-20 02:15:51,CE2-963-Y.jpg
BZX-963-D,BC,Hyundai Santa Fe,Negro,Activo,Alejandra Camacho Salazar,2025-03-31 20:10:51,BZX-963-D.jpg
BRK-725-X,BC,Volkswagen Vento,Dorado,Importacion Definitiva,Ruben Gutierrez Cordero,2021-10-12 12:33:39,BRK-725-X.jpg
CH9-537-U,BC,Mazda CX-5,Rojo,En Proceso Legal,Silvia Leal Guerrero,2018-12-24 13:14:30,CH9-537-U.jpg
BVN-545-K,BC,Toyota Yaris,Dorado,Irregular,Guillermo Figueroa Portillo,2020-07-29 05:55:30,BVN-545-K.jpg
BKJ-530-M,BC,Peugeot 208,Gris,Activo,Silvia Cordero Escobar,2021-12-22 16:43:26,BKJ-530-M.jpg
CVX-822-B,BC,Toyota Prius,Dorado,Importacion Temporal,Julieta Zarate Morales,2018-08-18 04:19:18,CVX-822-B.jpg
CGG-436-G,BC,Audi A3,Rojo,Activo,Alicia Mora Velazquez,2022-01-11 10:23:28,CGG-436-G.jpg
CH6-520-S,BC,Kia Forte,Cafe,Remarcaje,Victor Villegas Lopez,2020-11-25 23:10:58,CH6-520-S.jpg
B2J-456-G,BC,Volkswagen Jetta,Cafe,Baja Definitiva,Sergio Barajas Villegas,2020-08-23 09:30:24,B2J-456-G.jpg
BL5-957-G,BC,Ford Fiesta,Naranja,Robado,Sebastian Tovar Ruiz,2020-06-22 17:50:13,BL5-957-G.jpg
BLE-053-G,BC,Mazda 2,Naranja,Importacion Temporal,Martha Vargas Figueroa,2024-02-27 04:49:02,BLE-053-G.jpg
ATD-111-A,BC,Mazda 2,Azul Marino,Homologacion,Estela Castillo Villegas,2025-05-21 19:06:08,ATD-111-A.jpg
BS4-122-J,BC,Renault Duster,Vino,Activo,Elsa Flores Figueroa,2023-07-28 23:51:03,BS4-122-J.jpg
B1U-228-X,BC,Fiat Cronos,Gris Oscuro,Activo,Estela Flores Chavez,2024-11-05 10:14:04,B1U-228-X.jpg
B0L-317-F,BC,Mazda 3,Amarillo,Cancelado,Mateo Quiroz Nieto,2017-11-27 21:18:37,B0L-317-F.jpg
B9C-788-U,BC,Toyota Corolla,Blanco,Activo,Ricardo Zamora Peña,2022-04-22 07:53:01,B9C-788-U.jpg
C98-602-Y,BC,Audi A4,Gris,Baja Definitiva,Miguel Solano Cordero,2020-10-07 17:53:59,C98-602-Y.jpg
BKG-260-T,BC,Volkswagen Jetta,Azul Marino,Baja Definitiva,Jesus Tovar Mejia,2019-03-25 06:55:33,BKG-260-T.jpg
BL7-366-Y,BC,Kia Sportage,Gris,Remarcaje,Sergio Rosales Flores,2026-03-17 10:02:33,BL7-366-Y.jpg
CC3-788-E,BC,Fiat 500,Azul Marino,Baja Definitiva,Elias Orozco Flores,2022-04-02 21:54:12,CC3-788-E.jpg
CD2-588-H,BC,Audi Q5,Rojo Oscuro,Activo,Jose Gutierrez Morales,2026-04-24 08:37:32,CD2-588-H.jpg
CBG-592-U,BC,Volkswagen Jetta,Verde,Activo,Lorena Quintero Castro,2020-04-30 22:27:34,CBG-592-U.jpg
CDY-812-T,BC,Honda Accord,Naranja,Irregular,Fernando De La Cruz Ruiz,2021-08-10 13:59:57,CDY-812-T.jpg
C5L-309-J,BC,BMW X5,Azul Marino,Cancelado,Cristian Guerrero Estrada,2021-08-27 23:05:15,C5L-309-J.jpg
CH2-456-L,BC,Chevrolet Spark,Blanco Perlado,Activo,Leticia Olvera Esquivel,2021-01-08 18:32:49,CH2-456-L.jpg
ATW-696-H,BC,Ford Ranger,Verde Oscuro,Irregular,Lucia Vargas Plascencia,2024-06-08 00:23:39,ATW-696-H.jpg
AMX-975-R,BC,Audi Q5,Gris,En Proceso Legal,Maria Morales Vargas,2020-02-18 06:01:00,AMX-975-R.jpg
B09-168-P,BC,Ford Focus,Dorado,Baja Temporal,Camila Castillo Fernandez,2019-02-23 05:43:13,B09-168-P.jpg
BD2-057-R,BC,Audi A3,Plateado,Cancelado,Javier Guerrero Orozco,2023-01-08 13:23:36,BD2-057-R.jpg
BKK-558-N,BC,Jeep Grand Cherokee,Morado,Importacion Temporal,Claudia Salazar Pineda,2023-03-21 18:08:05,BKK-558-N.jpg
BCF-436-N,BC,Nissan NP300,Plateado,Activo,Fabiola Carrillo Tapia,2023-04-04 23:17:06,BCF-436-N.jpg
CEZ-202-V,BC,Jeep Compass,Blanco Perlado,Importacion Temporal,Rosa Tovar Diaz,2020-01-15 06:38:07,CEZ-202-V.jpg
BPD-405-D,BC,Toyota Hilux,Beige,Activo,Marina Perez Silva,2018-09-27 00:00:25,BPD-405-D.jpg
CKZ-805-L,BC,Nissan March,Morado,Importacion Temporal,Rebeca Gutierrez Torres,2025-01-14 08:21:33,CKZ-805-L.jpg
CWD-757-P,BC,Hyundai Elantra,Blanco Perlado,Importacion Temporal,Raul Quiroz Romero,2020-11-21 23:14:16,CWD-757-P.jpg
CBV-528-S,BC,Volkswagen Jetta,Dorado,Activo,Cristian Rios Correa,2025-04-15 10:12:30,CBV-528-S.jpg
CV4-990-D,BC,Volkswagen Jetta,Plateado,Activo,German Esquivel Ortega,2018-03-03 02:08:14,CV4-990-D.jpg
AUZ-020-B,BC,Audi A3,Amarillo,Baja Definitiva,Armando Garcia Guerrero,2023-02-04 01:56:28,AUZ-020-B.jpg
BC7-124-N,BC,Kia Forte,Blanco Perlado,Activo,Oscar Orozco Rosales,2018-10-20 19:16:14,BC7-124-N.jpg
CR0-381-E,BC,Renault Duster,Gris Oscuro,Recuperado,Veronica Garcia Fuentes,2022-09-24 02:05:27,CR0-381-E.jpg
BEF-563-N,BC,Mazda 2,Verde Oscuro,Activo,Rosa Carrillo Delgado,2021-01-04 10:04:37,BEF-563-N.jpg
BGJ-466-L,BC,Fiat 500,Plateado,Irregular,Julieta Avila Rios,2022-05-04 09:28:19,BGJ-466-L.jpg
AS5-734-M,BC,Mercedes-Benz A-Class,Verde,Activo,Laura Villegas Peña,2022-07-17 21:50:14,AS5-734-M.jpg
CLP-833-B,BC,Chevrolet Cruze,Rojo,Irregular,Mauricio Acosta Velazquez,2023-04-11 12:35:17,CLP-833-B.jpg
AZ2-732-V,BC,Mercedes-Benz GLC,Verde,Baja Definitiva,Elsa Serrano Pineda,2023-03-10 01:03:51,AZ2-732-V.jpg
BB7-717-L,BC,Audi Q3,Beige,Robado,Elizabeth Quiroz De La Cruz,2018-07-19 21:43:18,BB7-717-L.jpg
AL4-237-J,BC,Mercedes-Benz GLC,Rojo Oscuro,Robado,Sebastian Sandoval Sanchez,2017-12-20 18:05:20,AL4-237-J.jpg
CTD-393-S,BC,Mazda 2,Naranja,Activo,Felipe Montoya Garcia,2021-11-13 13:42:58,CTD-393-S.jpg
C8L-382-N,BC,Jeep Wrangler,Blanco,Recuperado,Angela Ortega Moya,2025-07-22 02:22:06,C8L-382-N.jpg
CBT-997-B,BC,Volkswagen Jetta,Amarillo,Homologacion,Teresa Navarro Izquierdo,2026-04-18 21:51:46,CBT-997-B.jpg
AHF-107-Y,BC,Hyundai Elantra,Gris,Robado,Lorena Trejo Correa,2021-10-03 14:05:18,AHF-107-Y.jpg
BZJ-911-F,BC,BMW 3 Series,Cafe,Homologacion,Ricardo Soto Quintero,2022-02-18 14:12:44,BZJ-911-F.jpg
BN0-357-V,BC,Toyota Hilux,Azul,En Proceso Legal,Marcos Izquierdo Garcia,2021-05-11 00:47:59,BN0-357-V.jpg
C35-434-N,BC,Volkswagen Jetta,Cafe,Importacion Definitiva,Julieta Cordero Romero,2017-01-21 12:16:12,C35-434-N.jpg
CS2-587-U,BC,Volkswagen Jetta,Azul Marino,Cancelado,Camila Silva Dominguez,2024-11-05 05:22:59,CS2-587-U.jpg
CA5-074-V,BC,Hyundai Tucson,Plateado,Baja Temporal,Maria Garcia Mora,2018-07-06 19:37:42,CA5-074-V.jpg
AWT-221-N,BC,Nissan Sentra,Blanco Perlado,Activo,Monica De La Cruz Plascencia,2019-09-29 10:34:27,AWT-221-N.jpg
B3B-015-D,BC,Ford Ranger,Plateado,Recuperado,Carmen Velazquez Diaz,2018-11-03 11:37:15,B3B-015-D.jpg
C1D-839-T,BC,Nissan March,Verde,Homologacion,Claudia Mejia Ramos,2023-04-06 04:54:53,C1D-839-T.jpg
BED-913-Z,BC,Ford Focus,Cafe,Activo,Ana Chavez Fernandez,2020-06-09 16:22:02,BED-913-Z.jpg
C17-239-J,BC,Honda Civic,Azul,Activo,Jesus Esquivel Avila,2021-09-03 16:31:32,C17-239-J.jpg
CGJ-896-F,BC,BMW X5,Rojo Oscuro,En Proceso Legal,Cecilia Solano Sanchez,2025-06-03 11:07:48,CGJ-896-F.jpg
CM9-116-X,BC,Fiat 500,Naranja,Activo,Miguel Rodriguez Velazquez,2022-10-04 00:53:05,CM9-116-X.jpg
CU4-764-C,BC,Mercedes-Benz GLC,Cafe,Activo,Adolfo Delgado Portillo,2024-03-10 00:09:26,CU4-764-C.jpg
C35-449-M,BC,Renault Kwid,Morado,Baja Temporal,Leticia Rodriguez Leal,2018-02-08 14:33:36,C35-449-M.jpg
B64-270-G,BC,Renault Sandero,Azul,Remarcaje,Alberto Cervantes Delgado,2022-03-02 23:19:23,B64-270-G.jpg
CPE-827-N,BC,Audi Q5,Blanco,Remarcaje,Pedro Luna Villanueva,2019-03-21 03:06:53,CPE-827-N.jpg
BXE-799-N,BC,Mercedes-Benz GLA,Gris Oscuro,Baja Definitiva,Fabiola Mendoza Del Valle,2025-03-14 03:06:57,BXE-799-N.jpg
CD4-162-Y,BC,Mazda 3,Gris,En Proceso Legal,Sandra Camacho Gutierrez,2025-06-17 16:37:06,CD4-162-Y.jpg
CWP-317-Z,BC,BMW 5 Series,Negro,Baja Temporal,Sandra Arellano Flores,2021-01-07 18:36:36,CWP-317-Z.jpg
B52-119-J,BC,Jeep Compass,Verde,Activo,Marina Mendoza Trejo,2019-05-19 04:41:14,B52-119-J.jpg
AJ7-628-G,BC,Honda Accord,Azul Marino,En Proceso Legal,Daniel Diaz Contreras,2025-05-09 08:13:36,AJ7-628-G.jpg
CTZ-363-M,BC,Chevrolet Cruze,Amarillo,Homologacion,Gabriela Ramirez Morales,2024-03-08 20:56:18,CTZ-363-M.jpg
CTH-082-K,BC,Mercedes-Benz GLA,Azul Marino,Activo,Patricia Castillo Aguilar,2019-02-25 09:09:37,CTH-082-K.jpg
CAZ-626-F,BC,BMW 3 Series,Vino,Reposicion,Silvia Olvera Jimenez,2024-12-10 05:13:32,CAZ-626-F.jpg
AZD-231-S,BC,Audi Q5,Rojo Oscuro,Baja Definitiva,Adolfo Bravo Castillo,2020-08-28 02:20:57,AZD-231-S.jpg
AY4-144-Z,BC,Ford Ranger,Blanco Perlado,Homologacion,Oscar Delgado Vazquez,2017-04-08 03:46:15,AY4-144-Z.jpg
CBG-600-P,BC,Fiat Cronos,Vino,Cancelado,Guillermo Portillo Rodriguez,2021-01-20 15:31:00,CBG-600-P.jpg
AUR-627-L,BC,Jeep Compass,Verde,Robado,Carmen Montoya Tapia,2019-09-07 17:26:36,AUR-627-L.jpg
CPE-355-P,BC,Nissan Versa,Verde,Remarcaje,Victor Alvarez Orozco,2017-08-14 22:38:41,CPE-355-P.jpg
ANR-257-K,BC,Ford Fiesta,Blanco,Remarcaje,Susana Trejo Cruz,2026-04-22 23:38:16,ANR-257-K.jpg
BES-083-P,BC,Honda HR-V,Azul,Activo,Alejandro Avila Peña,2019-08-26 04:13:43,BES-083-P.jpg
BU1-359-J,BC,Volkswagen Amarok,Blanco,Importacion Definitiva,Mateo Perez Orozco,2023-09-24 15:34:25,BU1-359-J.jpg
ANG-337-S,BC,Hyundai Elantra,Vino,Cancelado,Marina Dominguez Palacios,2018-05-13 09:28:31,ANG-337-S.jpg
BAY-965-F,BC,Jeep Compass,Dorado,Importacion Definitiva,Carolina Garcia Valdez,2023-01-15 09:06:51,BAY-965-F.jpg
C2K-094-W,BC,Volkswagen Golf,Gris,Activo,German Castro Guerrero,2017-10-12 15:08:46,C2K-094-W.jpg
B0N-544-U,BC,BMW 3 Series,Verde,Irregular,Victor Beltran Trejo,2023-12-10 01:47:52,B0N-544-U.jpg
CLX-350-T,BC,Renault Sandero,Rojo,Baja Temporal,Jose Cabrera Correa,2021-10-20 04:09:17,CLX-350-T.jpg
AK3-629-H,BC,Renault Kwid,Rojo,Baja Temporal,Marisol Avila Orozco,2022-04-11 14:24:50,AK3-629-H.jpg
BGZ-895-J,BC,Renault Kwid,Vino,Activo,Laura Gonzalez Cordero,2026-01-12 14:19:06,BGZ-895-J.jpg
AZG-446-B,BC,Kia Rio,Rojo,Cancelado,Estela Solano Solano,2020-01-06 13:25:37,AZG-446-B.jpg
BL3-942-V,BC,Mercedes-Benz GLC,Gris,En Proceso Legal,Susana Gallegos Jimenez,2020-07-26 20:25:22,BL3-942-V.jpg
CU3-345-H,BC,BMW X5,Cafe,Activo,Juan Juarez Gallegos,2024-03-16 10:44:33,CU3-345-H.jpg
ARV-962-N,BC,Hyundai Tucson,Azul,Activo,Rosa Cabrera Campos,2021-06-17 08:02:46,ARV-962-N.jpg
AW3-275-G,BC,Mazda CX-5,Rojo,En Proceso Legal,Regina Villanueva Luna,2023-02-28 07:01:51,AW3-275-G.jpg
BX2-846-R,BC,Mercedes-Benz C-Class,Dorado,Importacion Definitiva,Leticia Flores Zamora,2024-08-23 20:37:17,BX2-846-R.jpg
CGP-995-L,BC,Toyota Yaris,Morado,Remarcaje,Elizabeth Correa Esquivel,2021-12-10 13:44:25,CGP-995-L.jpg
BA6-579-H,BC,Honda HR-V,Gris Oscuro,Activo,Raul Martinez Castro,2018-12-20 03:27:39,BA6-579-H.jpg
BNW-305-P,BC,Mazda MX-5,Plateado,Baja Definitiva,Valeria Serrano Zamora,2020-12-02 22:11:12,BNW-305-P.jpg
B58-246-M,BC,Kia Forte,Negro,Baja Temporal,Guillermo Beltran Solano,2019-02-22 13:17:56,B58-246-M.jpg
CE0-280-W,BC,Honda Civic,Naranja,Activo,Sandra Gallegos Sandoval,2017-10-19 11:00:42,CE0-280-W.jpg
ASW-424-W,BC,Mercedes-Benz GLC,Dorado,Importacion Definitiva,Teresa Ortega Zarate,2025-10-12 20:09:42,ASW-424-W.jpg
CWF-621-T,BC,Mazda MX-5,Rojo Oscuro,Recuperado,Jorge Ortega Morales,2025-08-09 14:45:14,CWF-621-T.jpg
AW0-247-D,BC,Mercedes-Benz A-Class,Verde Oscuro,Importacion Definitiva,Pedro Tovar Solano,2021-05-30 09:41:43,AW0-247-D.jpg
BME-027-S,BC,Renault Kwid,Gris Oscuro,Activo,Sebastian Hernandez Cabrera,2018-03-21 21:10:30,BME-027-S.jpg
CMT-036-W,BC,Fiat Argo,Azul Marino,Importacion Definitiva,Renata Martinez Martinez,2020-11-10 14:29:15,CMT-036-W.jpg
BZZ-452-V,BC,Volkswagen Golf,Azul Marino,Robado,Alicia Fernandez Delgado,2020-12-20 23:19:38,BZZ-452-V.jpg
BD2-190-H,BC,Jeep Renegade,Verde,En Proceso Legal,Carolina Avila Villanueva,2018-07-25 07:50:09,BD2-190-H.jpg
D12-615-R,BCS,Kia Forte,Blanco,Remarcaje,Elias Campos Reyes,2021-03-18 03:44:58,D12-615-R.jpg
DBS-305-D,BCS,Honda HR-V,Amarillo,Baja Definitiva,Mauricio Perez Aguilar,2019-03-20 19:31:04,DBS-305-D.jpg
D36-452-N,BCS,Fiat Argo,Naranja,Baja Definitiva,Jose Mora Ramos,2024-05-05 11:57:11,D36-452-N.jpg
DEW-723-D,BCS,Mazda 3,Beige,Activo,Alberto Fernandez Fernandez,2020-11-15 10:54:39,DEW-723-D.jpg
D7S-322-T,BCS,Honda CR-V,Vino,Reposicion,Carolina Ortega Esquivel,2018-08-04 08:20:36,D7S-322-T.jpg
DE3-638-X,BCS,Volkswagen Vento,Gris Oscuro,Remarcaje,Guadalupe Castillo Correa,2024-07-20 22:32:48,DE3-638-X.jpg
D3K-237-P,BCS,Hyundai Accent,Dorado,Baja Definitiva,Lucia Ramirez Moya,2019-05-18 05:48:12,D3K-237-P.jpg
DAC-915-M,BCS,Renault Sandero,Verde Oscuro,Cancelado,Francisco Mora Lopez,2025-04-14 09:24:50,DAC-915-M.jpg
CZG-577-M,BCS,Toyota Hilux,Amarillo,Reposicion,Laura Vazquez Estrada,2023-11-02 15:39:38,CZG-577-M.jpg
D31-745-L,BCS,Audi A3,Rojo Oscuro,Importacion Definitiva,Liliana Cruz Rios,2026-01-23 07:19:32,D31-745-L.jpg
DBM-087-P,BCS,Renault Sandero,Gris,Activo,Jesus Alvarez Estrada,2017-06-28 13:32:17,DBM-087-P.jpg
DAS-345-H,BCS,Ford Focus,Verde,En Proceso Legal,Veronica Rodriguez Quintero,2023-12-09 00:37:06,DAS-345-H.jpg
D1J-112-N,BCS,Volkswagen Jetta,Dorado,Cancelado,Martha Figueroa Sanchez,2022-06-25 02:14:04,D1J-112-N.jpg
D3L-371-P,BCS,Nissan March,Morado,Baja Temporal,Renata Orozco Montes,2019-01-29 10:57:07,D3L-371-P.jpg
D58-926-M,BCS,Toyota Prius,Rojo,Importacion Definitiva,Carmen Correa Correa,2018-11-11 10:13:47,D58-926-M.jpg
D2J-193-F,BCS,Audi A4,Blanco Perlado,Activo,Ruben Barajas Avila,2018-08-31 13:11:33,D2J-193-F.jpg
DB1-325-M,BCS,Jeep Renegade,Rojo,Baja Definitiva,Ana Montes Del Valle,2021-06-30 03:16:55,DB1-325-M.jpg
D93-607-P,BCS,Mazda 2,Morado,Activo,Sandra Contreras Estrada,2026-01-21 12:39:16,D93-607-P.jpg
DEM-767-D,BCS,Peugeot 308,Blanco Perlado,Homologacion,Patricia Cordero Aguilar,2017-01-04 02:05:27,DEM-767-D.jpg
D60-282-H,BCS,Hyundai Santa Fe,Verde Oscuro,Robado,Martha Aguilar Torres,2018-04-22 04:57:34,D60-282-H.jpg
D8F-773-F,BCS,Peugeot 208,Blanco,Robado,Felipe Fuentes Medina,2023-10-22 09:11:55,D8F-773-F.jpg
D8W-230-T,BCS,Toyota Yaris,Plateado,En Proceso Legal,Silvia Flores Medina,2025-04-15 11:38:14,D8W-230-T.jpg
DEW-831-U,BCS,Ford Fiesta,Blanco,Baja Definitiva,Isabel Olvera Tovar,2025-02-26 03:13:45,DEW-831-U.jpg
D8M-767-T,BCS,Toyota Hilux,Amarillo,Cancelado,Julieta Romero Montes,2018-04-18 16:30:35,D8M-767-T.jpg
DDK-667-Y,BCS,Kia Sorento,Plateado,Activo,Alejandra Moya Fernandez,2024-06-01 14:53:10,DDK-667-Y.jpg
D45-249-Z,BCS,Toyota Hilux,Vino,Robado,Valeria Cruz Delgado,2020-10-18 23:44:11,D45-249-Z.jpg
DDS-882-Y,BCS,Nissan March,Azul,Baja Definitiva,Lorena Vargas Zarate,2023-04-14 10:11:23,DDS-882-Y.jpg
D2W-304-R,BCS,Volkswagen Jetta,Cafe,Importacion Definitiva,Felipe Mendoza Carrillo,2024-05-03 02:45:55,D2W-304-R.jpg
DA7-376-Z,BCS,Ford Ranger,Blanco,Cancelado,Juan Castro Mora,2020-01-24 09:25:45,DA7-376-Z.jpg
DEE-594-B,BCS,Hyundai Elantra,Dorado,Activo,Ruben Barajas Pacheco,2017-04-14 06:01:22,DEE-594-B.jpg
D2Z-836-S,BCS,BMW X3,Blanco Perlado,Activo,Julieta Moya Peña,2025-02-05 18:10:00,D2Z-836-S.jpg
D6P-194-D,BCS,Fiat 500,Dorado,Cancelado,Armando Zarate Valencia,2021-06-13 00:14:35,D6P-194-D.jpg
CZM-180-J,BCS,Ford Fiesta,Blanco Perlado,Baja Temporal,Renata Martinez Dominguez,2026-02-23 14:54:35,CZM-180-J.jpg
D6J-812-Y,BCS,Fiat Toro,Azul,Activo,Juan Cervantes Cabrera,2017-12-21 01:56:34,D6J-812-Y.jpg
DES-133-V,BCS,Jeep Wrangler,Rojo Oscuro,Activo,Liliana Gutierrez Ortega,2024-11-10 07:21:57,DES-133-V.jpg
D7B-034-N,BCS,Nissan NP300,Morado,En Proceso Legal,Laura Silva Jimenez,2018-09-16 14:07:27,D7B-034-N.jpg
DEX-437-D,BCS,Honda Civic,Naranja,Recuperado,Marisol Solano Medina,2026-05-17 19:56:28,DEX-437-D.jpg
D2N-953-M,BCS,Toyota Prius,Gris,Importacion Definitiva,Paola Ruiz Orozco,2020-02-13 08:57:56,D2N-953-M.jpg
DDE-511-S,BCS,Peugeot 208,Dorado,Baja Temporal,Teresa Zarate Beltran,2024-05-22 20:23:23,DDE-511-S.jpg
DDL-483-D,BCS,Ford Focus,Beige,Baja Temporal,Renata Rivera Sepulveda,2020-05-01 17:40:06,DDL-483-D.jpg
D28-764-J,BCS,Ford Focus,Verde Oscuro,Activo,Elizabeth Espinoza Ruiz,2023-03-19 19:13:47,D28-764-J.jpg
DBD-423-A,BCS,Fiat Cronos,Azul Marino,Importacion Temporal,Valeria Arroyo Trejo,2025-10-04 10:27:53,DBD-423-A.jpg
D76-404-R,BCS,Volkswagen Vento,Amarillo,En Proceso Legal,Ana Mendoza Torres,2017-12-13 22:11:13,D76-404-R.jpg
DEZ-098-F,BCS,Fiat 500,Naranja,Robado,Renata Salazar Chavez,2021-05-25 11:30:55,DEZ-098-F.jpg
D4V-120-C,BCS,Renault Kwid,Amarillo,Importacion Temporal,Eduardo Contreras Portillo,2020-08-29 13:08:08,D4V-120-C.jpg
D8K-214-D,BCS,Peugeot 5008,Blanco,Activo,Raul Moya Cordero,2024-07-15 20:13:55,D8K-214-D.jpg
D0N-356-Y,BCS,Mercedes-Benz GLA,Rojo,Importacion Temporal,Gabriela Vargas Mejia,2024-07-09 19:24:11,D0N-356-Y.jpg
D7P-198-T,BCS,Volkswagen Amarok,Azul Marino,Cancelado,Marina De La Cruz Villegas,2018-12-16 00:41:41,D7P-198-T.jpg
D8C-831-N,BCS,Audi Q3,Gris,Remarcaje,Carlos Tovar Rosales,2023-07-08 00:47:48,D8C-831-N.jpg
DBW-023-W,BCS,Jeep Renegade,Amarillo,Reposicion,Martha Suarez Delgado,2026-04-26 15:10:37,DBW-023-W.jpg
DBZ-768-W,BCS,Toyota Yaris,Verde,Recuperado,Estela Leal Correa,2025-01-20 16:53:49,DBZ-768-W.jpg
D9Y-613-K,BCS,Volkswagen Golf,Naranja,Recuperado,Elsa Rivera Arellano,2018-03-05 14:30:03,D9Y-613-K.jpg
D96-534-U,BCS,Chevrolet Aveo,Beige,Remarcaje,Ricardo Fuentes Esquivel,2019-11-09 16:43:42,D96-534-U.jpg
D9R-909-F,BCS,Mercedes-Benz GLC,Gris,Activo,Alejandro Beltran Arellano,2018-02-12 08:13:43,D9R-909-F.jpg
D1Z-766-A,BCS,Nissan Sentra,Cafe,Homologacion,Ricardo Nieto Luna,2023-11-03 21:33:55,D1Z-766-A.jpg
D9K-702-N,BCS,Mazda 2,Gris Oscuro,Activo,Manuel Palacios Montes,2025-10-03 22:31:38,D9K-702-N.jpg
CZV-849-C,BCS,Kia Sportage,Azul,Reposicion,Leticia Plascencia Avila,2025-02-27 05:31:00,CZV-849-C.jpg
D85-981-U,BCS,Mercedes-Benz GLA,Verde,Irregular,Mauricio Carrillo Arellano,2020-01-30 18:15:28,D85-981-U.jpg
D77-043-T,BCS,Honda CR-V,Plateado,Robado,Felipe Maldonado Maldonado,2025-03-19 05:45:05,D77-043-T.jpg
D90-428-B,BCS,Hyundai Accent,Morado,Activo,Marisol Espinoza Garcia,2019-03-07 10:25:33,D90-428-B.jpg
DEG-818-Y,BCS,BMW 3 Series,Verde,Activo,Valeria Castillo Plascencia,2017-11-13 21:45:37,DEG-818-Y.jpg
DEN-576-N,BCS,Fiat Toro,Dorado,Activo,Rocio Ramirez Mora,2021-01-03 11:23:31,DEN-576-N.jpg
D5Z-161-C,BCS,Kia Rio,Blanco,Recuperado,Rebeca Rosales Castro,2017-12-09 21:27:40,D5Z-161-C.jpg
D8R-958-C,BCS,Nissan March,Vino,Activo,Arturo Izquierdo Jimenez,2018-11-12 13:09:25,D8R-958-C.jpg
D1B-692-E,BCS,Kia Sorento,Verde,Activo,Mauricio Zamora Valdez,2021-06-07 08:45:04,D1B-692-E.jpg
D4A-001-N,BCS,BMW 3 Series,Morado,Baja Definitiva,Luis Contreras Aguilar,2020-11-06 18:50:49,D4A-001-N.jpg
D7M-048-Z,BCS,Jeep Grand Cherokee,Naranja,Importacion Temporal,Maria Gonzalez Barajas,2025-04-09 19:51:40,D7M-048-Z.jpg
D0N-478-H,BCS,Jeep Wrangler,Verde Oscuro,Activo,Isabel Camacho Trejo,2018-12-09 19:35:41,D0N-478-H.jpg
DAN-220-J,BCS,Volkswagen Golf,Blanco,Irregular,Daniela Sandoval Dominguez,2026-01-07 16:02:44,DAN-220-J.jpg
CZK-522-A,BCS,Volkswagen Golf,Verde,Robado,Marina Cordero Cruz,2024-10-19 13:47:19,CZK-522-A.jpg
D7K-237-E,BCS,Jeep Wrangler,Rojo,Activo,Ricardo Lopez Villanueva,2022-12-04 10:47:02,D7K-237-E.jpg
DER-775-Z,BCS,Kia Sorento,Rojo Oscuro,Activo,Camila Fuentes Castro,2024-08-18 15:30:52,DER-775-Z.jpg
CZR-040-F,BCS,Ford Focus,Blanco,Homologacion,Lucia Beltran Campos,2022-05-27 17:57:14,CZR-040-F.jpg
DD0-165-N,BCS,Honda Accord,Verde,Irregular,Carlos Cruz Tapia,2019-04-05 06:38:59,DD0-165-N.jpg
D2W-885-U,BCS,Honda Accord,Plateado,Robado,Julieta Montes Del Valle,2018-05-13 00:21:07,D2W-885-U.jpg
DCE-889-E,BCS,Kia Sportage,Gris,Baja Temporal,Susana Fuentes Urbina,2020-04-14 20:43:25,DCE-889-E.jpg
CZL-245-U,BCS,Fiat Argo,Verde,Baja Definitiva,Roberto Moya Beltran,2023-12-04 09:02:36,CZL-245-U.jpg
D6J-455-H,BCS,BMW 5 Series,Beige,Baja Temporal,Cristian Navarro Bravo,2018-09-23 12:58:37,D6J-455-H.jpg
DB0-991-D,BCS,Honda Civic,Rojo Oscuro,Recuperado,Marina Quiroz Ramirez,2017-03-10 10:19:53,DB0-991-D.jpg
CZA-007-F,BCS,Honda HR-V,Cafe,En Proceso Legal,Marina Mora Villanueva,2021-05-28 15:35:21,CZA-007-F.jpg
D0M-279-Y,BCS,Volkswagen Jetta,Naranja,Baja Definitiva,Victor Acosta Valencia,2018-07-06 17:13:19,D0M-279-Y.jpg
D9F-814-Z,BCS,Chevrolet Spark,Cafe,Cancelado,Laura Silva Ramirez,2021-02-11 22:57:58,D9F-814-Z.jpg
DDS-784-Z,BCS,BMW 5 Series,Rojo,Baja Definitiva,Carolina Tapia Soto,2022-01-26 13:25:59,DDS-784-Z.jpg
D7W-333-U,BCS,Jeep Compass,Vino,Importacion Temporal,David Espinoza Campos,2021-10-02 00:37:15,D7W-333-U.jpg
D26-182-R,BCS,Nissan Sentra,Azul Marino,Activo,Julieta Villanueva Suarez,2024-09-27 20:18:35,D26-182-R.jpg
D7S-154-H,BCS,Mercedes-Benz A-Class,Azul Marino,Remarcaje,Jose Diaz Izquierdo,2019-05-12 22:27:17,D7S-154-H.jpg
D3A-847-C,BCS,Chevrolet Aveo,Amarillo,Robado,Cristian Sandoval Tapia,2017-02-08 20:50:03,D3A-847-C.jpg
DCZ-687-T,BCS,Audi Q3,Azul,Remarcaje,Ana Acosta Vazquez,2020-05-29 16:36:19,DCZ-687-T.jpg
D6S-041-C,BCS,Jeep Compass,Rojo Oscuro,Activo,Hector Peña Serrano,2024-10-30 17:17:59,D6S-041-C.jpg
D00-410-Z,BCS,Toyota Hilux,Naranja,Importacion Temporal,Elsa Fernandez Villalobos,2023-11-18 19:24:34,D00-410-Z.jpg
D9Z-309-T,BCS,Audi Q5,Gris Oscuro,Irregular,Manuel Cabrera Lopez,2022-07-02 00:38:02,D9Z-309-T.jpg
D43-747-S,BCS,Honda CR-V,Morado,Remarcaje,Salvador Sanchez Estrada,2019-03-31 23:57:48,D43-747-S.jpg
D1A-430-Y,BCS,Nissan Sentra,Rojo Oscuro,Importacion Temporal,Marcos Trejo Del Valle,2024-09-11 19:23:03,D1A-430-Y.jpg
DDP-231-V,BCS,Audi Q3,Dorado,En Proceso Legal,Miguel Gallegos Vazquez,2017-11-15 00:26:15,DDP-231-V.jpg
CZA-150-Y,BCS,Hyundai Elantra,Naranja,Importacion Temporal,Ricardo Camacho Juarez,2024-03-21 18:10:44,CZA-150-Y.jpg
D7C-129-G,BCS,Mazda MX-5,Rojo,Activo,Ana Vargas Escobar,2017-07-31 10:59:11,D7C-129-G.jpg
DA9-273-K,BCS,Kia Sorento,Rojo Oscuro,Activo,Adolfo Contreras Sanchez,2020-05-28 13:38:43,DA9-273-K.jpg
DB7-912-V,BCS,BMW X5,Rojo Oscuro,Activo,Teresa Camacho Mejia,2020-11-05 02:48:19,DB7-912-V.jpg
D38-148-G,BCS,Kia Sorento,Vino,Importacion Definitiva,Angela Portillo Suarez,2018-07-13 17:35:41,D38-148-G.jpg
DEW-670-U,BCS,Nissan Sentra,Rojo Oscuro,Activo,Andres Morales Navarro,2022-09-28 04:34:03,DEW-670-U.jpg
D77-187-L,BCS,Toyota Corolla,Beige,Homologacion,Claudia Arellano Izquierdo,2024-06-24 04:14:39,D77-187-L.jpg
D58-534-S,BCS,Ford Fusion,Negro,Recuperado,Isabel Valencia Juarez,2017-10-10 09:57:14,D58-534-S.jpg
D3V-717-V,BCS,Mercedes-Benz GLC,Gris,Robado,Beatriz Lopez Fernandez,2022-07-12 00:15:04,D3V-717-V.jpg
D3B-996-J,BCS,Honda Accord,Azul Marino,Cancelado,Salvador Barajas Sepulveda,2022-09-22 05:52:46,D3B-996-J.jpg
DDX-055-B,BCS,Nissan Versa,Cafe,Activo,Rocio Palacios Torres,2019-02-17 03:07:20,DDX-055-B.jpg
CZR-498-A,BCS,Mercedes-Benz GLA,Gris,Robado,Jorge Del Valle Salazar,2025-10-23 21:56:01,CZR-498-A.jpg
D9W-446-L,BCS,Jeep Wrangler,Rojo Oscuro,Cancelado,Carlos Morales Maldonado,2018-05-09 11:12:20,D9W-446-L.jpg
D0J-406-H,BCS,Mazda MX-5,Beige,Recuperado,Camila Aguilar Chavez,2025-09-28 02:25:18,D0J-406-H.jpg
D0X-829-L,BCS,Honda HR-V,Blanco Perlado,Activo,Paola Arellano Salazar,2017-09-02 04:28:36,D0X-829-L.jpg
D5P-003-U,BCS,Mercedes-Benz C-Class,Gris,En Proceso Legal,Benjamin Chavez Barajas,2023-12-19 16:17:44,D5P-003-U.jpg
D5V-048-T,BCS,Audi A4,Verde Oscuro,Baja Temporal,Andres Mora De La Cruz,2025-04-08 07:27:14,D5V-048-T.jpg
D01-485-F,BCS,Kia Forte,Dorado,Reposicion,Gabriela Cervantes Trejo,2023-04-05 12:30:21,D01-485-F.jpg
D75-821-W,BCS,BMW 5 Series,Negro,Activo,Javier Ruiz Fuentes,2019-04-04 12:58:59,D75-821-W.jpg
D02-642-S,BCS,Peugeot 3008,Plateado,Importacion Definitiva,Marisol De La Cruz Acosta,2017-03-09 01:56:13,D02-642-S.jpg
D45-776-E,BCS,Toyota Hilux,Blanco Perlado,Importacion Definitiva,Claudia Rosales Diaz,2019-05-03 22:51:39,D45-776-E.jpg
DD2-805-Y,BCS,Honda Accord,Verde Oscuro,Irregular,Alberto Quintero Juarez,2024-11-12 18:47:10,DD2-805-Y.jpg
DAB-825-Y,BCS,Hyundai Tucson,Amarillo,Activo,David Fuentes Torres,2022-08-03 03:57:59,DAB-825-Y.jpg
D1C-467-J,BCS,Kia Sorento,Plateado,Homologacion,Adriana Zamora Perez,2017-10-17 08:42:20,D1C-467-J.jpg
D1B-709-M,BCS,Toyota Prius,Blanco Perlado,Reposicion,Marcos Castro Luna,2024-10-28 18:57:48,D1B-709-M.jpg
DBH-902-L,BCS,Mazda CX-5,Plateado,Activo,Rosa Avila Tovar,2020-01-07 11:37:22,DBH-902-L.jpg
DCR-045-V,BCS,Chevrolet Cruze,Dorado,Activo,Felipe Velazquez Montes,2026-01-17 13:25:55,DCR-045-V.jpg
DBA-597-D,BCS,Renault Kwid,Verde Oscuro,Remarcaje,Elias Villegas Cervantes,2024-12-02 23:31:46,DBA-597-D.jpg
D7K-388-F,BCS,Fiat 500,Gris Oscuro,Reposicion,Elizabeth Ramirez Cervantes,2022-03-06 12:32:25,D7K-388-F.jpg
DD8-876-P,BCS,Volkswagen Golf,Naranja,Baja Temporal,Martha Beltran Herrera,2020-03-14 16:42:35,DD8-876-P.jpg
DCA-988-C,BCS,Chevrolet Spark,Rojo,Recuperado,Liliana Luna Olvera,2018-07-03 05:55:52,DCA-988-C.jpg
DBJ-040-J,BCS,Volkswagen Jetta,Cafe,Homologacion,Estela Del Valle Palacios,2020-01-25 12:29:30,DBJ-040-J.jpg
D1J-800-K,BCS,Nissan March,Azul,Reposicion,Leticia Castillo Garcia,2021-02-14 03:54:59,D1J-800-K.jpg
DE4-099-R,BCS,Nissan NP300,Cafe,Irregular,Lucia Aguilar Sanchez,2017-01-10 20:38:51,DE4-099-R.jpg
DD1-519-E,BCS,Jeep Compass,Vino,Baja Definitiva,Mateo Rivera Tovar,2018-12-10 07:54:06,DD1-519-E.jpg
D29-037-A,BCS,Mazda CX-5,Plateado,En Proceso Legal,Marcos Campos Cervantes,2025-06-04 08:04:03,D29-037-A.jpg
DCC-537-P,BCS,Toyota Yaris,Rojo Oscuro,Irregular,Pedro Fuentes Suarez,2024-12-17 02:21:16,DCC-537-P.jpg
D8V-168-N,BCS,Renault Kwid,Amarillo,Robado,Fernando Esquivel Delgado,2023-03-27 13:48:21,D8V-168-N.jpg
CZY-872-G,BCS,Chevrolet Beat,Negro,Baja Temporal,Marco Castro Perez,2025-07-11 22:46:08,CZY-872-G.jpg
D8R-401-T,BCS,Kia Sportage,Gris Oscuro,Remarcaje,Arturo Silva Jimenez,2021-02-03 01:19:14,D8R-401-T.jpg
D8P-285-F,BCS,BMW X3,Blanco,Cancelado,Andres Sanchez Montoya,2024-02-29 10:52:48,D8P-285-F.jpg
DC2-167-J,BCS,Audi Q3,Naranja,Homologacion,Elias Vazquez Gonzalez,2020-09-14 14:58:25,DC2-167-J.jpg
DC2-957-C,BCS,Honda HR-V,Naranja,Activo,Emilio Escobar Alvarez,2020-02-12 11:16:27,DC2-957-C.jpg
DEY-552-D,BCS,Mercedes-Benz A-Class,Cafe,Activo,Maria Palacios Leal,2025-05-12 06:50:36,DEY-552-D.jpg
D7T-376-V,BCS,BMW 3 Series,Gris Oscuro,Cancelado,Adolfo Arellano Pacheco,2026-03-10 02:11:45,D7T-376-V.jpg
DAR-541-J,BCS,Volkswagen Golf,Dorado,Importacion Definitiva,Mauricio Pacheco Tapia,2021-02-20 19:41:49,DAR-541-J.jpg
D77-255-T,BCS,Chevrolet Aveo,Morado,Remarcaje,Daniela Arroyo Torres,2022-03-01 16:38:25,D77-255-T.jpg
D3L-031-P,BCS,Renault Kwid,Verde,Recuperado,Camila Esquivel Herrera,2024-01-05 03:40:34,D3L-031-P.jpg
D7A-563-G,BCS,Hyundai Tucson,Blanco Perlado,Irregular,Elsa Villalobos Rivera,2018-08-29 13:10:28,D7A-563-G.jpg
D9N-463-R,BCS,Honda Accord,Azul Marino,Activo,Guadalupe Urbina Castillo,2021-07-31 10:24:51,D9N-463-R.jpg
DA7-771-A,BCS,Peugeot 5008,Azul,Reposicion,Elsa Trejo Trejo,2019-05-02 19:03:59,DA7-771-A.jpg
DBM-463-N,BCS,Kia Sportage,Blanco,Homologacion,Daniel Carrillo Portillo,2017-12-02 03:45:23,DBM-463-N.jpg
D40-874-L,BCS,Volkswagen Vento,Naranja,Activo,Valeria Chavez Lopez,2025-03-31 17:32:57,D40-874-L.jpg
CZN-234-U,BCS,Nissan NP300,Azul Marino,Activo,Felipe Castro Velazquez,2025-03-08 21:48:27,CZN-234-U.jpg
D9X-333-X,BCS,Mercedes-Benz A-Class,Rojo,Importacion Definitiva,Ruben Ramirez Rosales,2021-09-09 15:21:49,D9X-333-X.jpg
DDB-749-T,BCS,BMW X5,Gris,Baja Definitiva,Ernesto Ramirez Orozco,2020-12-25 15:30:43,DDB-749-T.jpg
D81-923-H,BCS,Mercedes-Benz GLA,Beige,Reposicion,Teresa Correa Barajas,2017-04-06 18:03:07,D81-923-H.jpg
DE9-307-W,BCS,Volkswagen Golf,Plateado,Recuperado,Marco Contreras Pacheco,2023-02-22 23:01:16,DE9-307-W.jpg
D5T-174-P,BCS,Mercedes-Benz GLC,Amarillo,Baja Temporal,Angela Montes Trejo,2023-10-02 18:22:45,D5T-174-P.jpg
D53-578-L,BCS,Toyota Prius,Rojo Oscuro,Recuperado,Antonio Rosales Zarate,2024-02-18 16:01:47,D53-578-L.jpg
D0T-294-D,BCS,Audi Q5,Morado,Activo,Laura Gutierrez Montes,2017-04-16 05:48:48,D0T-294-D.jpg
D5N-223-D,BCS,Mazda 2,Amarillo,Recuperado,Victor Rosales Mora,2022-09-02 20:37:46,D5N-223-D.jpg
DDA-441-Z,BCS,Fiat Argo,Rojo Oscuro,Remarcaje,Rocio Reyes Montoya,2023-09-03 05:22:08,DDA-441-Z.jpg
D1U-377-Y,BCS,BMW X3,Blanco Perlado,Importacion Definitiva,Daniel Valencia Luna,2018-11-05 04:34:37,D1U-377-Y.jpg
D84-563-H,BCS,Kia Forte,Rojo Oscuro,Baja Definitiva,Raul Torres Gonzalez,2021-10-14 16:10:15,D84-563-H.jpg
DC1-154-Y,BCS,BMW X5,Vino,Robado,Liliana Valencia Juarez,2023-03-11 18:49:21,DC1-154-Y.jpg
D4L-519-S,BCS,Peugeot 208,Blanco,Activo,Arturo Juarez Sepulveda,2023-04-27 14:51:43,D4L-519-S.jpg
D2K-634-S,BCS,Audi Q3,Vino,Baja Definitiva,Elizabeth Delgado Castillo,2025-08-22 09:36:56,D2K-634-S.jpg
D97-665-V,BCS,Nissan March,Naranja,En Proceso Legal,Monica Serrano Zarate,2024-10-17 02:45:10,D97-665-V.jpg
DD5-408-Y,BCS,Volkswagen Jetta,Beige,Homologacion,Alejandra Gutierrez Montoya,2024-08-15 04:38:11,DD5-408-Y.jpg
DAF-389-R,BCS,Renault Logan,Verde Oscuro,Baja Definitiva,Maria Alvarez Soto,2022-03-07 14:26:49,DAF-389-R.jpg
D8N-792-T,BCS,Volkswagen Jetta,Gris Oscuro,Recuperado,Raul Villanueva Reyes,2019-05-10 20:10:46,D8N-792-T.jpg
D7J-507-G,BCS,Volkswagen Amarok,Verde,Reposicion,Marcos Pineda Rodriguez,2025-02-18 02:22:18,D7J-507-G.jpg
D4D-159-N,BCS,Chevrolet Spark,Azul,Baja Temporal,Paola Cervantes Mejia,2021-01-06 06:09:38,D4D-159-N.jpg
DDT-059-V,BCS,Mazda 2,Gris,Activo,Carolina Solano Arroyo,2021-04-09 08:47:58,DDT-059-V.jpg
D09-211-S,BCS,BMW X5,Azul,Baja Temporal,Regina Trejo Castro,2022-06-05 05:12:33,D09-211-S.jpg
D5P-355-W,BCS,Mazda 2,Vino,Remarcaje,Jose Rios Peña,2026-01-10 19:54:07,D5P-355-W.jpg
DDZ-383-L,BCS,Toyota Hilux,Rojo Oscuro,Activo,Fernando Trejo Reyes,2022-12-14 19:43:40,DDZ-383-L.jpg
D4S-264-R,BCS,Audi Q3,Amarillo,Baja Temporal,Yolanda Avila Rosales,2018-12-05 22:58:12,D4S-264-R.jpg
D0L-747-B,BCS,Ford Ranger,Beige,Homologacion,Guillermo Tapia Chavez,2025-09-05 07:00:29,D0L-747-B.jpg
DBT-426-J,BCS,Kia Sportage,Amarillo,Irregular,Laura Montoya Portillo,2017-01-26 00:54:13,DBT-426-J.jpg
D8M-051-M,BCS,Peugeot 3008,Plateado,Irregular,Silvia Trejo Olvera,2018-09-19 01:33:34,D8M-051-M.jpg
CZP-282-T,BCS,Kia Sorento,Negro,Remarcaje,Mauricio Dominguez Diaz,2025-07-09 03:20:12,CZP-282-T.jpg
D6D-601-X,BCS,Chevrolet Beat,Naranja,Importacion Temporal,Benjamin Soto Velazquez,2021-04-05 21:55:41,D6D-601-X.jpg
D4R-285-H,BCS,Jeep Compass,Rojo,Recuperado,Regina Trejo Avila,2020-02-14 16:55:43,D4R-285-H.jpg
D29-913-M,BCS,Volkswagen Jetta,Verde Oscuro,Recuperado,Leticia Trejo Ruiz,2019-08-17 03:27:22,D29-913-M.jpg
D4P-582-P,BCS,Mazda CX-5,Morado,Activo,David Montoya Jimenez,2025-06-29 10:40:18,D4P-582-P.jpg
D6U-619-X,BCS,Toyota Corolla,Verde,En Proceso Legal,Arturo Cervantes Zarate,2024-04-02 15:26:05,D6U-619-X.jpg
D7L-171-C,BCS,Chevrolet Cruze,Dorado,Cancelado,Regina Herrera Luna,2022-08-27 13:17:52,D7L-171-C.jpg
D4V-192-B,BCS,Mercedes-Benz A-Class,Gris Oscuro,Reposicion,Teresa Ortega Carrillo,2023-09-17 11:22:19,D4V-192-B.jpg
D20-439-N,BCS,Ford Focus,Amarillo,Importacion Temporal,Alicia Vazquez Olvera,2020-06-15 21:48:36,D20-439-N.jpg
DBK-164-L,BCS,Nissan March,Azul Marino,Activo,Ana Gallegos Morales,2023-03-17 04:12:02,DBK-164-L.jpg
D9T-371-P,BCS,Toyota Hilux,Azul,Importacion Definitiva,Sergio Velazquez Medina,2020-06-18 11:42:40,D9T-371-P.jpg
D6K-150-D,BCS,Ford Fiesta,Azul Marino,Activo,Fabiola Dominguez Vazquez,2020-02-29 21:48:59,D6K-150-D.jpg
DDA-468-F,BCS,Peugeot 308,Plateado,Baja Definitiva,Eduardo Garcia Rivera,2019-02-26 09:34:17,DDA-468-F.jpg
DAP-185-N,BCS,Toyota Hilux,Dorado,Irregular,Gabriela Navarro Alvarez,2021-10-24 07:45:27,DAP-185-N.jpg
D3V-069-L,BCS,Fiat Cronos,Naranja,Activo,Hugo Pineda Orozco,2023-08-08 21:09:06,D3V-069-L.jpg
D3X-627-Y,BCS,Kia Sportage,Azul,Activo,Beatriz Suarez Soto,2025-03-23 08:24:53,D3X-627-Y.jpg
D3Y-923-B,BCS,Mazda 2,Blanco Perlado,Activo,Jose Alvarez Zarate,2017-08-25 16:52:14,D3Y-923-B.jpg
D5H-259-D,BCS,Peugeot 5008,Vino,Activo,Renata Castro Zarate,2025-02-09 19:30:08,D5H-259-D.jpg
D80-502-H,BCS,Mazda 2,Azul,Activo,Teresa Maldonado Castillo,2022-09-10 10:05:03,D80-502-H.jpg
DD3-384-J,BCS,Jeep Grand Cherokee,Morado,Activo,Beatriz Solano Castro,2024-02-14 16:18:29,DD3-384-J.jpg
D0P-909-H,BCS,Ford Focus,Dorado,En Proceso Legal,Ricardo Moya Fernandez,2020-05-18 23:24:07,D0P-909-H.jpg
D6R-130-X,BCS,Nissan NP300,Morado,Activo,Norma Bravo Arroyo,2021-03-25 02:54:35,D6R-130-X.jpg
D6D-480-C,BCS,Honda Civic,Azul Marino,Activo,Elsa Pineda Cruz,2023-02-27 09:03:18,D6D-480-C.jpg
D7B-406-G,BCS,Hyundai Elantra,Gris Oscuro,Cancelado,Guadalupe Valencia Montoya,2025-11-28 07:07:27,D7B-406-G.jpg
D5F-623-D,BCS,Audi Q3,Gris Oscuro,Importacion Definitiva,Leticia Dominguez Tapia,2019-02-23 20:02:43,D5F-623-D.jpg
D1V-061-H,BCS,Toyota Hilux,Amarillo,Activo,Beatriz Silva Nieto,2018-07-03 01:50:03,D1V-061-H.jpg
D17-622-E,BCS,Volkswagen Amarok,Blanco Perlado,Homologacion,Fernando Sepulveda Tapia,2022-05-19 10:07:20,D17-622-E.jpg
D1X-242-H,BCS,Jeep Renegade,Rojo Oscuro,Importacion Definitiva,Martha Contreras Ruiz,2022-11-13 10:47:23,D1X-242-H.jpg
D0T-643-K,BCS,Mercedes-Benz A-Class,Rojo Oscuro,Importacion Temporal,Marco Trejo Serrano,2017-09-03 16:08:27,D0T-643-K.jpg
D0W-706-K,BCS,Kia Forte,Amarillo,Baja Definitiva,Carmen Guerrero Ramos,2021-09-24 23:09:57,D0W-706-K.jpg
D3C-180-Z,BCS,Kia Sorento,Azul Marino,Activo,Elsa Trejo Del Valle,2018-08-21 17:14:50,D3C-180-Z.jpg
D47-341-W,BCS,Audi Q3,Verde,Irregular,Susana Martinez Moya,2019-01-17 17:13:55,D47-341-W.jpg
D9U-776-T,BCS,Audi Q3,Blanco Perlado,Activo,Eduardo Ruiz Zamora,2024-07-14 09:22:21,D9U-776-T.jpg
D25-406-C,BCS,Renault Kwid,Plateado,Robado,Estela Mora Escobar,2019-12-23 14:37:33,D25-406-C.jpg
D6F-135-M,BCS,Honda Civic,Vino,Activo,Guadalupe Jimenez Lopez,2022-03-28 14:47:10,D6F-135-M.jpg
DBN-568-A,BCS,Hyundai Santa Fe,Azul Marino,Importacion Definitiva,Veronica Ramirez Castillo,2024-08-16 13:18:58,DBN-568-A.jpg
DE0-312-F,BCS,Mercedes-Benz GLA,Gris Oscuro,Irregular,Jesus Romero Luna,2017-02-21 04:53:20,DE0-312-F.jpg
D7V-348-T,BCS,Volkswagen Vento,Rojo,Cancelado,Rocio Trejo Solano,2020-03-21 02:42:19,D7V-348-T.jpg
D73-364-P,BCS,Mercedes-Benz GLC,Azul Marino,Baja Temporal,Julieta Castro Jimenez,2019-11-27 19:50:04,D73-364-P.jpg
D9P-891-G,BCS,Volkswagen Jetta,Naranja,Baja Definitiva,Adriana Huerta Soto,2023-10-27 18:05:31,D9P-891-G.jpg
D0R-511-H,BCS,Renault Logan,Azul Marino,Importacion Temporal,Sebastian Fernandez Guerrero,2026-02-06 20:08:49,D0R-511-H.jpg
CZX-305-V,BCS,Mercedes-Benz C-Class,Morado,Importacion Definitiva,Carolina Montes Acosta,2022-06-22 05:06:35,CZX-305-V.jpg
CZA-964-J,BCS,Hyundai Santa Fe,Azul Marino,Baja Temporal,Jose Figueroa Arroyo,2020-12-30 13:24:42,CZA-964-J.jpg
DCC-902-V,BCS,Hyundai Santa Fe,Beige,Importacion Temporal,Jesus Valdez Herrera,2022-02-21 03:33:54,DCC-902-V.jpg
D33-537-C,BCS,Toyota Prius,Blanco Perlado,En Proceso Legal,Maria Vazquez Cordero,2021-02-15 03:58:58,D33-537-C.jpg
CZK-375-V,BCS,Peugeot 3008,Vino,Baja Temporal,Guillermo Ortega Acosta,2019-10-11 04:03:04,CZK-375-V.jpg
DB4-688-D,BCS,Renault Duster,Verde Oscuro,Irregular,Carlos De La Cruz Vargas,2021-05-04 19:56:22,DB4-688-D.jpg
DCP-692-C,BCS,Chevrolet Aveo,Vino,Activo,Mateo Salazar Rodriguez,2017-10-10 17:36:15,DCP-692-C.jpg
D4V-313-W,BCS,Honda HR-V,Dorado,Importacion Definitiva,Salvador Cervantes De La Cruz,2023-05-16 00:14:18,D4V-313-W.jpg
D4C-174-J,BCS,Audi A4,Gris,Reposicion,Cristian Reyes Luna,2019-09-06 07:21:00,D4C-174-J.jpg
DBB-542-Z,BCS,Renault Logan,Beige,Recuperado,Valeria Pineda Vargas,2017-05-28 13:13:40,DBB-542-Z.jpg
D7U-132-P,BCS,Nissan Versa,Negro,Activo,Norma Portillo Nieto,2017-07-06 04:04:13,D7U-132-P.jpg
DD2-464-G,BCS,Toyota Corolla,Rojo,Baja Definitiva,Victor Lopez Dominguez,2018-10-31 19:53:27,DD2-464-G.jpg
D07-492-B,BCS,Hyundai Santa Fe,Azul,Irregular,Teresa Quintero Leal,2019-03-08 03:13:11,D07-492-B.jpg
D3W-985-F,BCS,BMW X5,Gris,Importacion Definitiva,Fernando Hernandez Del Valle,2021-08-03 17:41:16,D3W-985-F.jpg
D08-400-C,BCS,Mercedes-Benz C-Class,Blanco,Activo,Marco Urbina Valdez,2020-06-08 23:55:56,D08-400-C.jpg
D74-129-J,BCS,Honda HR-V,Gris Oscuro,Activo,Monica Campos Cruz,2022-12-19 22:56:53,D74-129-J.jpg
DC9-791-W,BCS,Mazda MX-5,Blanco Perlado,Activo,Carlos Campos Herrera,2018-08-20 08:57:46,DC9-791-W.jpg
DER-713-Y,BCS,Volkswagen Vento,Rojo,Baja Temporal,Laura Villalobos Quintero,2021-01-28 11:19:40,DER-713-Y.jpg
DEJ-389-J,BCS,Peugeot 208,Verde Oscuro,Cancelado,Patricia Cabrera Gonzalez,2018-02-14 18:12:00,DEJ-389-J.jpg
D95-637-N,BCS,Hyundai Accent,Amarillo,Baja Temporal,Cecilia Pacheco Moya,2022-11-04 21:15:34,D95-637-N.jpg
D0D-131-D,BCS,Mazda MX-5,Beige,Irregular,Antonio Tovar Peña,2019-05-06 22:09:04,D0D-131-D.jpg
DBU-245-L,BCS,Peugeot 5008,Beige,Irregular,Elsa Suarez Chavez,2022-08-19 20:01:25,DBU-245-L.jpg
CZH-380-P,BCS,Mercedes-Benz GLA,Cafe,Importacion Temporal,Rosa Cabrera Zarate,2025-12-29 23:38:40,CZH-380-P.jpg
D8J-949-A,BCS,Mercedes-Benz C-Class,Rojo Oscuro,En Proceso Legal,Rebeca Hernandez Estrada,2021-02-03 21:22:49,D8J-949-A.jpg
D41-075-R,BCS,Fiat Argo,Azul Marino,Baja Temporal,Guadalupe Diaz Morales,2020-12-22 16:06:15,D41-075-R.jpg
DB6-987-R,BCS,Hyundai Accent,Azul,Homologacion,Benjamin Reyes Avila,2020-04-12 10:44:36,DB6-987-R.jpg
D01-389-S,BCS,Fiat Cronos,Blanco Perlado,Baja Temporal,Adriana Orozco Moya,2025-11-23 14:01:00,D01-389-S.jpg
DA5-137-N,BCS,Fiat Toro,Plateado,Robado,Salvador Castro Rivera,2021-12-07 11:12:38,DA5-137-N.jpg
D1C-600-D,BCS,Hyundai Elantra,Naranja,Irregular,Mauricio Suarez Espinoza,2018-04-03 00:05:28,D1C-600-D.jpg
DAK-446-F,BCS,Mazda MX-5,Morado,Activo,Alejandra Luna Villegas,2018-12-08 03:52:56,DAK-446-F.jpg
DEP-835-N,BCS,Chevrolet Cruze,Rojo,Baja Temporal,Isabel Lopez Suarez,2022-04-10 17:54:57,DEP-835-N.jpg
D86-484-P,BCS,Jeep Compass,Morado,Importacion Temporal,Alberto Izquierdo Beltran,2019-05-11 21:34:40,D86-484-P.jpg
D6C-384-L,BCS,Honda Accord,Rojo Oscuro,Irregular,Gabriela Esquivel Gonzalez,2021-02-04 15:10:25,D6C-384-L.jpg
DH3-804-U,CAMP,Renault Kwid,Beige,Importacion Definitiva,Ernesto Campos Velazquez,2021-08-25 15:51:45,DH3-804-U.jpg
DKB-969-E,CAMP,Volkswagen Golf,Morado,Importacion Temporal,Lucia Cervantes Gallegos,2024-09-26 19:17:55,DKB-969-E.jpg
DH1-301-R,CAMP,Renault Duster,Amarillo,Recuperado,Norma Ortega Zamora,2024-11-15 09:58:02,DH1-301-R.jpg
DHZ-240-Y,CAMP,Audi A4,Amarillo,Importacion Temporal,Sofia Carrillo Gutierrez,2017-03-01 07:16:04,DHZ-240-Y.jpg
DJL-396-B,CAMP,Kia Sorento,Azul,Importacion Temporal,Teresa Palacios Esquivel,2017-03-05 03:55:17,DJL-396-B.jpg
DFG-847-X,CAMP,Nissan Sentra,Gris Oscuro,Homologacion,Carolina Dominguez Acosta,2017-02-12 01:53:11,DFG-847-X.jpg
DJX-059-P,CAMP,Hyundai Elantra,Beige,Robado,Juan Valdez Vargas,2023-01-21 22:43:16,DJX-059-P.jpg
DJP-177-E,CAMP,BMW X3,Beige,Irregular,Alicia Gutierrez Aguilar,2018-04-28 15:18:21,DJP-177-E.jpg
DKZ-633-Z,CAMP,Honda Civic,Plateado,Irregular,Isabel Juarez Ruiz,2020-05-22 09:38:28,DKZ-633-Z.jpg
DJN-193-P,CAMP,BMW 3 Series,Rojo Oscuro,Importacion Temporal,Victor Mejia Luna,2019-08-09 08:48:29,DJN-193-P.jpg
DFJ-291-P,CAMP,Fiat Toro,Gris,Irregular,Valeria Cervantes Mejia,2018-03-31 05:25:48,DFJ-291-P.jpg
DK4-235-E,CAMP,Volkswagen Golf,Blanco,Activo,Martha Fernandez Tovar,2017-05-23 11:09:20,DK4-235-E.jpg
DHE-927-E,CAMP,Audi Q5,Vino,Remarcaje,Noe Portillo Castro,2025-07-12 00:40:20,DHE-927-E.jpg
DJH-343-D,CAMP,Ford Fiesta,Blanco,En Proceso Legal,Gabriela Correa Cruz,2021-02-20 12:02:23,DJH-343-D.jpg
DJ3-035-X,CAMP,Nissan March,Naranja,Robado,Jesus Cruz Carrillo,2025-01-11 07:18:43,DJ3-035-X.jpg
DFN-071-H,CAMP,Nissan March,Gris Oscuro,Irregular,Gabriela Hernandez Gallegos,2025-07-28 06:57:53,DFN-071-H.jpg
DJV-627-M,CAMP,Chevrolet Aveo,Naranja,Recuperado,Mauricio Garcia Rios,2021-10-07 08:01:48,DJV-627-M.jpg
DGZ-465-Z,CAMP,Mercedes-Benz A-Class,Dorado,Recuperado,Emilio Herrera Salazar,2017-06-07 03:44:43,DGZ-465-Z.jpg
DH6-090-C,CAMP,Ford Ranger,Amarillo,Homologacion,Salvador Martinez Dominguez,2022-09-06 00:54:16,DH6-090-C.jpg
DHB-784-V,CAMP,Audi Q3,Verde Oscuro,Baja Definitiva,Susana Ruiz Ramos,2022-02-22 23:15:18,DHB-784-V.jpg
DK7-952-F,CAMP,Honda HR-V,Rojo Oscuro,Cancelado,Daniel Arellano Soto,2022-12-11 16:12:45,DK7-952-F.jpg
DJ0-818-F,CAMP,Chevrolet Beat,Plateado,Activo,Angela Reyes Tovar,2023-09-09 16:33:16,DJ0-818-F.jpg
DG6-588-R,CAMP,Mazda 3,Rojo Oscuro,Activo,Fernando Vazquez Gutierrez,2021-10-22 20:00:54,DG6-588-R.jpg
DGN-871-A,CAMP,Peugeot 308,Rojo Oscuro,Recuperado,Alejandro Estrada Carrillo,2026-03-05 16:42:37,DGN-871-A.jpg
DKE-776-C,CAMP,Chevrolet Spark,Plateado,Importacion Temporal,Salvador Morales Sepulveda,2017-02-01 04:12:19,DKE-776-C.jpg
DGU-986-F,CAMP,Renault Sandero,Vino,Reposicion,Ruben Barajas Sepulveda,2022-02-19 21:03:12,DGU-986-F.jpg
DJ1-292-R,CAMP,Toyota Hilux,Morado,Activo,Rebeca Montes Trejo,2022-04-24 01:36:40,DJ1-292-R.jpg
DKN-072-X,CAMP,Nissan NP300,Naranja,En Proceso Legal,Miguel Izquierdo Espinoza,2024-09-18 15:52:49,DKN-072-X.jpg
DGV-595-V,CAMP,Chevrolet Spark,Gris,Remarcaje,Javier Pineda Carrillo,2025-01-30 16:23:01,DGV-595-V.jpg
DG1-376-E,CAMP,BMW 3 Series,Plateado,Homologacion,Adolfo Mejia Maldonado,2025-12-10 06:11:21,DG1-376-E.jpg
DG5-529-J,CAMP,Ford Focus,Gris,Reposicion,Fernando Diaz Figueroa,2022-12-04 15:35:58,DG5-529-J.jpg
DKW-849-L,CAMP,Jeep Wrangler,Blanco Perlado,Activo,Alicia Plascencia Castro,2017-04-26 08:34:00,DKW-849-L.jpg
DGP-748-W,CAMP,Honda Accord,Naranja,Reposicion,Marcos Escobar Jimenez,2023-05-26 21:13:00,DGP-748-W.jpg
DFY-668-V,CAMP,Jeep Grand Cherokee,Gris,Reposicion,David Jimenez Contreras,2023-01-19 20:17:58,DFY-668-V.jpg
DG7-347-H,CAMP,Kia Sportage,Morado,Baja Definitiva,Miguel De La Cruz Rodriguez,2018-01-01 00:25:19,DG7-347-H.jpg
DKK-337-M,CAMP,Mercedes-Benz A-Class,Naranja,Cancelado,Adolfo Herrera Sepulveda,2019-03-06 19:42:23,DKK-337-M.jpg
DHG-069-M,CAMP,BMW X3,Cafe,En Proceso Legal,Roberto Morales Huerta,2018-05-16 07:28:26,DHG-069-M.jpg
DG0-342-Z,CAMP,Toyota Yaris,Gris,Baja Definitiva,Rocio Gallegos Diaz,2017-06-16 21:07:23,DG0-342-Z.jpg
DJA-852-W,CAMP,Mercedes-Benz GLC,Beige,Robado,Yolanda Sepulveda Camacho,2020-02-26 11:16:48,DJA-852-W.jpg
DFD-988-B,CAMP,Chevrolet Beat,Morado,Baja Temporal,Jose Morales Palacios,2023-07-22 02:14:57,DFD-988-B.jpg
DKB-587-E,CAMP,Peugeot 308,Verde,En Proceso Legal,Carolina Luna Morales,2022-04-20 10:56:40,DKB-587-E.jpg
DJZ-535-P,CAMP,Ford Ranger,Blanco Perlado,Robado,Alicia Orozco Chavez,2025-11-22 11:24:19,DJZ-535-P.jpg
DJ4-844-Y,CAMP,Hyundai Tucson,Rojo Oscuro,En Proceso Legal,Estela Hernandez Orozco,2020-04-24 01:50:05,DJ4-844-Y.jpg
DJM-621-G,CAMP,BMW X5,Blanco,Reposicion,Rocio Pacheco Serrano,2025-02-19 23:39:38,DJM-621-G.jpg
DJ3-988-X,CAMP,Toyota Hilux,Azul,Baja Definitiva,Marisol Correa Moya,2018-08-17 02:24:46,DJ3-988-X.jpg
DKM-907-C,CAMP,Ford Fusion,Rojo,Baja Definitiva,Alicia Silva Rios,2026-02-06 10:05:55,DKM-907-C.jpg
DFT-418-K,CAMP,Volkswagen Amarok,Blanco,En Proceso Legal,Luis Gallegos Contreras,2017-04-21 14:04:24,DFT-418-K.jpg
DGZ-703-R,CAMP,Audi A3,Verde Oscuro,Cancelado,Isabel Valdez Peña,2023-08-30 23:44:02,DGZ-703-R.jpg
DGZ-539-S,CAMP,Hyundai Accent,Blanco Perlado,Remarcaje,Yolanda De La Cruz Gutierrez,2019-11-29 11:37:12,DGZ-539-S.jpg
DFC-695-E,CAMP,Chevrolet Beat,Rojo,Cancelado,Mauricio Juarez Bravo,2019-10-10 08:58:57,DFC-695-E.jpg
DK7-633-X,CAMP,Volkswagen Amarok,Rojo Oscuro,Baja Temporal,Sandra Zarate Reyes,2022-10-07 15:27:37,DK7-633-X.jpg
DFA-999-U,CAMP,Toyota Corolla,Negro,Baja Temporal,Elizabeth Esquivel Esquivel,2017-12-18 17:46:47,DFA-999-U.jpg
DFS-374-F,CAMP,Mercedes-Benz GLC,Plateado,Baja Temporal,Fernando Guerrero Acosta,2018-11-23 12:19:51,DFS-374-F.jpg
DJL-978-B,CAMP,Fiat Cronos,Beige,Importacion Temporal,Victor Campos Escobar,2022-09-30 00:21:45,DJL-978-B.jpg
DKD-851-X,CAMP,Ford Fusion,Verde,Irregular,Salvador Hernandez Ortega,2018-02-18 11:17:55,DKD-851-X.jpg
DFX-181-C,CAMP,Hyundai Tucson,Morado,Baja Definitiva,Maria Perez Aguilar,2018-03-08 07:39:52,DFX-181-C.jpg
DG7-042-W,CAMP,Honda Civic,Plateado,Importacion Temporal,Yolanda Salazar Sanchez,2025-12-07 10:35:35,DG7-042-W.jpg
DJ7-974-B,CAMP,Ford Ranger,Gris,Activo,Adolfo Barajas Zarate,2017-01-31 14:57:26,DJ7-974-B.jpg
DGX-290-P,CAMP,Ford Fusion,Rojo,Reposicion,Sergio Huerta Herrera,2022-06-18 04:10:52,DGX-290-P.jpg
DG6-922-V,CAMP,Mercedes-Benz A-Class,Dorado,Robado,Regina Castro Urbina,2020-11-12 20:45:37,DG6-922-V.jpg
DJX-723-Z,CAMP,Fiat 500,Blanco Perlado,Cancelado,Arturo Quiroz Juarez,2020-12-28 15:23:00,DJX-723-Z.jpg
DG4-906-V,CAMP,BMW X5,Rojo,Activo,Norma Arellano Garcia,2021-12-26 16:13:27,DG4-906-V.jpg
DFH-778-H,CAMP,Mercedes-Benz C-Class,Negro,Recuperado,Mateo Morales Beltran,2024-07-02 19:57:59,DFH-778-H.jpg
DGB-628-U,CAMP,Ford Focus,Verde Oscuro,Activo,Patricia Valdez Vargas,2024-02-19 09:16:51,DGB-628-U.jpg
DJP-293-Y,CAMP,BMW 3 Series,Blanco,Activo,Miguel Portillo Herrera,2018-04-26 20:54:09,DJP-293-Y.jpg
DHM-655-M,CAMP,Mercedes-Benz C-Class,Cafe,Irregular,Lucia Rodriguez Tovar,2024-12-18 04:47:09,DHM-655-M.jpg
DJA-402-W,CAMP,Toyota Prius,Naranja,Recuperado,Monica Villalobos Montes,2021-04-16 21:12:11,DJA-402-W.jpg
DJR-328-A,CAMP,Mercedes-Benz C-Class,Amarillo,Baja Temporal,Alicia Bravo Tapia,2017-05-19 10:14:25,DJR-328-A.jpg
DFA-661-E,CAMP,Ford Ranger,Verde,Reposicion,Ruben Arroyo Zarate,2023-09-21 10:29:35,DFA-661-E.jpg
DK2-049-W,CAMP,Toyota Prius,Blanco Perlado,Baja Definitiva,Ricardo Orozco Mejia,2024-08-26 14:48:37,DK2-049-W.jpg
DJ8-340-N,CAMP,Toyota Prius,Negro,Baja Temporal,Antonio Espinoza Aguilar,2018-01-26 08:28:37,DJ8-340-N.jpg
DKZ-326-S,CAMP,Mazda MX-5,Gris,Activo,Jorge Acosta Luna,2024-01-13 08:19:11,DKZ-326-S.jpg
DKX-879-E,CAMP,Hyundai Elantra,Rojo,Robado,Norma Reyes Luna,2025-11-19 05:17:07,DKX-879-E.jpg
DKN-358-K,CAMP,Jeep Compass,Rojo,En Proceso Legal,Rocio Fernandez Correa,2018-05-03 19:00:51,DKN-358-K.jpg
DJK-484-T,CAMP,Nissan NP300,Azul Marino,Baja Temporal,Norma Esquivel Sandoval,2025-08-27 22:08:40,DJK-484-T.jpg
DGZ-036-H,CAMP,Nissan Versa,Azul,Irregular,Pedro Lopez Luna,2021-11-16 05:53:44,DGZ-036-H.jpg
DK0-175-G,CAMP,Hyundai Tucson,Dorado,Robado,David Ramos Lopez,2023-07-03 23:55:21,DK0-175-G.jpg
DGP-524-V,CAMP,Renault Kwid,Blanco,Robado,Sofia Del Valle Bravo,2022-02-11 09:20:38,DGP-524-V.jpg
DG7-678-V,CAMP,Audi Q3,Negro,Activo,Ricardo Castro Leal,2022-09-11 01:01:10,DG7-678-V.jpg
DHD-811-T,CAMP,Chevrolet Spark,Dorado,Baja Temporal,Lorena Quintero Zamora,2019-02-27 18:26:00,DHD-811-T.jpg
DGE-440-H,CAMP,Jeep Grand Cherokee,Verde Oscuro,En Proceso Legal,Andres Bravo Castillo,2017-04-12 12:13:55,DGE-440-H.jpg
DJE-574-M,CAMP,BMW X3,Rojo,Activo,Camila Soto Maldonado,2020-05-23 07:12:40,DJE-574-M.jpg
DFL-996-S,CAMP,Volkswagen Jetta,Azul Marino,Baja Temporal,Ernesto Ortega Camacho,2025-10-27 20:42:16,DFL-996-S.jpg
DG5-382-F,CAMP,Peugeot 5008,Beige,Remarcaje,Cecilia Rosales Dominguez,2021-01-28 16:22:17,DG5-382-F.jpg
DJE-335-F,CAMP,Mercedes-Benz C-Class,Negro,Reposicion,Emilio Rivera Esquivel,2022-07-11 08:55:58,DJE-335-F.jpg
DJH-961-H,CAMP,Mercedes-Benz GLC,Beige,Importacion Temporal,Elizabeth Reyes Plascencia,2024-09-19 06:11:36,DJH-961-H.jpg
DHR-489-X,CAMP,Chevrolet Beat,Rojo,Importacion Definitiva,Monica Pacheco Huerta,2017-11-20 01:36:45,DHR-489-X.jpg
DG4-200-M,CAMP,Peugeot 3008,Verde,Baja Definitiva,Liliana Diaz Solano,2024-08-18 12:34:53,DG4-200-M.jpg
DFK-029-U,CAMP,Mercedes-Benz C-Class,Morado,En Proceso Legal,Daniela Leal Vazquez,2020-04-21 11:01:43,DFK-029-U.jpg
DHY-595-A,CAMP,Mercedes-Benz C-Class,Dorado,Remarcaje,Victor Aguilar Ortega,2019-04-02 02:42:05,DHY-595-A.jpg
DGW-251-L,CAMP,Jeep Grand Cherokee,Blanco Perlado,Recuperado,Sergio Solano Vargas,2025-12-12 12:40:38,DGW-251-L.jpg
DJB-399-N,CAMP,Honda HR-V,Rojo,Importacion Temporal,Daniela Valencia Contreras,2020-03-07 16:10:12,DJB-399-N.jpg
DK7-210-N,CAMP,Mercedes-Benz C-Class,Plateado,Importacion Definitiva,Lucia Rosales Palacios,2024-07-02 17:09:48,DK7-210-N.jpg
DHV-111-T,CAMP,Honda CR-V,Verde Oscuro,Cancelado,Lorena Flores Palacios,2024-12-24 09:39:53,DHV-111-T.jpg
DKA-763-W,CAMP,Nissan Versa,Vino,Robado,Pedro Castro Izquierdo,2025-05-30 10:54:19,DKA-763-W.jpg
DFD-461-J,CAMP,Fiat Cronos,Amarillo,Homologacion,Norma Navarro Cruz,2017-12-22 21:53:53,DFD-461-J.jpg
DJ9-621-C,CAMP,Kia Forte,Azul,Recuperado,Norma Plascencia Villalobos,2019-10-25 22:57:02,DJ9-621-C.jpg
DG5-940-N,CAMP,Mazda MX-5,Naranja,Homologacion,Isabel Quiroz Peña,2018-06-29 22:50:39,DG5-940-N.jpg
DKH-565-J,CAMP,Audi Q5,Cafe,Irregular,Valeria Orozco Pacheco,2019-08-29 22:14:45,DKH-565-J.jpg
DGK-408-E,CAMP,BMW X5,Rojo Oscuro,Activo,Sebastian Plascencia Silva,2026-01-14 15:01:05,DGK-408-E.jpg
DKU-543-A,CAMP,Chevrolet Aveo,Naranja,Activo,Beatriz Quiroz Tapia,2017-09-23 03:11:08,DKU-543-A.jpg
DGT-776-F,CAMP,Peugeot 208,Plateado,Importacion Temporal,Sergio Serrano Campos,2022-03-17 03:14:50,DGT-776-F.jpg
DJW-332-V,CAMP,Nissan Versa,Morado,Recuperado,Alberto Soto Figueroa,2020-04-25 04:09:28,DJW-332-V.jpg
DG0-171-X,CAMP,Kia Rio,Gris Oscuro,Activo,Victor Reyes De La Cruz,2019-11-06 02:49:12,DG0-171-X.jpg
DHR-709-M,CAMP,Chevrolet Beat,Morado,Baja Definitiva,Leticia Suarez Navarro,2019-12-14 06:07:05,DHR-709-M.jpg
DKR-693-J,CAMP,Fiat Cronos,Morado,Reposicion,Rebeca Campos Mendoza,2017-12-11 13:05:24,DKR-693-J.jpg
DHL-323-G,CAMP,Jeep Compass,Beige,Importacion Temporal,Claudia Ramirez Fernandez,2019-08-14 14:51:07,DHL-323-G.jpg
DGG-103-K,CAMP,Peugeot 3008,Blanco,Importacion Definitiva,Raul Ramos Hernandez,2026-05-26 06:25:56,DGG-103-K.jpg
DKE-588-R,CAMP,Kia Sportage,Vino,Activo,Alicia Villegas Villalobos,2018-02-26 18:24:45,DKE-588-R.jpg
DJ4-637-U,CAMP,Peugeot 308,Dorado,Importacion Definitiva,Andres Gallegos Ortega,2019-09-03 01:34:02,DJ4-637-U.jpg
DG5-470-U,CAMP,Toyota Yaris,Rojo,Baja Temporal,Raul Camacho Tovar,2021-07-14 13:02:40,DG5-470-U.jpg
DK2-704-D,CAMP,BMW 5 Series,Negro,Cancelado,Martha Contreras Nieto,2021-06-03 02:47:15,DK2-704-D.jpg
DFF-872-E,CAMP,Renault Logan,Blanco,Activo,Guillermo Mejia Aguilar,2020-06-10 01:41:43,DFF-872-E.jpg
DHF-035-M,CAMP,Ford Focus,Morado,En Proceso Legal,Mauricio Hernandez Maldonado,2023-05-20 15:20:10,DHF-035-M.jpg
DG6-971-M,CAMP,BMW X3,Amarillo,Importacion Definitiva,Julieta Valdez Sanchez,2026-02-01 23:02:14,DG6-971-M.jpg
DJW-210-T,CAMP,Fiat Argo,Rojo,Remarcaje,Alejandra Villanueva Lopez,2018-02-15 15:11:50,DJW-210-T.jpg
DHR-727-M,CAMP,Renault Sandero,Plateado,Importacion Temporal,Beatriz Guerrero Rivera,2023-11-22 05:58:29,DHR-727-M.jpg
DFL-320-Z,CAMP,Renault Kwid,Verde,Activo,Antonio Flores Mora,2023-05-20 09:36:40,DFL-320-Z.jpg
DG4-334-H,CAMP,Fiat Argo,Amarillo,Homologacion,Noe Urbina Huerta,2024-03-06 20:18:29,DG4-334-H.jpg
DH7-349-P,CAMP,Honda Accord,Beige,Baja Definitiva,Juan Espinoza Avila,2019-01-06 00:01:30,DH7-349-P.jpg
DHM-381-E,CAMP,Volkswagen Amarok,Amarillo,Baja Definitiva,Estela Zarate Serrano,2026-01-22 04:21:05,DHM-381-E.jpg
DJ8-368-M,CAMP,Toyota Corolla,Blanco,Remarcaje,Ricardo Arroyo Pacheco,2021-09-20 22:19:24,DJ8-368-M.jpg
DHF-556-V,CAMP,Honda Civic,Dorado,Homologacion,Martha Camacho Tapia,2020-07-04 08:16:26,DHF-556-V.jpg
DFS-237-E,CAMP,Mercedes-Benz A-Class,Blanco,Importacion Temporal,Marcos Vargas Sandoval,2020-07-25 08:02:02,DFS-237-E.jpg
DJ0-691-L,CAMP,Ford Fiesta,Azul,Importacion Definitiva,Adriana Rios Contreras,2022-01-14 09:25:45,DJ0-691-L.jpg
DFC-957-K,CAMP,Hyundai Tucson,Cafe,Remarcaje,Yolanda Cruz Villegas,2020-08-26 02:37:35,DFC-957-K.jpg
DHN-853-P,CAMP,Nissan Versa,Blanco Perlado,Baja Temporal,Liliana Bravo Olvera,2019-10-17 15:39:39,DHN-853-P.jpg
DKZ-302-Z,CAMP,Volkswagen Vento,Azul,Cancelado,Lucia Valencia Mejia,2024-02-05 02:50:59,DKZ-302-Z.jpg
DKR-756-H,CAMP,Kia Rio,Negro,Robado,Rocio Esquivel Villanueva,2023-04-07 14:47:32,DKR-756-H.jpg
DGB-041-M,CAMP,Renault Kwid,Cafe,Reposicion,Rocio Carrillo Avila,2021-12-30 03:31:02,DGB-041-M.jpg
DJ3-302-S,CAMP,Peugeot 208,Rojo Oscuro,Cancelado,Carmen Juarez Del Valle,2018-08-01 17:01:05,DJ3-302-S.jpg
DHY-495-J,CAMP,Ford Ranger,Gris Oscuro,Homologacion,Estela Trejo Alvarez,2017-02-25 02:57:25,DHY-495-J.jpg
DH3-626-U,CAMP,Volkswagen Golf,Azul Marino,Baja Definitiva,Oscar Aguilar Herrera,2026-03-06 03:18:37,DH3-626-U.jpg
DKD-788-X,CAMP,Volkswagen Golf,Negro,Activo,Eduardo Suarez Del Valle,2018-12-24 21:59:59,DKD-788-X.jpg
DKA-110-M,CAMP,Fiat Toro,Amarillo,En Proceso Legal,Hector Fuentes Lopez,2022-07-12 06:15:30,DKA-110-M.jpg
DJS-826-V,CAMP,Jeep Renegade,Cafe,Reposicion,Javier Acosta Rodriguez,2020-03-04 11:47:51,DJS-826-V.jpg
DKK-961-P,CAMP,BMW X5,Azul Marino,Activo,Oscar Beltran Quiroz,2026-03-15 02:02:52,DKK-961-P.jpg
DK0-776-Z,CAMP,Volkswagen Jetta,Cafe,Reposicion,Benjamin Contreras Gallegos,2022-07-08 15:38:51,DK0-776-Z.jpg
DGC-962-K,CAMP,Mazda MX-5,Verde Oscuro,Cancelado,German Rosales Zarate,2020-01-15 20:45:38,DGC-962-K.jpg
DFU-005-F,CAMP,Toyota Hilux,Verde Oscuro,Reposicion,Cristian Nieto Montes,2023-05-19 17:59:23,DFU-005-F.jpg
DKF-561-L,CAMP,BMW X5,Plateado,Activo,Felipe Pacheco Castro,2019-06-16 07:47:56,DKF-561-L.jpg
DH8-704-S,CAMP,Ford Focus,Morado,Cancelado,Oscar Espinoza Huerta,2022-10-27 15:32:32,DH8-704-S.jpg
DJE-442-S,CAMP,Volkswagen Amarok,Rojo Oscuro,Activo,Felipe Morales Montoya,2024-03-09 00:18:41,DJE-442-S.jpg
DFT-595-M,CAMP,Hyundai Accent,Rojo,En Proceso Legal,Felipe Espinoza Correa,2025-08-22 07:22:34,DFT-595-M.jpg
DFR-166-J,CAMP,Mazda MX-5,Blanco,Importacion Definitiva,Alicia Soto Montes,2024-07-13 17:27:17,DFR-166-J.jpg
DKK-198-A,CAMP,Honda Accord,Dorado,Activo,Fernando Herrera Camacho,2018-09-28 01:08:42,DKK-198-A.jpg
DKU-709-M,CAMP,Mazda 3,Negro,Activo,Marina Maldonado Alvarez,2017-09-02 05:05:34,DKU-709-M.jpg
DHB-420-S,CAMP,Fiat Argo,Negro,Importacion Definitiva,Marcos Cabrera Hernandez,2022-06-20 03:32:37,DHB-420-S.jpg
DGD-394-F,CAMP,Nissan Sentra,Rojo,En Proceso Legal,Hector Cordero Zamora,2017-09-03 01:03:51,DGD-394-F.jpg
DG3-724-N,CAMP,Honda CR-V,Negro,En Proceso Legal,Ruben Rios Camacho,2026-04-30 11:49:01,DG3-724-N.jpg
DG7-687-R,CAMP,Ford Focus,Azul,Importacion Temporal,Angela Cordero Juarez,2021-04-08 19:11:11,DG7-687-R.jpg
DKV-190-N,CAMP,Chevrolet Aveo,Morado,Robado,Oscar Valdez Gallegos,2021-12-04 06:08:40,DKV-190-N.jpg
DHY-973-H,CAMP,Mercedes-Benz GLC,Vino,En Proceso Legal,Estela Ortega Correa,2021-07-05 10:01:55,DHY-973-H.jpg
DG3-441-Y,CAMP,Renault Sandero,Verde,Recuperado,Susana Hernandez Carrillo,2020-08-16 19:40:40,DG3-441-Y.jpg
DJD-568-L,CAMP,Toyota Hilux,Morado,Importacion Temporal,Rebeca Orozco Villanueva,2021-11-14 14:04:44,DJD-568-L.jpg
DG1-107-F,CAMP,Jeep Compass,Amarillo,Remarcaje,Hugo Rios Tovar,2025-04-20 06:18:22,DG1-107-F.jpg
DGR-046-S,CAMP,Nissan Versa,Cafe,Baja Temporal,Cristian Gonzalez Alvarez,2017-01-20 07:06:42,DGR-046-S.jpg
DFU-123-J,CAMP,Kia Sorento,Morado,Homologacion,Camila Mendoza Silva,2018-01-22 02:53:58,DFU-123-J.jpg
DGC-050-N,CAMP,Peugeot 208,Azul Marino,Baja Definitiva,Maria Peña Ruiz,2019-02-18 12:29:26,DGC-050-N.jpg
DFF-098-D,CAMP,Toyota Prius,Verde,Activo,Valeria Alvarez Salazar,2025-05-16 05:44:19,DFF-098-D.jpg
DFN-492-C,CAMP,Chevrolet Beat,Gris,Cancelado,Diego Zarate Chavez,2019-04-30 22:57:40,DFN-492-C.jpg
DG8-451-H,CAMP,Mercedes-Benz GLA,Negro,Activo,Norma Fernandez Escobar,2022-05-17 20:34:52,DG8-451-H.jpg
DHU-662-V,CAMP,Toyota Yaris,Rojo,Baja Definitiva,Valeria Zarate Alvarez,2023-05-31 06:31:04,DHU-662-V.jpg
DFL-495-V,CAMP,BMW 5 Series,Verde,Remarcaje,Alejandra Reyes Aguilar,2024-05-10 15:07:42,DFL-495-V.jpg
DK2-518-Z,CAMP,Chevrolet Cruze,Cafe,Reposicion,Adriana Torres Rosales,2018-07-15 12:28:12,DK2-518-Z.jpg
DFY-989-G,CAMP,Ford Ranger,Azul Marino,Cancelado,Susana Medina Izquierdo,2021-01-16 06:19:10,DFY-989-G.jpg
DKV-117-M,CAMP,Fiat Argo,Blanco,Recuperado,Claudia Orozco Navarro,2024-07-03 02:28:57,DKV-117-M.jpg
DKU-686-L,CAMP,Hyundai Elantra,Blanco Perlado,Baja Definitiva,Hector Correa Castillo,2026-04-15 12:36:39,DKU-686-L.jpg
DJX-552-V,CAMP,Audi A3,Naranja,Recuperado,Isabel Chavez Valencia,2022-05-11 07:26:30,DJX-552-V.jpg
DJE-193-C,CAMP,Audi Q5,Blanco,Robado,Renata Ruiz Barajas,2023-03-20 16:41:52,DJE-193-C.jpg
DG6-968-B,CAMP,Mercedes-Benz GLC,Naranja,Activo,Javier Bravo Camacho,2019-09-03 08:44:04,DG6-968-B.jpg
DHB-420-R,CAMP,Kia Rio,Plateado,Baja Definitiva,Jorge Villalobos Avila,2024-06-07 04:58:24,DHB-420-R.jpg
DKS-017-F,CAMP,Mercedes-Benz A-Class,Naranja,Baja Temporal,Oscar Olvera Cruz,2019-04-26 19:17:05,DKS-017-F.jpg
DGL-264-G,CAMP,Mazda MX-5,Gris,Remarcaje,Rocio Villalobos Morales,2021-04-05 12:32:16,DGL-264-G.jpg
DHL-090-C,CAMP,Volkswagen Jetta,Azul,Remarcaje,Veronica Ramirez Luna,2017-08-15 22:30:39,DHL-090-C.jpg
DHB-727-J,CAMP,Hyundai Tucson,Rojo,Activo,Cecilia Rodriguez Figueroa,2024-04-24 11:49:35,DHB-727-J.jpg
DGM-617-G,CAMP,Kia Sportage,Rojo,Activo,Carlos Suarez Mejia,2018-06-10 11:46:10,DGM-617-G.jpg
DJW-061-F,CAMP,Toyota Yaris,Cafe,Irregular,Felipe Ramos Flores,2021-09-24 16:30:21,DJW-061-F.jpg
DHB-962-A,CAMP,Honda Accord,Naranja,Reposicion,Ruben Espinoza Beltran,2019-02-09 04:47:40,DHB-962-A.jpg
DGS-764-B,CAMP,BMW 5 Series,Azul,Importacion Temporal,Carlos Diaz Perez,2019-09-04 10:39:22,DGS-764-B.jpg
DGS-450-E,CAMP,Ford Ranger,Rojo Oscuro,Activo,Hugo Pacheco Martinez,2023-01-18 01:40:58,DGS-450-E.jpg
DH1-760-H,CAMP,Chevrolet Spark,Blanco,Importacion Definitiva,German Quintero Velazquez,2023-03-21 21:06:52,DH1-760-H.jpg
DJE-884-Z,CAMP,BMW X5,Azul Marino,Activo,Benjamin Soto Reyes,2020-08-24 19:43:32,DJE-884-Z.jpg
DFB-748-X,CAMP,Fiat Cronos,Verde,Activo,Adolfo Guerrero Castillo,2020-02-05 15:32:03,DFB-748-X.jpg
DGZ-519-W,CAMP,Toyota Prius,Vino,Baja Definitiva,Marco Moya Contreras,2021-11-07 18:45:30,DGZ-519-W.jpg
DJW-128-P,CAMP,Hyundai Tucson,Cafe,En Proceso Legal,Juan Esquivel Rodriguez,2021-12-03 21:17:21,DJW-128-P.jpg
DH3-786-R,CAMP,Fiat Cronos,Verde,Importacion Definitiva,Hector Navarro Huerta,2017-03-09 03:47:58,DH3-786-R.jpg
DFA-906-T,CAMP,Audi A4,Morado,Activo,Estela Mejia Quiroz,2018-11-02 04:48:54,DFA-906-T.jpg
DKB-683-X,CAMP,Fiat Cronos,Blanco Perlado,Activo,Noe Mora Dominguez,2020-10-17 09:20:33,DKB-683-X.jpg
DHD-728-M,CAMP,Hyundai Santa Fe,Gris,Activo,Benjamin Arroyo Reyes,2022-01-30 04:22:36,DHD-728-M.jpg
DHM-017-W,CAMP,Mazda CX-5,Negro,Importacion Definitiva,Rocio Pineda Velazquez,2019-05-04 17:41:16,DHM-017-W.jpg
DGX-328-M,CAMP,Hyundai Elantra,Morado,Activo,Monica Solano Vazquez,2025-02-06 10:39:58,DGX-328-M.jpg
DKM-367-B,CAMP,Volkswagen Amarok,Vino,Baja Definitiva,Cristian De La Cruz Beltran,2018-03-22 07:29:26,DKM-367-B.jpg
DG3-138-A,CAMP,Jeep Compass,Azul,Importacion Temporal,Salvador Ortega Mendoza,2020-12-18 00:30:37,DG3-138-A.jpg
DG8-049-G,CAMP,Peugeot 3008,Blanco,Homologacion,Rebeca Palacios Montoya,2018-01-03 16:00:51,DG8-049-G.jpg
DJ5-648-J,CAMP,Volkswagen Amarok,Negro,Activo,Norma Solano Correa,2022-12-30 09:10:24,DJ5-648-J.jpg
DHS-535-B,CAMP,Chevrolet Beat,Gris Oscuro,Activo,Rosa Serrano Cordero,2023-06-29 08:33:15,DHS-535-B.jpg
DGF-450-Y,CAMP,Hyundai Santa Fe,Verde Oscuro,Homologacion,Fernando Trejo Cruz,2024-01-10 02:11:33,DGF-450-Y.jpg
DKG-266-C,CAMP,Renault Duster,Azul,Activo,Ana Vargas Aguilar,2022-10-18 16:29:38,DKG-266-C.jpg
DK3-134-W,CAMP,Kia Forte,Vino,Irregular,Roberto Sanchez Estrada,2024-01-02 14:20:55,DK3-134-W.jpg
DKG-984-R,CAMP,Chevrolet Spark,Amarillo,Importacion Definitiva,Angela Vargas Montes,2021-05-04 10:29:50,DKG-984-R.jpg
DHS-714-Y,CAMP,BMW 5 Series,Azul Marino,Baja Definitiva,Sergio Navarro Trejo,2025-11-11 19:36:31,DHS-714-Y.jpg
DFA-436-W,CAMP,Nissan Sentra,Blanco Perlado,Activo,Adolfo Fuentes Montoya,2023-09-03 16:15:04,DFA-436-W.jpg
DHP-331-X,CAMP,Fiat Toro,Vino,Homologacion,Ignacio Orozco Diaz,2024-11-19 05:51:35,DHP-331-X.jpg
DG5-886-K,CAMP,Toyota Prius,Amarillo,Reposicion,Leticia Sanchez Villegas,2023-11-09 09:16:05,DG5-886-K.jpg
DJA-014-J,CAMP,Ford Focus,Naranja,Activo,Hector Hernandez Escobar,2018-06-11 14:35:07,DJA-014-J.jpg
DFT-267-V,CAMP,Kia Sorento,Gris,Recuperado,Alberto Sandoval Martinez,2024-04-28 18:25:45,DFT-267-V.jpg
DKZ-446-U,CAMP,Mercedes-Benz GLA,Gris Oscuro,Irregular,Liliana Guerrero Estrada,2020-02-12 22:33:42,DKZ-446-U.jpg
DFH-448-U,CAMP,Jeep Renegade,Gris,En Proceso Legal,Gabriela Ramirez Diaz,2026-04-03 05:45:13,DFH-448-U.jpg
DHD-111-C,CAMP,Audi Q5,Amarillo,Reposicion,Guadalupe Lopez Quiroz,2025-12-16 23:39:42,DHD-111-C.jpg
DHS-302-B,CAMP,Fiat 500,Morado,Remarcaje,Elizabeth Trejo Chavez,2020-09-28 03:39:05,DHS-302-B.jpg
DJ3-910-N,CAMP,Renault Logan,Amarillo,Remarcaje,Carmen Rodriguez Peña,2021-12-05 15:53:36,DJ3-910-N.jpg
DGH-260-X,CAMP,Renault Duster,Amarillo,Activo,David Serrano Barajas,2020-11-28 09:50:04,DGH-260-X.jpg
DJT-097-R,CAMP,Mazda CX-5,Blanco,En Proceso Legal,Juan Orozco Perez,2021-08-19 23:15:17,DJT-097-R.jpg
DKY-259-C,CAMP,Audi Q3,Azul,En Proceso Legal,Fernando Torres Ramos,2024-02-25 13:46:26,DKY-259-C.jpg
DK6-566-J,CAMP,Mazda MX-5,Negro,Activo,Marisol Flores Torres,2021-04-23 12:07:47,DK6-566-J.jpg
DKT-358-E,CAMP,Audi A3,Rojo Oscuro,Baja Temporal,Regina Trejo Morales,2023-03-26 01:15:12,DKT-358-E.jpg
DK2-121-S,CAMP,Chevrolet Beat,Verde,Activo,Oscar Hernandez Cordero,2020-03-03 01:30:33,DK2-121-S.jpg
DGN-582-Y,CAMP,Nissan March,Verde,Activo,Angela Campos Serrano,2024-11-30 12:47:35,DGN-582-Y.jpg
DFG-147-L,CAMP,Audi Q3,Beige,Activo,Paola Tapia Moya,2022-02-06 03:48:40,DFG-147-L.jpg
DJF-175-B,CAMP,Toyota Yaris,Azul Marino,Robado,Norma Guerrero Reyes,2023-02-04 04:28:59,DJF-175-B.jpg
DHG-943-S,CAMP,Chevrolet Cruze,Verde Oscuro,Activo,Martha Vazquez Palacios,2021-06-12 10:58:49,DHG-943-S.jpg
DGY-250-T,CAMP,Fiat Argo,Verde Oscuro,Robado,Mauricio Rios Hernandez,2022-10-03 15:27:51,DGY-250-T.jpg
DH4-294-K,CAMP,Ford Fiesta,Amarillo,Homologacion,Lucia Castro Peña,2018-12-14 00:10:18,DH4-294-K.jpg
DJE-676-D,CAMP,Hyundai Santa Fe,Rojo Oscuro,En Proceso Legal,Adolfo Dominguez Nieto,2021-08-22 14:37:22,DJE-676-D.jpg
DGV-066-L,CAMP,Ford Ranger,Azul,Reposicion,Manuel Zarate Silva,2017-07-05 21:37:57,DGV-066-L.jpg
DHR-967-Y,CAMP,Chevrolet Beat,Verde Oscuro,Baja Temporal,Marco Montoya Avila,2023-06-22 17:16:12,DHR-967-Y.jpg
DH1-004-K,CAMP,Jeep Renegade,Azul Marino,Activo,Alberto Espinoza Aguilar,2020-01-20 05:10:39,DH1-004-K.jpg
DHU-285-L,CAMP,Kia Sportage,Rojo,Recuperado,Marcos Arellano Garcia,2022-03-01 01:20:38,DHU-285-L.jpg
DKL-649-L,CAMP,Toyota Hilux,Verde,Recuperado,Beatriz Trejo Tovar,2023-09-09 16:41:23,DKL-649-L.jpg
DJ8-224-U,CAMP,Toyota Yaris,Azul,Activo,Fernando Escobar Mora,2021-08-25 01:26:21,DJ8-224-U.jpg
DGT-019-K,CAMP,Hyundai Tucson,Rojo Oscuro,Baja Temporal,Oscar Plascencia Lopez,2017-03-14 05:58:01,DGT-019-K.jpg
DG8-927-N,CAMP,Audi Q3,Morado,Reposicion,Ignacio Del Valle Ramirez,2018-07-07 17:37:06,DG8-927-N.jpg
DJG-108-A,CAMP,Volkswagen Jetta,Gris,Remarcaje,Hugo Leal Castro,2019-07-17 14:11:55,DJG-108-A.jpg
DG4-929-N,CAMP,Ford Fiesta,Gris,Remarcaje,Elizabeth Torres Valencia,2024-06-21 03:55:17,DG4-929-N.jpg
DG3-363-A,CAMP,Toyota Hilux,Gris,Irregular,David Gutierrez Jimenez,2020-01-12 12:55:56,DG3-363-A.jpg
DHX-506-U,CAMP,Hyundai Accent,Dorado,Importacion Definitiva,Fabiola Pineda Gallegos,2018-09-27 11:52:26,DHX-506-U.jpg
DH7-064-V,CAMP,Jeep Wrangler,Blanco Perlado,Cancelado,Liliana Castro Valencia,2023-04-04 12:23:30,DH7-064-V.jpg
DG3-621-W,CAMP,Mercedes-Benz A-Class,Gris Oscuro,Activo,Susana Peña Huerta,2020-07-30 04:10:46,DG3-621-W.jpg
DHJ-506-V,CAMP,Kia Sorento,Blanco,Cancelado,Cristian Navarro Dominguez,2020-02-23 14:41:34,DHJ-506-V.jpg
DH6-365-U,CAMP,Renault Sandero,Plateado,Reposicion,Ana Aguilar Vazquez,2017-09-07 05:38:17,DH6-365-U.jpg
DJF-255-K,CAMP,Honda HR-V,Vino,Activo,Pedro Serrano Orozco,2024-01-28 16:12:25,DJF-255-K.jpg
DGW-292-P,CAMP,Chevrolet Beat,Azul,Importacion Temporal,Rosa Flores Torres,2023-11-01 16:50:56,DGW-292-P.jpg
DKX-154-B,CAMP,Audi A3,Rojo Oscuro,Activo,Benjamin Sandoval Olvera,2017-05-22 14:31:58,DKX-154-B.jpg
DHH-985-L,CAMP,Audi A3,Azul,Homologacion,Alejandro Fuentes Sandoval,2024-07-25 07:11:29,DHH-985-L.jpg
DHK-534-G,CAMP,Chevrolet Aveo,Gris Oscuro,Importacion Temporal,Cecilia Pacheco Escobar,2021-06-24 12:50:59,DHK-534-G.jpg
DG7-555-U,CAMP,Fiat Cronos,Plateado,En Proceso Legal,Sofia Perez Dominguez,2024-11-06 06:36:37,DG7-555-U.jpg
DFC-638-D,CAMP,Chevrolet Aveo,Plateado,Activo,Fabiola Luna Trejo,2020-07-25 17:26:50,DFC-638-D.jpg
DJJ-018-E,CAMP,Fiat Toro,Vino,Remarcaje,Rocio Huerta Tovar,2018-06-07 07:02:28,DJJ-018-E.jpg
DGV-757-J,CAMP,Honda CR-V,Azul,Activo,Martha De La Cruz Rodriguez,2018-03-07 13:49:39,DGV-757-J.jpg
DNS-366-F,CHIS,Mazda CX-5,Negro,Baja Definitiva,Claudia Carrillo Silva,2019-12-08 21:46:22,DNS-366-F.jpg
DLV-229-R,CHIS,Mercedes-Benz C-Class,Naranja,Activo,Elias Romero Flores,2017-03-02 17:59:10,DLV-229-R.jpg
DRY-583-R,CHIS,Jeep Renegade,Vino,Baja Definitiva,Fernando Trejo Arellano,2026-02-24 21:15:13,DRY-583-R.jpg
DN0-043-J,CHIS,Mercedes-Benz A-Class,Naranja,Irregular,Adriana Tovar Gallegos,2018-12-08 02:30:57,DN0-043-J.jpg
DLU-056-E,CHIS,Hyundai Tucson,Gris,Irregular,Ernesto Vazquez Rios,2026-01-23 00:23:15,DLU-056-E.jpg
DND-077-G,CHIS,Chevrolet Aveo,Blanco,Remarcaje,Cristian Gonzalez Leal,2023-08-20 01:34:11,DND-077-G.jpg
DNV-435-H,CHIS,BMW X5,Beige,Robado,Angela Luna Acosta,2023-08-04 14:33:12,DNV-435-H.jpg
DMR-305-G,CHIS,Mazda 2,Vino,Activo,Liliana Chavez Bravo,2022-07-06 14:14:35,DMR-305-G.jpg
DPR-504-G,CHIS,Chevrolet Cruze,Plateado,Reposicion,David Gallegos Peña,2026-02-27 21:11:27,DPR-504-G.jpg
DSY-376-P,CHIS,Ford Fusion,Azul Marino,Baja Temporal,Leticia Tovar Nieto,2024-12-16 04:11:40,DSY-376-P.jpg
DNZ-803-U,CHIS,Ford Focus,Azul,Homologacion,Juan Contreras Diaz,2021-12-31 08:36:33,DNZ-803-U.jpg
DLW-536-F,CHIS,Honda Civic,Amarillo,Activo,Lorena Romero Vazquez,2018-12-03 01:56:18,DLW-536-F.jpg
DNS-988-S,CHIS,Audi Q3,Gris Oscuro,Activo,Carlos Fernandez Romero,2021-03-08 14:59:50,DNS-988-S.jpg
DSY-120-K,CHIS,Kia Sorento,Blanco,Importacion Definitiva,Marco Villalobos Fuentes,2024-06-30 18:12:11,DSY-120-K.jpg
DSM-887-A,CHIS,Ford Focus,Plateado,Reposicion,Sandra Contreras Salazar,2025-03-25 14:38:32,DSM-887-A.jpg
DSH-600-Z,CHIS,Honda Civic,Morado,Importacion Definitiva,Benjamin Estrada Esquivel,2023-08-22 18:35:05,DSH-600-Z.jpg
DNW-791-M,CHIS,Ford Focus,Gris Oscuro,Robado,Raul Jimenez Zarate,2022-05-06 22:04:59,DNW-791-M.jpg
DLC-117-Y,CHIS,Mercedes-Benz GLA,Negro,En Proceso Legal,Oscar Vazquez Ortega,2025-11-12 06:00:18,DLC-117-Y.jpg
DSJ-129-S,CHIS,Mercedes-Benz A-Class,Verde,Remarcaje,Marina Peña Rios,2023-11-05 12:17:21,DSJ-129-S.jpg
DNF-305-E,CHIS,Ford Focus,Gris Oscuro,Remarcaje,Renata Castillo Estrada,2019-12-13 01:26:15,DNF-305-E.jpg
DM8-802-L,CHIS,Renault Logan,Morado,Activo,Claudia Suarez Hernandez,2020-06-02 14:37:22,DM8-802-L.jpg
DNP-721-F,CHIS,Chevrolet Spark,Rojo Oscuro,Baja Definitiva,Javier Serrano Beltran,2024-07-13 17:42:56,DNP-721-F.jpg
DMH-780-U,CHIS,Nissan March,Azul,Reposicion,Armando Cordero Arellano,2024-09-26 09:52:57,DMH-780-U.jpg
DNG-845-E,CHIS,Volkswagen Vento,Naranja,Irregular,Yolanda Portillo Beltran,2021-08-05 17:41:06,DNG-845-E.jpg
DSF-329-A,CHIS,BMW X3,Dorado,Importacion Definitiva,Oscar Suarez Sepulveda,2023-04-14 22:20:13,DSF-329-A.jpg
DRM-950-H,CHIS,Toyota Prius,Morado,Activo,Lorena Solano Sanchez,2020-10-31 06:15:00,DRM-950-H.jpg
DPG-310-X,CHIS,Jeep Grand Cherokee,Plateado,Cancelado,Beatriz Valencia Camacho,2024-02-05 14:07:10,DPG-310-X.jpg
DRF-894-F,CHIS,BMW X3,Rojo Oscuro,En Proceso Legal,Jesus Tapia Gallegos,2022-10-23 12:22:04,DRF-894-F.jpg
DN1-742-G,CHIS,Kia Sportage,Dorado,Activo,Angela Rosales Suarez,2017-08-11 11:28:54,DN1-742-G.jpg
DR6-189-X,CHIS,Honda HR-V,Naranja,Irregular,Elias Delgado Valencia,2018-03-02 16:03:40,DR6-189-X.jpg
DMY-296-K,CHIS,Renault Kwid,Rojo,En Proceso Legal,Cristian Navarro Tovar,2023-03-18 22:24:41,DMY-296-K.jpg
DSF-624-L,CHIS,Renault Duster,Rojo,Reposicion,Lorena Tovar Montoya,2020-11-08 16:18:48,DSF-624-L.jpg
DP4-211-A,CHIS,Jeep Renegade,Verde Oscuro,Activo,Marisol Montoya Espinoza,2020-11-20 13:00:58,DP4-211-A.jpg
DNW-923-D,CHIS,Hyundai Santa Fe,Dorado,Importacion Temporal,Silvia Hernandez Gutierrez,2017-05-03 21:03:28,DNW-923-D.jpg
DLE-509-Y,CHIS,Renault Duster,Verde,Importacion Temporal,Sandra Silva Velazquez,2022-11-30 12:56:25,DLE-509-Y.jpg
DMZ-641-V,CHIS,Ford Ranger,Blanco,Activo,Rocio Perez Guerrero,2021-03-29 16:46:48,DMZ-641-V.jpg
DNT-169-R,CHIS,Nissan NP300,Beige,Remarcaje,Benjamin Mora Carrillo,2020-06-27 06:21:44,DNT-169-R.jpg
DMW-922-Z,CHIS,BMW X5,Blanco,Recuperado,Felipe Peña Mejia,2024-05-07 14:00:36,DMW-922-Z.jpg
DR9-624-Y,CHIS,Renault Duster,Blanco,Importacion Temporal,Diego Ruiz Juarez,2022-06-01 22:30:49,DR9-624-Y.jpg
DMJ-960-W,CHIS,Volkswagen Golf,Morado,Irregular,Adriana Contreras Zamora,2024-05-22 15:11:05,DMJ-960-W.jpg
DM6-298-K,CHIS,Honda HR-V,Gris Oscuro,Remarcaje,Raul Moya Rosales,2019-11-23 16:07:35,DM6-298-K.jpg
DPN-332-J,CHIS,Nissan NP300,Dorado,Remarcaje,Elias Maldonado Rios,2024-10-27 23:51:52,DPN-332-J.jpg
DR4-130-B,CHIS,Mazda 2,Verde,Recuperado,Adriana Valencia Hernandez,2017-01-29 10:34:39,DR4-130-B.jpg
DNS-005-B,CHIS,Fiat Toro,Vino,Reposicion,Guillermo Luna Moya,2019-12-26 22:01:43,DNS-005-B.jpg
DNB-347-Z,CHIS,Renault Logan,Vino,Robado,Silvia Lopez Pineda,2018-03-20 21:29:08,DNB-347-Z.jpg
DMZ-190-Z,CHIS,Audi A3,Dorado,En Proceso Legal,Ernesto Pineda Solano,2021-11-24 22:55:47,DMZ-190-Z.jpg
DNA-377-R,CHIS,Ford Fiesta,Gris,Importacion Temporal,Ignacio Plascencia Fernandez,2020-08-13 07:05:50,DNA-377-R.jpg
DLM-866-M,CHIS,Toyota Prius,Amarillo,Irregular,Carmen Garcia Fernandez,2018-01-06 02:52:00,DLM-866-M.jpg
DNX-088-B,CHIS,Fiat Toro,Gris,Homologacion,Renata Morales Morales,2019-06-16 05:28:17,DNX-088-B.jpg
DP5-061-G,CHIS,BMW X5,Verde Oscuro,Reposicion,Elsa Avila Ramirez,2020-08-31 19:13:39,DP5-061-G.jpg
DNB-425-E,CHIS,Mazda MX-5,Beige,Robado,Alejandro Leal Martinez,2018-08-02 03:00:54,DNB-425-E.jpg
DMT-236-E,CHIS,Ford Fiesta,Morado,Activo,Norma Chavez Fuentes,2023-10-03 16:31:50,DMT-236-E.jpg
DMV-905-N,CHIS,Chevrolet Aveo,Amarillo,Homologacion,Monica Camacho Arroyo,2025-07-05 15:47:57,DMV-905-N.jpg
DS2-917-R,CHIS,Nissan Sentra,Verde Oscuro,En Proceso Legal,Antonio Romero Rivera,2020-03-24 19:17:35,DS2-917-R.jpg
DR6-693-R,CHIS,Kia Sorento,Verde,En Proceso Legal,Guillermo Montes Gutierrez,2024-07-31 21:48:41,DR6-693-R.jpg
DSU-970-H,CHIS,Volkswagen Golf,Dorado,En Proceso Legal,Ernesto Villanueva Espinoza,2025-07-02 07:36:05,DSU-970-H.jpg
DM6-198-D,CHIS,Ford Focus,Blanco Perlado,Irregular,Gabriela Ruiz Romero,2023-06-11 11:40:29,DM6-198-D.jpg
DRC-011-U,CHIS,Kia Sportage,Amarillo,Robado,Mateo Olvera Contreras,2026-03-04 18:16:34,DRC-011-U.jpg
DNF-590-S,CHIS,Toyota Corolla,Negro,Cancelado,Estela Castillo Nieto,2025-06-18 07:23:01,DNF-590-S.jpg
DRR-575-C,CHIS,Ford Ranger,Rojo,Cancelado,Liliana Solano Bravo,2018-05-21 08:14:03,DRR-575-C.jpg
DNJ-084-J,CHIS,Hyundai Tucson,Naranja,Importacion Temporal,Maria Guerrero Pineda,2024-05-17 10:32:10,DNJ-084-J.jpg
DPB-931-H,CHIS,Toyota Hilux,Gris,Robado,Ignacio Ruiz Mejia,2018-05-29 06:39:26,DPB-931-H.jpg
DLU-576-E,CHIS,Nissan March,Verde,Activo,Sofia Bravo Huerta,2019-11-04 06:37:03,DLU-576-E.jpg
DRK-866-M,CHIS,BMW X3,Gris Oscuro,Baja Temporal,Eduardo Garcia Avila,2020-04-08 18:55:13,DRK-866-M.jpg
DS7-937-U,CHIS,BMW X5,Morado,Recuperado,Alejandro Sandoval Moya,2023-09-26 13:47:00,DS7-937-U.jpg
DRZ-631-R,CHIS,Kia Rio,Cafe,Homologacion,Ana Herrera Sanchez,2023-01-13 21:22:59,DRZ-631-R.jpg
DNX-242-E,CHIS,Peugeot 308,Rojo,Activo,Roberto Urbina Peña,2020-06-09 15:26:09,DNX-242-E.jpg
DPN-633-Z,CHIS,Fiat Argo,Verde Oscuro,Activo,Rosa Rios Medina,2022-06-27 13:56:56,DPN-633-Z.jpg
DS1-660-J,CHIS,Audi Q5,Verde,Homologacion,Marina Portillo Rios,2025-08-04 09:35:32,DS1-660-J.jpg
DLY-637-N,CHIS,Hyundai Accent,Vino,Activo,Lorena Montes Solano,2023-07-16 11:44:24,DLY-637-N.jpg
DLL-948-M,CHIS,Peugeot 308,Plateado,Baja Temporal,Sergio Portillo Castillo,2019-12-18 05:45:08,DLL-948-M.jpg
DSE-768-J,CHIS,Audi A3,Beige,En Proceso Legal,Beatriz Chavez Vargas,2022-12-14 10:35:53,DSE-768-J.jpg
DNP-300-A,CHIS,Kia Sorento,Verde Oscuro,Importacion Temporal,Norma Rodriguez Dominguez,2025-04-11 22:23:41,DNP-300-A.jpg
DPR-275-M,CHIS,Chevrolet Beat,Negro,Recuperado,Maria Peña Herrera,2022-10-21 11:48:29,DPR-275-M.jpg
DMC-127-E,CHIS,Peugeot 3008,Gris,Cancelado,Adolfo De La Cruz Portillo,2019-02-20 09:16:45,DMC-127-E.jpg
DMB-768-Y,CHIS,Jeep Compass,Azul Marino,Importacion Definitiva,Silvia Sanchez Plascencia,2019-09-08 04:59:19,DMB-768-Y.jpg
DRS-785-L,CHIS,Volkswagen Jetta,Blanco,Baja Temporal,Ernesto Ramos Cabrera,2021-06-17 02:12:33,DRS-785-L.jpg
DMM-673-P,CHIS,Hyundai Elantra,Cafe,Remarcaje,Rosa Medina Bravo,2020-08-14 03:41:03,DMM-673-P.jpg
DST-268-R,CHIS,Honda CR-V,Rojo Oscuro,Baja Definitiva,Alejandro Peña Quintero,2021-11-06 00:00:00,DST-268-R.jpg
DRU-717-Z,CHIS,Nissan NP300,Dorado,Activo,Hugo Nieto Diaz,2020-04-22 18:20:13,DRU-717-Z.jpg
DM5-876-X,CHIS,Volkswagen Amarok,Gris Oscuro,En Proceso Legal,Teresa Mendoza Delgado,2024-09-30 09:39:30,DM5-876-X.jpg
DMW-224-F,CHIS,Fiat 500,Rojo Oscuro,Baja Definitiva,Elsa Quiroz Valencia,2025-12-09 12:57:07,DMW-224-F.jpg
DSF-662-Z,CHIS,Nissan Versa,Gris Oscuro,Importacion Temporal,Maria Villalobos Martinez,2024-04-24 20:40:24,DSF-662-Z.jpg
DNW-832-V,CHIS,Nissan NP300,Blanco,Homologacion,Isabel Perez Del Valle,2026-02-27 13:04:17,DNW-832-V.jpg
DMG-528-C,CHIS,Mercedes-Benz C-Class,Azul,Importacion Temporal,Silvia Jimenez Palacios,2020-01-15 04:27:23,DMG-528-C.jpg
DPM-109-V,CHIS,Chevrolet Aveo,Negro,Activo,Pedro Del Valle Martinez,2021-11-14 07:58:10,DPM-109-V.jpg
DPZ-795-X,CHIS,Chevrolet Spark,Verde,Irregular,Sergio Rivera Arellano,2018-09-20 13:01:23,DPZ-795-X.jpg
DRV-803-R,CHIS,Hyundai Accent,Plateado,Activo,Daniela Cabrera Mejia,2020-07-26 09:18:21,DRV-803-R.jpg
DRS-668-D,CHIS,Chevrolet Beat,Blanco Perlado,Activo,Ernesto Silva Hernandez,2021-05-03 06:16:59,DRS-668-D.jpg
DS6-689-X,CHIS,BMW 5 Series,Verde Oscuro,Activo,Alicia Sandoval Salazar,2018-04-26 19:30:05,DS6-689-X.jpg
DNJ-985-J,CHIS,Jeep Renegade,Azul,Importacion Temporal,Jesus Ramos Beltran,2022-10-21 06:06:14,DNJ-985-J.jpg
DN9-975-J,CHIS,Fiat Toro,Verde Oscuro,Cancelado,Antonio Plascencia Rosales,2026-04-24 20:13:47,DN9-975-J.jpg
DMB-101-E,CHIS,Renault Logan,Dorado,Remarcaje,Silvia Rodriguez Trejo,2021-06-25 07:21:07,DMB-101-E.jpg
DLB-469-V,CHIS,Mazda 2,Azul,Activo,Angela Alvarez Pineda,2025-12-12 00:58:32,DLB-469-V.jpg
DMA-680-M,CHIS,Fiat Toro,Verde,Importacion Temporal,Martha Nieto Olvera,2024-02-07 16:54:13,DMA-680-M.jpg
DN1-213-H,CHIS,Renault Duster,Amarillo,Homologacion,Alicia Valdez Jimenez,2023-05-02 21:36:12,DN1-213-H.jpg
DS5-490-U,CHIS,Jeep Compass,Dorado,Remarcaje,Paola Delgado Jimenez,2017-01-30 20:48:56,DS5-490-U.jpg
DNV-588-E,CHIS,Peugeot 3008,Morado,Activo,Eduardo Delgado Escobar,2019-04-20 10:33:21,DNV-588-E.jpg
DPU-976-J,CHIS,Mazda 3,Azul Marino,En Proceso Legal,Roberto Navarro Chavez,2024-01-11 14:21:02,DPU-976-J.jpg
DR6-639-G,CHIS,Chevrolet Cruze,Blanco,Reposicion,Ana Herrera Maldonado,2021-09-04 21:24:24,DR6-639-G.jpg
DMW-401-R,CHIS,BMW X3,Beige,Baja Definitiva,Elias Cervantes Estrada,2025-09-14 14:20:29,DMW-401-R.jpg
DME-205-R,CHIS,Kia Rio,Gris Oscuro,Baja Temporal,Paola Ortega Hernandez,2017-11-17 22:47:48,DME-205-R.jpg
DLJ-447-T,CHIS,Mazda 2,Blanco Perlado,Importacion Definitiva,Lucia Cervantes Sanchez,2025-09-03 02:07:01,DLJ-447-T.jpg
DSM-479-L,CHIS,Mazda 3,Naranja,En Proceso Legal,Oscar Tovar Lopez,2025-04-13 17:49:43,DSM-479-L.jpg
DP7-539-V,CHIS,Chevrolet Spark,Beige,Homologacion,Elsa Maldonado Gallegos,2023-01-04 03:09:19,DP7-539-V.jpg
DNE-200-F,CHIS,Honda CR-V,Verde Oscuro,Remarcaje,Daniela Tovar Urbina,2026-04-29 08:51:42,DNE-200-F.jpg
DNU-297-U,CHIS,Fiat Cronos,Cafe,Recuperado,Francisco Plascencia Villanueva,2025-05-08 17:40:15,DNU-297-U.jpg
DNF-425-E,CHIS,Mazda 3,Verde Oscuro,Homologacion,Yolanda Palacios Sandoval,2026-05-14 18:40:44,DNF-425-E.jpg
DMV-990-C,CHIS,Renault Sandero,Naranja,Activo,Rebeca Ortega Hernandez,2020-09-11 02:24:37,DMV-990-C.jpg
DNH-862-Z,CHIS,Fiat Toro,Naranja,Activo,Francisco Acosta Rios,2023-03-28 22:54:58,DNH-862-Z.jpg
DN0-945-L,CHIS,BMW 3 Series,Rojo Oscuro,Activo,Lorena Morales Zamora,2018-06-18 10:00:37,DN0-945-L.jpg
DLA-570-R,CHIS,Kia Forte,Rojo,Cancelado,Cecilia Rosales Cordero,2020-09-20 01:23:03,DLA-570-R.jpg
DR8-970-E,CHIS,Peugeot 208,Plateado,Recuperado,Estela Serrano Ruiz,2020-12-08 20:44:16,DR8-970-E.jpg
DS8-717-L,CHIS,Toyota Yaris,Plateado,Reposicion,Marcos Gonzalez Castro,2023-07-22 08:27:57,DS8-717-L.jpg
DSW-278-R,CHIS,Chevrolet Cruze,Plateado,Recuperado,Sebastian Zarate Castro,2020-12-10 19:23:23,DSW-278-R.jpg
DMV-829-G,CHIS,Nissan Sentra,Beige,Importacion Temporal,Oscar Juarez Garcia,2021-01-11 06:35:01,DMV-829-G.jpg
DP1-548-G,CHIS,Renault Logan,Beige,Reposicion,Veronica Romero Fernandez,2019-10-11 10:43:48,DP1-548-G.jpg
DPB-043-B,CHIS,Chevrolet Cruze,Plateado,Activo,Ernesto Castro Romero,2021-11-15 12:04:42,DPB-043-B.jpg
DSR-088-G,CHIS,Jeep Wrangler,Dorado,Baja Temporal,Francisco Villanueva Chavez,2026-01-05 20:15:27,DSR-088-G.jpg
DRD-659-U,CHIS,Mazda MX-5,Morado,Reposicion,Marcos Estrada Hernandez,2017-02-12 01:44:34,DRD-659-U.jpg
DPT-906-L,CHIS,Kia Sorento,Naranja,En Proceso Legal,Monica Moya Carrillo,2018-02-18 16:55:56,DPT-906-L.jpg
DMV-437-B,CHIS,Renault Sandero,Azul,Activo,Liliana Torres Silva,2020-01-30 02:24:44,DMV-437-B.jpg
DS7-437-A,CHIS,Ford Focus,Blanco Perlado,Activo,Marcos Trejo Castillo,2023-08-04 15:53:57,DS7-437-A.jpg
DN3-132-R,CHIS,Hyundai Accent,Morado,Importacion Definitiva,Yolanda Campos Soto,2023-10-21 20:57:52,DN3-132-R.jpg
DPR-648-K,CHIS,Mazda 2,Gris Oscuro,Recuperado,Regina Velazquez Urbina,2023-08-09 04:38:19,DPR-648-K.jpg
DLZ-260-J,CHIS,Chevrolet Aveo,Gris Oscuro,Activo,Estela Soto Peña,2017-03-26 06:44:24,DLZ-260-J.jpg
DM7-993-U,CHIS,Volkswagen Amarok,Gris Oscuro,En Proceso Legal,Martha Diaz Mora,2023-08-15 04:45:57,DM7-993-U.jpg
DSJ-661-T,CHIS,Audi Q3,Blanco,Cancelado,Carolina Portillo Montoya,2019-02-22 20:07:00,DSJ-661-T.jpg
DMD-107-K,CHIS,Toyota Yaris,Verde,Importacion Definitiva,Guadalupe Valencia Arellano,2021-12-16 04:21:01,DMD-107-K.jpg
DNH-242-D,CHIS,Mazda MX-5,Rojo Oscuro,Cancelado,Roberto Montoya Carrillo,2024-03-26 22:45:20,DNH-242-D.jpg
DRJ-805-B,CHIS,Nissan Versa,Naranja,Activo,Patricia Rodriguez Peña,2021-08-07 20:52:40,DRJ-805-B.jpg
DRZ-936-N,CHIS,Renault Logan,Rojo Oscuro,Importacion Temporal,Julieta Zamora Castillo,2020-09-29 14:16:18,DRZ-936-N.jpg
DRV-887-V,CHIS,Mercedes-Benz GLA,Blanco Perlado,Importacion Definitiva,Valeria De La Cruz Vazquez,2019-02-17 15:53:40,DRV-887-V.jpg
DNH-786-H,CHIS,Toyota Prius,Morado,Recuperado,Mateo Tovar Romero,2025-08-21 16:54:35,DNH-786-H.jpg
DP4-228-P,CHIS,Honda Civic,Amarillo,Activo,Carolina Serrano Juarez,2021-08-02 17:48:16,DP4-228-P.jpg
DLM-284-G,CHIS,Peugeot 208,Gris Oscuro,Importacion Temporal,Benjamin Diaz Nieto,2026-01-05 10:53:21,DLM-284-G.jpg
DMJ-226-W,CHIS,Kia Sorento,Dorado,Activo,Emilio Reyes Mejia,2021-10-07 05:37:18,DMJ-226-W.jpg
DPJ-122-H,CHIS,Audi Q3,Beige,Activo,Adolfo Delgado Palacios,2021-10-01 12:33:33,DPJ-122-H.jpg
DM8-495-W,CHIS,Renault Sandero,Verde,Robado,Estela Rios Avila,2017-03-26 11:46:05,DM8-495-W.jpg
DN2-159-M,CHIS,Honda Civic,Naranja,Reposicion,Marcos Avila Arroyo,2019-08-03 18:52:03,DN2-159-M.jpg
DMD-222-Z,CHIS,Ford Fiesta,Verde,Importacion Temporal,Benjamin Villanueva Tapia,2018-06-06 00:53:36,DMD-222-Z.jpg
DRT-594-J,CHIS,Nissan March,Morado,Activo,Juan Bravo Montoya,2022-02-27 14:42:50,DRT-594-J.jpg
DSB-772-A,CHIS,Mazda 2,Verde Oscuro,Remarcaje,Alicia Leal Orozco,2017-06-12 06:47:44,DSB-772-A.jpg
DSZ-735-N,CHIS,Mazda 3,Negro,Baja Definitiva,Elizabeth Huerta Morales,2019-07-24 20:35:20,DSZ-735-N.jpg
DMV-309-T,CHIS,Fiat Argo,Gris,Homologacion,Luis Cervantes Trejo,2021-08-22 12:17:17,DMV-309-T.jpg
DRX-568-W,CHIS,Kia Sorento,Plateado,Baja Temporal,Gabriela Aguilar Sanchez,2017-07-23 16:20:35,DRX-568-W.jpg
DN0-920-R,CHIS,Toyota Prius,Blanco Perlado,Baja Definitiva,Cristian Palacios Sanchez,2025-07-13 22:03:37,DN0-920-R.jpg
DS8-657-M,CHIS,Ford Fiesta,Gris,Activo,Victor Figueroa Carrillo,2023-06-16 01:02:05,DS8-657-M.jpg
DPB-865-F,CHIS,Ford Focus,Blanco Perlado,Remarcaje,David Mendoza Chavez,2024-04-20 15:26:06,DPB-865-F.jpg
DPB-794-U,CHIS,Toyota Corolla,Verde,Robado,Emilio Salazar Maldonado,2023-11-07 12:04:14,DPB-794-U.jpg
DS4-467-K,CHIS,Hyundai Accent,Amarillo,Homologacion,Sebastian Cabrera Portillo,2023-12-27 08:38:16,DS4-467-K.jpg
DRA-858-P,CHIS,BMW X3,Blanco Perlado,En Proceso Legal,Felipe Izquierdo Vazquez,2021-10-25 14:11:20,DRA-858-P.jpg
DPK-495-V,CHIS,Nissan Sentra,Blanco Perlado,Baja Temporal,Juan Villanueva Soto,2017-02-20 20:16:48,DPK-495-V.jpg
DRK-465-A,CHIS,Toyota Prius,Plateado,Baja Temporal,Antonio Zamora Villanueva,2021-03-12 05:14:38,DRK-465-A.jpg
DNR-781-T,CHIS,Honda HR-V,Dorado,Baja Temporal,Silvia Gonzalez Luna,2024-07-23 18:19:46,DNR-781-T.jpg
DSL-029-M,CHIS,Peugeot 3008,Negro,Importacion Definitiva,Mateo Garcia Gutierrez,2022-10-02 21:33:03,DSL-029-M.jpg
DS1-598-F,CHIS,Honda Accord,Vino,Importacion Temporal,Carlos Cervantes Acosta,2021-07-10 11:40:03,DS1-598-F.jpg
DS4-350-A,CHIS,BMW 5 Series,Rojo Oscuro,Cancelado,Andres Palacios Castro,2018-03-29 00:54:44,DS4-350-A.jpg
DP8-728-C,CHIS,BMW 5 Series,Cafe,Baja Definitiva,Mauricio Carrillo Carrillo,2026-04-13 18:47:50,DP8-728-C.jpg
DM2-618-M,CHIS,Hyundai Santa Fe,Morado,Irregular,Yolanda Ruiz De La Cruz,2025-07-27 22:40:51,DM2-618-M.jpg
DND-575-D,CHIS,Mercedes-Benz A-Class,Gris,Baja Definitiva,Ernesto Velazquez Serrano,2017-08-27 01:02:10,DND-575-D.jpg
DN3-987-K,CHIS,BMW 3 Series,Blanco Perlado,Activo,Liliana Quintero Maldonado,2018-06-30 07:32:35,DN3-987-K.jpg
DPN-408-C,CHIS,Peugeot 3008,Cafe,Activo,Martha Valdez Jimenez,2019-04-03 03:24:35,DPN-408-C.jpg
DLT-484-S,CHIS,Toyota Corolla,Gris,Baja Definitiva,Elsa Villegas Navarro,2020-10-10 19:56:42,DLT-484-S.jpg
DN0-640-V,CHIS,Nissan Sentra,Gris,Cancelado,Patricia Sepulveda Silva,2023-09-18 01:43:13,DN0-640-V.jpg
DNL-909-F,CHIS,Audi Q3,Beige,Activo,Maria Castillo Avila,2023-05-25 07:37:34,DNL-909-F.jpg
DLA-519-T,CHIS,Hyundai Santa Fe,Plateado,Recuperado,Fernando Tapia Tovar,2020-07-11 12:24:35,DLA-519-T.jpg
DSC-270-Y,CHIS,Jeep Renegade,Verde Oscuro,Activo,Ignacio Perez Garcia,2018-12-28 21:12:01,DSC-270-Y.jpg
DLX-609-Z,CHIS,Kia Rio,Naranja,Remarcaje,Cristian Nieto Rosales,2018-09-18 02:39:20,DLX-609-Z.jpg
DPA-353-N,CHIS,Chevrolet Aveo,Verde,Importacion Temporal,Emilio Luna Flores,2021-05-30 21:43:00,DPA-353-N.jpg
DS1-924-W,CHIS,Jeep Grand Cherokee,Verde,Homologacion,Jose Garcia Correa,2017-08-21 10:08:12,DS1-924-W.jpg
DS7-638-X,CHIS,Chevrolet Beat,Blanco,En Proceso Legal,Ruben Diaz Rosales,2025-05-30 16:24:14,DS7-638-X.jpg
DS2-266-G,CHIS,Hyundai Elantra,Gris Oscuro,Activo,Carlos Plascencia Zarate,2020-03-14 04:44:19,DS2-266-G.jpg
DSC-854-G,CHIS,BMW X3,Negro,Importacion Temporal,Renata Cabrera Villegas,2017-04-16 23:54:02,DSC-854-G.jpg
DR0-270-C,CHIS,BMW X3,Beige,Cancelado,Martha Ramos Gutierrez,2018-07-23 23:02:08,DR0-270-C.jpg
DNF-278-D,CHIS,Kia Sportage,Azul Marino,Activo,Veronica Guerrero Gonzalez,2017-02-22 22:39:10,DNF-278-D.jpg
DNK-243-X,CHIS,Chevrolet Aveo,Blanco,Activo,Sofia Izquierdo Trejo,2018-04-24 14:47:09,DNK-243-X.jpg
DR3-351-U,CHIS,Chevrolet Spark,Rojo,Cancelado,Oscar Orozco Castro,2019-02-28 09:40:53,DR3-351-U.jpg
DMP-959-M,CHIS,Ford Fiesta,Amarillo,Importacion Definitiva,Valeria Sanchez Beltran,2023-04-06 13:20:39,DMP-959-M.jpg
DRX-346-J,CHIS,Chevrolet Aveo,Vino,Irregular,Oscar Luna Olvera,2022-12-17 07:51:46,DRX-346-J.jpg
DNU-088-M,CHIS,Jeep Grand Cherokee,Azul,Homologacion,Rocio Luna Rios,2018-07-04 07:50:33,DNU-088-M.jpg
DS3-749-V,CHIS,Volkswagen Jetta,Gris Oscuro,Importacion Definitiva,Juan Vargas Fuentes,2023-10-16 22:55:00,DS3-749-V.jpg
DR4-763-R,CHIS,Fiat 500,Blanco Perlado,Reposicion,Estela Dominguez Navarro,2020-07-15 00:43:35,DR4-763-R.jpg
DRD-228-V,CHIS,BMW 3 Series,Rojo Oscuro,Baja Temporal,Patricia Pacheco Rosales,2021-10-21 11:49:03,DRD-228-V.jpg
DN9-137-B,CHIS,Ford Focus,Cafe,Importacion Definitiva,Juan Figueroa Pacheco,2022-10-22 12:19:42,DN9-137-B.jpg
DS0-683-G,CHIS,Renault Logan,Cafe,Homologacion,Marco Suarez Medina,2017-06-04 16:15:14,DS0-683-G.jpg
DRT-073-C,CHIS,Mazda MX-5,Blanco Perlado,Activo,Valeria Beltran Montoya,2021-08-05 14:57:11,DRT-073-C.jpg
DMR-009-U,CHIS,BMW X5,Azul Marino,Remarcaje,Isabel Orozco Juarez,2019-01-27 17:14:00,DMR-009-U.jpg
DNX-302-Y,CHIS,Renault Kwid,Beige,Importacion Temporal,Antonio Cruz Quintero,2023-07-30 17:14:37,DNX-302-Y.jpg
DPL-892-Z,CHIS,Kia Forte,Blanco,Activo,Antonio Nieto Orozco,2020-02-10 15:04:54,DPL-892-Z.jpg
DPL-256-A,CHIS,Kia Sorento,Azul Marino,Activo,Teresa Rivera Sanchez,2019-06-25 15:18:55,DPL-256-A.jpg
DLL-012-S,CHIS,Honda HR-V,Azul Marino,Importacion Definitiva,Manuel Cordero Urbina,2021-06-22 08:03:17,DLL-012-S.jpg
DNC-015-H,CHIS,Kia Sportage,Negro,Baja Temporal,Francisco De La Cruz Leal,2018-01-22 15:29:19,DNC-015-H.jpg
DR6-531-F,CHIS,Fiat Toro,Vino,Irregular,Veronica Rosales Quintero,2024-08-28 14:43:02,DR6-531-F.jpg
DP8-074-J,CHIS,Renault Sandero,Vino,Recuperado,Adriana Salazar Correa,2023-02-12 21:38:03,DP8-074-J.jpg
DRL-693-S,CHIS,Mercedes-Benz C-Class,Rojo Oscuro,Importacion Temporal,Fernando Urbina Orozco,2025-09-27 04:30:51,DRL-693-S.jpg
DPD-201-C,CHIS,BMW 5 Series,Blanco Perlado,Activo,Teresa Luna Arroyo,2022-06-06 17:42:03,DPD-201-C.jpg
DPN-464-F,CHIS,Chevrolet Beat,Rojo Oscuro,Robado,Arturo Mejia Mejia,2024-03-30 19:43:06,DPN-464-F.jpg
DLA-831-V,CHIS,Mazda MX-5,Azul Marino,Baja Definitiva,Francisco Olvera Campos,2026-02-08 03:14:12,DLA-831-V.jpg
DLC-379-J,CHIS,Renault Duster,Cafe,Activo,German Perez Bravo,2017-09-11 11:12:52,DLC-379-J.jpg
DLE-026-S,CHIS,Mercedes-Benz A-Class,Rojo Oscuro,Activo,Diego Sandoval Barajas,2021-01-23 09:53:16,DLE-026-S.jpg
DR4-285-R,CHIS,Fiat 500,Vino,En Proceso Legal,Monica Rodriguez Correa,2023-07-31 18:58:57,DR4-285-R.jpg
DS3-224-L,CHIS,Mercedes-Benz GLA,Blanco Perlado,Robado,German Aguilar Bravo,2023-04-22 21:10:41,DS3-224-L.jpg
DNA-913-B,CHIS,Ford Ranger,Verde,Activo,Salvador Trejo Rios,2019-08-01 07:35:14,DNA-913-B.jpg
DRV-832-R,CHIS,Hyundai Accent,Verde Oscuro,Activo,Benjamin Jimenez Sandoval,2020-04-20 02:39:36,DRV-832-R.jpg
DPP-568-F,CHIS,Volkswagen Golf,Verde Oscuro,Activo,Juan Luna De La Cruz,2018-11-26 06:13:52,DPP-568-F.jpg
DP7-313-V,CHIS,Toyota Yaris,Blanco,Remarcaje,Marina Castillo Valencia,2024-04-04 07:42:40,DP7-313-V.jpg
DS9-202-N,CHIS,Mazda 2,Dorado,Activo,Cristian Cruz Tapia,2025-06-14 01:14:49,DS9-202-N.jpg
DMG-779-P,CHIS,Hyundai Santa Fe,Vino,Baja Definitiva,Hugo Avila Castro,2023-09-22 02:04:17,DMG-779-P.jpg
DNC-429-K,CHIS,BMW 3 Series,Azul,Baja Definitiva,Ana Cervantes Plascencia,2023-07-29 07:01:56,DNC-429-K.jpg
DR6-847-R,CHIS,Kia Sorento,Rojo,Recuperado,Elizabeth Medina Estrada,2021-03-25 16:54:12,DR6-847-R.jpg
DSN-858-T,CHIS,Audi Q3,Gris,Remarcaje,Raul Vazquez Maldonado,2024-08-30 14:08:41,DSN-858-T.jpg
DPV-160-W,CHIS,Volkswagen Vento,Morado,Activo,Beatriz Zarate Avila,2023-01-26 22:28:09,DPV-160-W.jpg
DSL-278-K,CHIS,Renault Logan,Rojo,En Proceso Legal,Jose Sepulveda Soto,2023-10-11 20:57:40,DSL-278-K.jpg
DSJ-280-N,CHIS,Peugeot 308,Naranja,Cancelado,Regina Villalobos Suarez,2023-08-26 21:56:55,DSJ-280-N.jpg
DSF-956-U,CHIS,Chevrolet Cruze,Morado,Reposicion,Rocio Juarez Ramirez,2025-06-20 19:34:25,DSF-956-U.jpg
DSG-861-U,CHIS,Peugeot 3008,Rojo,Cancelado,Daniela Cordero Navarro,2021-12-14 03:29:24,DSG-861-U.jpg
DS7-022-Y,CHIS,Audi A3,Blanco Perlado,Importacion Temporal,Diego Mejia Pacheco,2019-03-28 06:00:39,DS7-022-Y.jpg
DRL-954-M,CHIS,Chevrolet Spark,Rojo Oscuro,Remarcaje,Marina Beltran Acosta,2024-02-22 19:00:19,DRL-954-M.jpg
DLH-598-M,CHIS,Nissan Versa,Rojo,Activo,Arturo Barajas Quintero,2017-04-26 15:07:33,DLH-598-M.jpg
DMK-924-H,CHIS,Audi A4,Verde,Reposicion,Valeria Garcia Juarez,2021-03-26 20:48:30,DMK-924-H.jpg
DP4-378-B,CHIS,Audi Q5,Verde Oscuro,Activo,Norma Orozco Bravo,2020-04-23 14:33:40,DP4-378-B.jpg
DS9-395-P,CHIS,Volkswagen Amarok,Blanco Perlado,Homologacion,Arturo Zarate Huerta,2020-08-01 00:30:02,DS9-395-P.jpg
DPX-832-B,CHIS,Hyundai Tucson,Negro,Activo,Cecilia Fuentes Campos,2020-10-29 21:52:51,DPX-832-B.jpg
DNX-246-E,CHIS,Chevrolet Beat,Blanco,Recuperado,Liliana Hernandez Plascencia,2017-12-03 11:07:50,DNX-246-E.jpg
DNB-433-P,CHIS,Chevrolet Beat,Cafe,Homologacion,Ernesto Leal Reyes,2025-12-31 16:16:01,DNB-433-P.jpg
DNH-615-X,CHIS,Kia Forte,Rojo Oscuro,Robado,Angela Mejia Sepulveda,2018-07-21 06:42:46,DNH-615-X.jpg
DSH-745-J,CHIS,Hyundai Santa Fe,Plateado,Baja Temporal,Susana Garcia Mejia,2024-10-28 18:41:11,DSH-745-J.jpg
DLB-787-G,CHIS,BMW X3,Blanco,Activo,Adriana Rosales Reyes,2023-09-06 08:41:51,DLB-787-G.jpg
DNK-675-R,CHIS,Kia Forte,Negro,Remarcaje,Mauricio Estrada Gutierrez,2026-05-17 00:38:37,DNK-675-R.jpg
DM3-557-C,CHIS,Mazda 2,Morado,Activo,Alejandra De La Cruz Gutierrez,2026-05-04 05:09:03,DM3-557-C.jpg
DMY-058-R,CHIS,Volkswagen Vento,Cafe,Remarcaje,Estela Rosales Solano,2022-03-08 00:38:50,DMY-058-R.jpg
DMD-125-X,CHIS,Mercedes-Benz C-Class,Verde Oscuro,Importacion Definitiva,Mauricio Escobar Zarate,2017-06-10 22:58:33,DMD-125-X.jpg
DME-802-A,CHIS,Kia Sportage,Dorado,Recuperado,Guadalupe Martinez Diaz,2017-01-16 18:49:18,DME-802-A.jpg
DRS-469-L,CHIS,Mercedes-Benz GLA,Morado,Importacion Temporal,Ernesto Trejo Hernandez,2022-11-11 00:00:01,DRS-469-L.jpg
DM8-538-M,CHIS,Nissan Versa,Dorado,Irregular,Ana Esquivel Alvarez,2024-04-29 13:13:45,DM8-538-M.jpg
DPG-065-V,CHIS,Renault Kwid,Cafe,Importacion Definitiva,Rocio Valencia Plascencia,2022-09-14 13:50:32,DPG-065-V.jpg
DRJ-844-P,CHIS,Kia Rio,Blanco Perlado,Importacion Definitiva,Jose Dominguez Zarate,2021-02-11 08:06:38,DRJ-844-P.jpg
DLM-404-P,CHIS,Kia Forte,Azul Marino,Reposicion,Sofia Moya Espinoza,2023-07-14 00:38:38,DLM-404-P.jpg
DM1-471-E,CHIS,Honda HR-V,Amarillo,Cancelado,Jose Sandoval Correa,2022-10-26 05:04:19,DM1-471-E.jpg
DSV-094-P,CHIS,Honda Accord,Amarillo,Importacion Definitiva,Claudia Palacios Serrano,2022-07-29 04:38:33,DSV-094-P.jpg
DSH-260-A,CHIS,BMW 5 Series,Vino,Activo,Hector Huerta Velazquez,2023-11-24 22:11:01,DSH-260-A.jpg
DP2-708-G,CHIS,Toyota Hilux,Negro,Activo,Ana Romero Ramos,2022-03-03 00:59:39,DP2-708-G.jpg
DP0-528-S,CHIS,Ford Focus,Azul Marino,Importacion Definitiva,Yolanda Zarate Ruiz,2021-12-29 21:16:07,DP0-528-S.jpg
DLN-344-L,CHIS,Jeep Compass,Beige,Activo,Alicia Suarez Flores,2018-07-19 14:12:26,DLN-344-L.jpg
DLD-225-V,CHIS,Audi A4,Vino,Remarcaje,Rebeca Tovar Lopez,2021-03-09 10:17:33,DLD-225-V.jpg
DSH-792-D,CHIS,Hyundai Accent,Negro,Remarcaje,Victor Romero Carrillo,2021-07-17 13:55:59,DSH-792-D.jpg
DPL-562-W,CHIS,Hyundai Santa Fe,Azul Marino,Cancelado,Jose De La Cruz Gonzalez,2026-01-22 06:07:47,DPL-562-W.jpg
DLB-410-T,CHIS,BMW 5 Series,Negro,Cancelado,Mauricio Sandoval De La Cruz,2023-04-21 15:06:28,DLB-410-T.jpg
DN5-449-Y,CHIS,Mercedes-Benz A-Class,Blanco Perlado,Robado,Sebastian Figueroa Quiroz,2026-04-11 07:46:44,DN5-449-Y.jpg
DY2-265-A,CHIH,Chevrolet Cruze,Dorado,Importacion Definitiva,David Guerrero Martinez,2024-10-06 00:48:24,DY2-265-A.jpg
EH8-106-J,CHIH,Kia Sportage,Azul,En Proceso Legal,Guillermo Figueroa Nieto,2019-03-04 21:45:44,EH8-106-J.jpg
E29-298-C,CHIH,Ford Ranger,Blanco Perlado,Importacion Definitiva,Cristian De La Cruz Serrano,2019-01-02 02:52:48,E29-298-C.jpg
EC6-915-T,CHIH,Volkswagen Golf,Verde Oscuro,Baja Definitiva,Liliana Cervantes Tapia,2017-06-18 13:11:49,EC6-915-T.jpg
E7K-006-G,CHIH,Hyundai Accent,Gris Oscuro,Baja Temporal,Elizabeth Plascencia Villanueva,2024-09-21 13:25:53,E7K-006-G.jpg
EGF-807-C,CHIH,Fiat 500,Amarillo,Recuperado,Luis Cervantes Trejo,2020-05-30 07:08:59,EGF-807-C.jpg
E68-157-J,CHIH,Jeep Grand Cherokee,Morado,Baja Temporal,Julieta Lopez Valencia,2020-06-21 23:31:58,E68-157-J.jpg
EL2-143-J,CHIH,BMW 5 Series,Azul,En Proceso Legal,Regina Rodriguez Mendoza,2025-10-25 09:57:00,EL2-143-J.jpg
EGK-060-T,CHIH,Toyota Yaris,Cafe,Recuperado,Claudia Maldonado Portillo,2019-06-15 00:58:07,EGK-060-T.jpg
DY8-491-W,CHIH,Peugeot 3008,Rojo Oscuro,Baja Temporal,Elias Gutierrez Esquivel,2019-04-26 19:09:47,DY8-491-W.jpg
DVZ-058-R,CHIH,Peugeot 3008,Naranja,Cancelado,Renata Cordero Barajas,2023-05-11 11:59:52,DVZ-058-R.jpg
E3L-094-P,CHIH,Jeep Compass,Dorado,En Proceso Legal,Roberto Martinez Plascencia,2025-10-10 04:09:50,E3L-094-P.jpg
DXB-857-A,CHIH,Honda Civic,Rojo Oscuro,Remarcaje,Raul Martinez Escobar,2018-03-18 22:06:49,DXB-857-A.jpg
EKA-909-L,CHIH,Kia Forte,Rojo,Robado,German Gonzalez Sanchez,2020-07-17 14:40:47,EKA-909-L.jpg
EDD-497-B,CHIH,Jeep Wrangler,Morado,Activo,Maria Castro Torres,2023-03-14 06:13:44,EDD-497-B.jpg
E6D-590-D,CHIH,Toyota Hilux,Blanco,Activo,Sandra Cabrera Mendoza,2017-03-21 10:43:46,E6D-590-D.jpg
ERJ-055-U,CHIH,Volkswagen Jetta,Gris,Importacion Definitiva,Angela Herrera Perez,2019-12-26 04:18:00,ERJ-055-U.jpg
E39-803-E,CHIH,Renault Duster,Rojo,Importacion Definitiva,Guadalupe Bravo Serrano,2023-10-13 23:12:25,E39-803-E.jpg
EC2-189-X,CHIH,Hyundai Elantra,Blanco,Importacion Temporal,Cecilia Cruz Rios,2023-01-30 17:57:48,EC2-189-X.jpg
EN5-880-K,CHIH,Ford Ranger,Gris Oscuro,Homologacion,Armando Montes Juarez,2024-12-09 05:22:53,EN5-880-K.jpg
EEN-506-E,CHIH,Jeep Renegade,Amarillo,Baja Temporal,Patricia Huerta Rios,2023-06-25 00:08:55,EEN-506-E.jpg
E4A-741-Y,CHIH,BMW X5,Verde Oscuro,En Proceso Legal,Patricia Espinoza Trejo,2019-09-03 11:12:28,E4A-741-Y.jpg
ECX-128-W,CHIH,Renault Sandero,Cafe,Importacion Definitiva,Isabel Hernandez Cervantes,2025-08-17 07:29:53,ECX-128-W.jpg
EMZ-189-A,CHIH,Volkswagen Jetta,Blanco,Remarcaje,Ruben Zarate Moya,2017-10-15 04:46:34,EMZ-189-A.jpg
EPP-416-D,CHIH,Kia Sorento,Negro,Recuperado,Carlos Zarate Fernandez,2022-06-27 16:43:12,EPP-416-D.jpg
DTY-729-G,CHIH,Fiat Toro,Verde Oscuro,Homologacion,Monica Gutierrez Aguilar,2022-01-03 06:58:10,DTY-729-G.jpg
ERP-526-X,CHIH,Volkswagen Vento,Gris,Robado,Antonio Zarate Ramirez,2018-01-08 01:11:06,ERP-526-X.jpg
E9L-005-U,CHIH,Ford Fiesta,Verde,Robado,Guadalupe Cervantes Leal,2018-08-03 22:38:29,E9L-005-U.jpg
EA0-576-E,CHIH,BMW 5 Series,Beige,Baja Definitiva,Alejandro Castro Alvarez,2021-06-26 04:56:15,EA0-576-E.jpg
EF6-584-X,CHIH,BMW X5,Azul Marino,Recuperado,Alejandro Gallegos De La Cruz,2022-04-24 06:22:57,EF6-584-X.jpg
E32-605-G,CHIH,Ford Fiesta,Verde,Activo,Francisco Ruiz Barajas,2022-08-08 22:34:07,E32-605-G.jpg
E6K-037-N,CHIH,Jeep Compass,Cafe,Baja Temporal,Gabriela Villalobos Beltran,2022-03-02 21:50:36,E6K-037-N.jpg
EBS-859-Y,CHIH,BMW X5,Blanco,Cancelado,Roberto Carrillo Esquivel,2021-06-04 05:55:55,EBS-859-Y.jpg
ERT-410-N,CHIH,Mazda CX-5,Verde Oscuro,Recuperado,Ricardo Plascencia Tovar,2017-02-03 18:18:01,ERT-410-N.jpg
EL7-995-Y,CHIH,BMW X3,Rojo Oscuro,Cancelado,Elsa Barajas Cordero,2025-04-11 14:18:05,EL7-995-Y.jpg
ELA-042-A,CHIH,Audi Q5,Verde,Recuperado,Roberto Plascencia Castro,2018-07-24 13:12:46,ELA-042-A.jpg
EJT-576-S,CHIH,Peugeot 208,Rojo Oscuro,Cancelado,Ernesto Trejo Delgado,2019-11-02 17:53:12,EJT-576-S.jpg
ECU-806-X,CHIH,BMW 5 Series,Verde,En Proceso Legal,Martha Villanueva Bravo,2024-06-26 11:16:33,ECU-806-X.jpg
E5S-937-D,CHIH,Kia Rio,Rojo,Importacion Temporal,Norma Arroyo Peña,2019-07-25 17:21:02,E5S-937-D.jpg
E1F-901-L,CHIH,Audi A4,Blanco Perlado,Cancelado,Hector Lopez Quiroz,2019-12-09 23:40:54,E1F-901-L.jpg
DZW-055-T,CHIH,Chevrolet Spark,Morado,En Proceso Legal,Angela Rodriguez Valdez,2024-03-12 03:37:34,DZW-055-T.jpg
E52-745-M,CHIH,Toyota Hilux,Amarillo,Irregular,Antonio Campos Zamora,2017-01-17 05:18:13,E52-745-M.jpg
EDN-997-M,CHIH,Renault Logan,Morado,Recuperado,Lorena Orozco Alvarez,2023-07-15 22:56:20,EDN-997-M.jpg
DXM-428-Y,CHIH,Fiat Argo,Gris Oscuro,Robado,Raul Medina Pineda,2023-10-22 05:36:10,DXM-428-Y.jpg
EN7-128-B,CHIH,Renault Logan,Rojo,Remarcaje,Patricia Ruiz Montes,2019-08-07 16:59:24,EN7-128-B.jpg
EF2-745-D,CHIH,Ford Fiesta,Rojo,Robado,Ana Estrada Izquierdo,2018-10-23 19:57:10,EF2-745-D.jpg
EAE-871-E,CHIH,Toyota Prius,Plateado,Activo,Regina Navarro Valdez,2019-06-02 14:21:10,EAE-871-E.jpg
ES1-593-M,CHIH,Peugeot 5008,Naranja,Recuperado,Claudia Urbina Montoya,2026-01-13 09:49:35,ES1-593-M.jpg
ES8-824-J,CHIH,Honda CR-V,Negro,Activo,Maria Gallegos Olvera,2019-10-14 06:11:18,ES8-824-J.jpg
ECX-314-U,CHIH,Kia Rio,Rojo Oscuro,Robado,Carolina Montes Delgado,2024-04-13 15:17:50,ECX-314-U.jpg
ELK-919-Z,CHIH,Ford Fusion,Rojo,Robado,Martha Montoya Orozco,2025-04-12 02:20:00,ELK-919-Z.jpg
EFT-708-U,CHIH,Ford Ranger,Dorado,Robado,Ruben Maldonado Vazquez,2023-07-25 11:24:37,EFT-708-U.jpg
E6S-825-Y,CHIH,Hyundai Accent,Negro,Irregular,Sandra Mora Gonzalez,2018-09-22 01:38:32,E6S-825-Y.jpg
EHX-267-M,CHIH,Mazda 3,Gris Oscuro,Baja Temporal,Victor Guerrero Palacios,2025-03-18 18:52:18,EHX-267-M.jpg
E1P-776-H,CHIH,Honda Accord,Gris Oscuro,Recuperado,Marisol Contreras Correa,2021-01-18 00:45:45,E1P-776-H.jpg
ESY-306-N,CHIH,Renault Sandero,Verde,Importacion Definitiva,Sandra Mejia Cruz,2019-11-30 07:36:50,ESY-306-N.jpg
E4Z-915-S,CHIH,Renault Logan,Negro,Irregular,Roberto Fuentes Valencia,2025-09-25 12:34:31,E4Z-915-S.jpg
EKX-511-C,CHIH,Audi Q5,Gris Oscuro,Cancelado,Lorena Quiroz Serrano,2021-02-01 04:56:45,EKX-511-C.jpg
DVR-499-E,CHIH,Jeep Compass,Amarillo,Cancelado,Yolanda Mendoza Leal,2025-01-31 23:31:02,DVR-499-E.jpg
E9V-703-M,CHIH,Hyundai Elantra,Rojo,Activo,Manuel Ramirez Pacheco,2017-10-14 20:48:55,E9V-703-M.jpg
DU9-458-T,CHIH,Kia Forte,Plateado,Reposicion,Pedro Del Valle Camacho,2022-06-29 22:32:08,DU9-458-T.jpg
ETV-792-J,CHIH,Mazda CX-5,Cafe,En Proceso Legal,Ana Sandoval Velazquez,2021-06-21 11:09:53,ETV-792-J.jpg
EKS-285-H,CHIH,Volkswagen Golf,Amarillo,Importacion Temporal,Mateo Gallegos Trejo,2019-02-21 04:56:47,EKS-285-H.jpg
E93-762-P,CHIH,Renault Duster,Azul,Robado,Ignacio Mora Navarro,2020-02-29 06:32:59,E93-762-P.jpg
DZ2-502-T,CHIH,Kia Sportage,Plateado,Activo,Elias Suarez Quiroz,2017-10-14 09:50:23,DZ2-502-T.jpg
EFE-411-V,CHIH,Mercedes-Benz GLA,Vino,Remarcaje,Francisco Mendoza Hernandez,2021-01-09 02:25:26,EFE-411-V.jpg
EAZ-226-E,CHIH,Renault Kwid,Negro,Activo,Lucia Urbina Ortega,2023-05-15 11:55:16,EAZ-226-E.jpg
EAG-425-B,CHIH,Nissan Sentra,Gris,Baja Definitiva,Guadalupe Lopez Dominguez,2020-12-13 20:00:45,EAG-425-B.jpg
E2V-109-F,CHIH,Mercedes-Benz GLA,Rojo Oscuro,Reposicion,Juan Plascencia Camacho,2025-01-26 23:34:16,E2V-109-F.jpg
E2W-619-X,CHIH,Honda Accord,Dorado,Importacion Temporal,Cristian Beltran Guerrero,2020-06-17 19:02:56,E2W-619-X.jpg
E1H-628-A,CHIH,Nissan Versa,Rojo Oscuro,Baja Definitiva,Benjamin Esquivel Rios,2019-09-26 00:38:54,E1H-628-A.jpg
DW2-420-W,CHIH,Audi Q3,Amarillo,Activo,Oscar Reyes Morales,2020-06-28 10:43:11,DW2-420-W.jpg
EDD-738-X,CHIH,Renault Sandero,Blanco Perlado,Cancelado,Javier Moya Urbina,2022-11-14 19:22:41,EDD-738-X.jpg
DTF-549-J,CHIH,Peugeot 308,Azul,En Proceso Legal,Arturo Velazquez Sandoval,2018-05-27 03:48:13,DTF-549-J.jpg
EHH-108-K,CHIH,Kia Rio,Rojo,Recuperado,Eduardo Dominguez Acosta,2024-02-04 14:16:42,EHH-108-K.jpg
EHG-872-G,CHIH,Mazda MX-5,Verde,Remarcaje,Alicia Zamora Ortega,2020-09-13 22:06:01,EHG-872-G.jpg
E1H-337-J,CHIH,Nissan March,Rojo Oscuro,Homologacion,Paola Palacios Estrada,2025-12-16 16:50:33,E1H-337-J.jpg
ESU-699-N,CHIH,Volkswagen Golf,Verde,Activo,Alejandra Montes Garcia,2021-10-24 13:59:16,ESU-699-N.jpg
DTZ-251-S,CHIH,Fiat Toro,Dorado,En Proceso Legal,Laura Navarro Portillo,2023-06-24 13:47:34,DTZ-251-S.jpg
EP3-364-N,CHIH,Chevrolet Cruze,Rojo Oscuro,Importacion Temporal,Beatriz Martinez Avila,2020-12-21 15:42:24,EP3-364-N.jpg
ETJ-039-V,CHIH,Renault Logan,Cafe,Irregular,Alicia Gutierrez Portillo,2019-04-28 19:17:42,ETJ-039-V.jpg
E4U-430-S,CHIH,Peugeot 3008,Rojo Oscuro,Reposicion,Ana Gutierrez Torres,2024-05-12 06:17:47,E4U-430-S.jpg
E3P-988-A,CHIH,Toyota Corolla,Vino,Importacion Temporal,Monica Reyes Leal,2022-12-24 09:35:48,E3P-988-A.jpg
EEM-399-C,CHIH,Audi Q3,Gris,Baja Definitiva,Alejandro Montoya Gallegos,2025-07-26 04:58:21,EEM-399-C.jpg
E5L-054-N,CHIH,Hyundai Accent,Gris Oscuro,Baja Temporal,Emilio Olvera Ruiz,2026-03-03 18:50:29,E5L-054-N.jpg
EBU-317-S,CHIH,BMW X5,Naranja,Homologacion,Salvador Morales Mendoza,2018-10-15 16:14:54,EBU-317-S.jpg
E8B-877-H,CHIH,Nissan Versa,Plateado,Recuperado,Estela Zamora Moya,2019-10-11 07:10:09,E8B-877-H.jpg
E56-831-E,CHIH,Hyundai Santa Fe,Morado,Reposicion,Claudia Contreras Sandoval,2024-06-04 07:53:09,E56-831-E.jpg
DYF-216-W,CHIH,Volkswagen Golf,Azul,Baja Definitiva,Isabel Quiroz Mendoza,2017-12-11 15:00:39,DYF-216-W.jpg
EJ3-432-E,CHIH,Mercedes-Benz A-Class,Verde Oscuro,Robado,Alicia Lopez Portillo,2019-11-19 02:32:29,EJ3-432-E.jpg
EPF-054-W,CHIH,Hyundai Elantra,Gris,Activo,Beatriz Martinez Pineda,2020-11-28 16:20:35,EPF-054-W.jpg
DV3-681-C,CHIH,Nissan March,Gris Oscuro,Cancelado,Victor Figueroa Suarez,2018-01-15 09:43:32,DV3-681-C.jpg
EMW-074-G,CHIH,Fiat Toro,Verde,Remarcaje,Isabel Aguilar Correa,2019-10-12 13:37:46,EMW-074-G.jpg
EE6-903-S,CHIH,Chevrolet Aveo,Cafe,Homologacion,Noe Silva Cordero,2018-10-14 01:42:25,EE6-903-S.jpg
ELG-455-D,CHIH,Toyota Prius,Gris,En Proceso Legal,Salvador Nieto Villegas,2017-03-03 11:18:13,ELG-455-D.jpg
ETK-601-Y,CHIH,BMW 5 Series,Morado,Reposicion,Maria Espinoza Herrera,2022-02-04 00:23:50,ETK-601-Y.jpg
DY7-028-X,CHIH,Mazda MX-5,Vino,Reposicion,Rosa Rivera Urbina,2023-05-08 22:03:46,DY7-028-X.jpg
E8C-836-S,CHIH,Mercedes-Benz A-Class,Blanco,Cancelado,Adriana Dominguez Camacho,2021-10-30 10:19:03,E8C-836-S.jpg
ENH-800-B,CHIH,Mazda MX-5,Verde,Recuperado,Claudia Montes Ramirez,2017-05-12 19:50:38,ENH-800-B.jpg
DWL-919-E,CHIH,Fiat Toro,Morado,Activo,Maria Villalobos Morales,2022-11-08 17:35:35,DWL-919-E.jpg
DUM-725-D,CHIH,Peugeot 208,Amarillo,Activo,Miguel Herrera Quintero,2017-09-13 11:51:42,DUM-725-D.jpg
ENK-024-N,CHIH,Mazda MX-5,Verde Oscuro,Recuperado,Elias Aguilar Perez,2023-05-11 21:35:11,ENK-024-N.jpg
E34-985-F,CHIH,Kia Forte,Morado,Baja Definitiva,Sergio Fernandez Palacios,2026-01-21 20:23:33,E34-985-F.jpg
EF4-623-D,CHIH,Peugeot 5008,Morado,Activo,Carolina Guerrero Pacheco,2021-09-14 20:51:30,EF4-623-D.jpg
EB9-478-G,CHIH,Ford Fiesta,Morado,Baja Temporal,Noe Serrano Rios,2025-03-26 06:26:19,EB9-478-G.jpg
EGU-282-L,CHIH,BMW X3,Gris,Baja Temporal,Antonio Bravo Palacios,2017-01-29 20:20:17,EGU-282-L.jpg
ED0-212-N,CHIH,Jeep Renegade,Amarillo,Cancelado,Marco Izquierdo Hernandez,2023-08-14 00:17:10,ED0-212-N.jpg
EMJ-184-S,CHIH,Mazda 3,Blanco,Remarcaje,Elsa Mendoza Mejia,2017-09-23 15:01:15,EMJ-184-S.jpg
EN9-286-K,CHIH,Nissan Versa,Rojo,Importacion Temporal,Silvia Acosta Mora,2020-06-24 20:40:36,EN9-286-K.jpg
E27-722-J,CHIH,Mazda 3,Blanco,Activo,Claudia Delgado Fernandez,2022-12-24 15:38:25,E27-722-J.jpg
ET4-580-R,CHIH,Nissan March,Gris Oscuro,Activo,Marco Cruz Guerrero,2018-06-15 14:52:10,ET4-580-R.jpg
E1G-066-D,CHIH,Hyundai Santa Fe,Blanco Perlado,Irregular,Leticia Nieto Maldonado,2022-02-12 23:27:06,E1G-066-D.jpg
EDN-486-R,CHIH,Ford Fiesta,Blanco,Irregular,Sandra Cervantes Quiroz,2017-11-15 06:44:58,EDN-486-R.jpg
EE8-427-F,CHIH,Jeep Renegade,Azul Marino,Importacion Temporal,Marisol Contreras Montes,2017-02-23 10:26:59,EE8-427-F.jpg
EK9-831-V,CHIH,Volkswagen Golf,Dorado,Importacion Definitiva,Juan Alvarez Gutierrez,2023-07-19 18:34:09,EK9-831-V.jpg
EGA-421-M,CHIH,Peugeot 5008,Morado,Importacion Temporal,Carolina Figueroa Beltran,2019-02-19 04:49:35,EGA-421-M.jpg
EKA-669-C,CHIH,Ford Fusion,Plateado,Activo,Veronica Zamora Rodriguez,2019-09-14 21:38:21,EKA-669-C.jpg
E7D-727-A,CHIH,Fiat Toro,Blanco,Reposicion,Carlos Nieto Guerrero,2019-02-06 04:14:19,E7D-727-A.jpg
DVA-472-X,CHIH,Mazda 2,Morado,Importacion Definitiva,Ignacio Chavez Zamora,2017-04-30 19:54:38,DVA-472-X.jpg
DWY-155-Z,CHIH,Audi Q5,Cafe,Remarcaje,Ricardo Serrano Cruz,2019-11-19 04:31:19,DWY-155-Z.jpg
DVF-047-N,CHIH,Hyundai Tucson,Vino,Homologacion,Manuel Navarro Mejia,2025-04-15 03:02:15,DVF-047-N.jpg
EHN-707-R,CHIH,Chevrolet Aveo,Negro,Importacion Definitiva,Marisol Ramirez Cabrera,2021-03-01 23:11:10,EHN-707-R.jpg
ELE-018-M,CHIH,Fiat Toro,Blanco,Reposicion,Jesus Flores Rivera,2018-12-31 02:01:40,ELE-018-M.jpg
ERC-653-D,CHIH,Ford Fusion,Blanco Perlado,Remarcaje,Mateo Izquierdo Torres,2020-06-17 09:27:02,ERC-653-D.jpg
E7F-247-Y,CHIH,Ford Ranger,Negro,Recuperado,Silvia Villalobos Garcia,2019-03-17 10:32:00,E7F-247-Y.jpg
EP6-847-K,CHIH,Jeep Wrangler,Azul,Robado,Elias Valdez Salazar,2024-05-27 01:41:10,EP6-847-K.jpg
EC0-505-D,CHIH,Nissan Sentra,Verde Oscuro,En Proceso Legal,Juan Contreras Solano,2017-11-16 00:29:15,EC0-505-D.jpg
ED7-321-X,CHIH,Audi A3,Verde Oscuro,Importacion Temporal,German Barajas Solano,2024-10-25 08:19:35,ED7-321-X.jpg
EMD-883-L,CHIH,Hyundai Accent,Plateado,Baja Temporal,Marcos Zarate Rodriguez,2023-06-02 11:43:19,EMD-883-L.jpg
ETW-406-M,CHIH,Mazda MX-5,Blanco Perlado,Recuperado,German Navarro Carrillo,2022-06-13 19:27:35,ETW-406-M.jpg
EPJ-262-L,CHIH,Toyota Prius,Gris Oscuro,Activo,Alberto Orozco Valencia,2023-07-23 07:32:30,EPJ-262-L.jpg
ERF-707-T,CHIH,Mercedes-Benz A-Class,Beige,Reposicion,Diego Montes Esquivel,2023-07-26 14:51:53,ERF-707-T.jpg
E40-122-A,CHIH,Honda CR-V,Blanco Perlado,Irregular,Benjamin Ruiz Quintero,2025-06-13 07:24:54,E40-122-A.jpg
ECE-131-F,CHIH,Toyota Corolla,Vino,Reposicion,Ana Contreras Carrillo,2017-10-17 13:27:29,ECE-131-F.jpg
ER1-421-K,CHIH,Mercedes-Benz C-Class,Plateado,Importacion Temporal,Manuel Carrillo Contreras,2020-06-29 02:31:34,ER1-421-K.jpg
E45-496-U,CHIH,Audi A3,Vino,Homologacion,Armando Diaz Avila,2023-08-19 22:50:14,E45-496-U.jpg
E4G-174-B,CHIH,Nissan NP300,Blanco Perlado,Recuperado,Estela Perez Mendoza,2022-04-10 15:06:04,E4G-174-B.jpg
ECN-137-A,CHIH,Chevrolet Spark,Naranja,Activo,Noe Villanueva Del Valle,2025-05-11 10:57:01,ECN-137-A.jpg
E37-654-Y,CHIH,Kia Sorento,Blanco Perlado,Activo,Hector Diaz Alvarez,2026-04-20 02:27:13,E37-654-Y.jpg
DYT-622-Z,CHIH,Renault Duster,Blanco,Reposicion,Teresa Escobar Pineda,2021-02-27 00:43:09,DYT-622-Z.jpg
DU3-399-P,CHIH,Fiat Cronos,Morado,Baja Definitiva,Ruben Delgado Beltran,2017-04-24 03:50:18,DU3-399-P.jpg
ESY-650-A,CHIH,Toyota Corolla,Morado,Irregular,Ana Villanueva Valdez,2017-06-12 06:18:12,ESY-650-A.jpg
EAD-325-V,CHIH,Nissan Sentra,Blanco Perlado,Homologacion,Mauricio Alvarez Vazquez,2018-10-15 05:39:09,EAD-325-V.jpg
E4L-462-Z,CHIH,Volkswagen Vento,Negro,Activo,Hector Solano Diaz,2018-11-27 22:41:03,E4L-462-Z.jpg
EDJ-364-F,CHIH,Volkswagen Jetta,Morado,Irregular,Ernesto Lopez Bravo,2022-12-27 15:16:55,EDJ-364-F.jpg
EM2-285-V,CHIH,Chevrolet Spark,Blanco,Activo,Leticia Ortega Martinez,2023-10-03 15:33:14,EM2-285-V.jpg
EFY-483-R,CHIH,Chevrolet Aveo,Plateado,En Proceso Legal,Mateo Ramirez Avila,2024-06-02 10:58:29,EFY-483-R.jpg
EJR-871-C,CHIH,Audi A3,Negro,Activo,Jose Gonzalez Maldonado,2025-04-13 15:22:38,EJR-871-C.jpg
EDT-047-S,CHIH,Audi Q3,Gris,Importacion Temporal,Miguel Maldonado Castro,2019-07-10 00:24:16,EDT-047-S.jpg
EBL-144-A,CHIH,Audi Q5,Vino,Activo,Felipe Martinez Castro,2017-10-08 10:40:17,EBL-144-A.jpg
EJC-213-B,CHIH,Kia Sportage,Negro,Importacion Temporal,Beatriz Sanchez Montes,2024-09-04 02:01:50,EJC-213-B.jpg
EHW-567-D,CHIH,Toyota Prius,Verde,Importacion Definitiva,Sandra Mejia Medina,2023-11-22 08:02:02,EHW-567-D.jpg
DTP-367-F,CHIH,Audi A4,Azul Marino,Activo,Armando Huerta Velazquez,2024-03-20 17:37:58,DTP-367-F.jpg
EA7-706-D,CHIH,Nissan Versa,Rojo Oscuro,Reposicion,Estela Orozco Valdez,2025-01-12 09:03:33,EA7-706-D.jpg
DUA-279-N,CHIH,Nissan Sentra,Azul,Importacion Temporal,Monica Diaz Bravo,2018-09-15 03:34:06,DUA-279-N.jpg
EGZ-990-T,CHIH,Mazda MX-5,Naranja,Irregular,Renata Arroyo Sandoval,2021-01-19 15:05:48,EGZ-990-T.jpg
E9A-245-E,CHIH,BMW X3,Azul,Importacion Temporal,Mateo Cruz Arroyo,2025-09-06 01:21:54,E9A-245-E.jpg
E5Z-711-B,CHIH,Renault Duster,Cafe,Baja Definitiva,Adriana Quiroz Villalobos,2021-09-07 07:11:00,E5Z-711-B.jpg
E8G-617-X,CHIH,Toyota Prius,Plateado,Cancelado,Regina Diaz Medina,2018-05-21 01:44:29,E8G-617-X.jpg
E68-377-H,CHIH,Toyota Yaris,Negro,Activo,Norma Castillo De La Cruz,2019-07-06 17:07:43,E68-377-H.jpg
E42-841-N,CHIH,Mercedes-Benz GLA,Azul Marino,Reposicion,Luis Arroyo Arroyo,2022-04-27 16:12:45,E42-841-N.jpg
DY5-392-Y,CHIH,BMW 3 Series,Negro,En Proceso Legal,Susana Aguilar Sandoval,2025-01-18 14:37:25,DY5-392-Y.jpg
ESV-509-V,CHIH,Hyundai Tucson,Negro,Activo,Oscar Suarez Chavez,2021-06-04 16:54:32,ESV-509-V.jpg
E0L-165-N,CHIH,Ford Ranger,Rojo,Recuperado,Teresa Arroyo Delgado,2020-03-14 18:25:39,E0L-165-N.jpg
EEB-901-W,CHIH,Jeep Grand Cherokee,Beige,Baja Definitiva,Leticia Castillo Cabrera,2025-09-03 19:07:55,EEB-901-W.jpg
E3P-154-L,CHIH,Honda Accord,Blanco Perlado,Baja Temporal,Javier Dominguez Olvera,2020-08-17 15:40:39,E3P-154-L.jpg
EMB-752-W,CHIH,Ford Fiesta,Naranja,Activo,Noe Navarro Sepulveda,2024-11-08 07:35:06,EMB-752-W.jpg
ESH-509-D,CHIH,Peugeot 5008,Verde,Activo,Estela Morales Dominguez,2026-02-25 15:41:09,ESH-509-D.jpg
E1H-598-A,CHIH,Mazda 3,Blanco,Robado,Gabriela Luna Sandoval,2020-05-23 10:55:48,E1H-598-A.jpg
E8P-746-B,CHIH,Peugeot 208,Beige,Importacion Temporal,Felipe Pineda Gutierrez,2023-10-25 13:30:21,E8P-746-B.jpg
E7Y-133-J,CHIH,Mazda 3,Vino,Homologacion,Felipe Delgado Portillo,2022-08-03 18:50:12,E7Y-133-J.jpg
EGN-640-B,CHIH,Kia Sorento,Vino,Importacion Definitiva,Felipe Vargas Torres,2021-11-19 01:09:12,EGN-640-B.jpg
ERS-658-Z,CHIH,Peugeot 208,Azul Marino,Activo,Sofia Valencia Ramos,2026-05-15 12:01:55,ERS-658-Z.jpg
ESS-062-C,CHIH,Jeep Renegade,Cafe,Importacion Temporal,Francisco Estrada Castro,2020-11-27 19:10:46,ESS-062-C.jpg
E89-484-T,CHIH,Toyota Prius,Verde Oscuro,Irregular,Pedro Tovar Flores,2018-08-10 22:24:41,E89-484-T.jpg
E18-273-J,CHIH,Fiat 500,Verde,Activo,Guillermo Perez Cordero,2024-06-19 09:38:04,E18-273-J.jpg
DWM-985-F,CHIH,BMW X3,Dorado,Importacion Definitiva,Miguel Castillo Rivera,2019-05-15 15:55:10,DWM-985-F.jpg
DYE-912-K,CHIH,Renault Sandero,Gris,Activo,Adolfo Huerta Herrera,2025-11-24 21:59:14,DYE-912-K.jpg
EJ1-778-G,CHIH,Mazda 3,Verde Oscuro,Remarcaje,Alejandro Flores Tapia,2019-02-15 04:01:14,EJ1-778-G.jpg
E8V-690-X,CHIH,Fiat Argo,Beige,Importacion Temporal,Camila Ortega Figueroa,2018-06-27 18:02:49,E8V-690-X.jpg
EP2-648-F,CHIH,Mercedes-Benz A-Class,Verde Oscuro,Activo,Jorge Hernandez Mora,2024-11-05 03:56:44,EP2-648-F.jpg
E1B-992-B,CHIH,Mercedes-Benz GLA,Cafe,En Proceso Legal,Hector Reyes Ramos,2019-05-23 09:50:26,E1B-992-B.jpg
ESW-908-R,CHIH,Mazda CX-5,Verde,Importacion Definitiva,Roberto Delgado Espinoza,2025-05-28 19:24:28,ESW-908-R.jpg
ESG-596-B,CHIH,Jeep Renegade,Rojo Oscuro,Importacion Temporal,Julieta Tovar Sanchez,2023-08-30 22:42:08,ESG-596-B.jpg
DY4-194-L,CHIH,Honda Civic,Verde Oscuro,Recuperado,Roberto Tapia Escobar,2025-11-11 11:23:22,DY4-194-L.jpg
EC3-939-K,CHIH,Peugeot 3008,Blanco Perlado,Robado,Marcos Cordero Arroyo,2026-05-12 15:00:53,EC3-939-K.jpg
EJE-377-L,CHIH,Hyundai Santa Fe,Verde Oscuro,Cancelado,Monica Ramirez Vazquez,2017-06-21 18:05:27,EJE-377-L.jpg
ERS-811-L,CHIH,BMW X5,Verde,Homologacion,Susana Bravo Garcia,2020-09-19 13:49:39,ERS-811-L.jpg
EFN-783-D,CHIH,Mazda MX-5,Dorado,Reposicion,Claudia Ruiz Martinez,2025-01-26 01:09:54,EFN-783-D.jpg
ES6-297-H,CHIH,Ford Ranger,Cafe,Remarcaje,Roberto Mora Lopez,2018-05-24 17:23:45,ES6-297-H.jpg
DWA-542-U,CHIH,BMW X5,Azul Marino,Remarcaje,Mauricio Arroyo Olvera,2017-10-23 22:38:22,DWA-542-U.jpg
DZH-302-E,CHIH,Toyota Corolla,Rojo Oscuro,Reposicion,Carolina Cabrera Acosta,2017-11-30 19:47:13,DZH-302-E.jpg
E7B-637-L,CHIH,Honda Accord,Dorado,Baja Temporal,Isabel Bravo Moya,2018-09-02 05:27:51,E7B-637-L.jpg
DUJ-868-L,CHIH,BMW X3,Azul,En Proceso Legal,Carlos Delgado Cruz,2017-03-10 13:38:24,DUJ-868-L.jpg
EGL-559-E,CHIH,Hyundai Accent,Amarillo,Cancelado,Jesus Quintero Suarez,2021-05-31 08:10:15,EGL-559-E.jpg
E35-117-W,CHIH,Volkswagen Golf,Gris,Robado,Patricia Escobar Jimenez,2022-09-29 00:57:05,E35-117-W.jpg
E7M-008-P,CHIH,Audi Q3,Blanco Perlado,Baja Temporal,Ana Rios Leal,2024-08-29 16:09:39,E7M-008-P.jpg
DWG-817-D,CHIH,Mazda 2,Azul Marino,Activo,Claudia Gallegos Moya,2017-09-01 20:27:35,DWG-817-D.jpg
EC0-133-U,CHIH,Ford Fiesta,Naranja,Cancelado,Noe Bravo Montes,2017-11-18 19:49:37,EC0-133-U.jpg
E6U-731-T,CHIH,Chevrolet Spark,Morado,Baja Definitiva,Fernando Leal Rodriguez,2023-08-30 02:41:01,E6U-731-T.jpg
DZE-164-C,CHIH,Renault Sandero,Dorado,Cancelado,Mauricio Gonzalez Gutierrez,2018-12-11 11:56:12,DZE-164-C.jpg
E5S-394-S,CHIH,Hyundai Santa Fe,Gris,Irregular,Miguel Zarate Arellano,2018-01-07 21:14:02,E5S-394-S.jpg
EEW-643-J,CHIH,Honda Civic,Verde Oscuro,Activo,Cecilia Carrillo Leal,2020-07-26 08:51:41,EEW-643-J.jpg
EBA-523-X,CHIH,Mazda 2,Plateado,Baja Definitiva,Elizabeth Jimenez Peña,2020-06-11 16:06:58,EBA-523-X.jpg
E8U-334-H,CHIH,Audi Q5,Azul Marino,Reposicion,Ernesto Soto Gonzalez,2023-07-24 06:26:51,E8U-334-H.jpg
E3Y-170-F,CHIH,BMW X3,Beige,Homologacion,Fabiola Arellano Soto,2021-09-11 00:54:27,E3Y-170-F.jpg
EPW-602-D,CHIH,Audi A3,Plateado,Remarcaje,Victor Lopez Castro,2018-02-11 07:33:14,EPW-602-D.jpg
E4N-318-F,CHIH,BMW X3,Negro,Baja Temporal,Marcos Solano Soto,2022-12-07 23:06:16,E4N-318-F.jpg
EHW-075-R,CHIH,Hyundai Accent,Naranja,Activo,Mauricio Chavez Montoya,2024-03-17 03:41:46,EHW-075-R.jpg
DTF-984-C,CHIH,Kia Sorento,Verde,Activo,Hector Garcia Juarez,2018-07-11 22:26:12,DTF-984-C.jpg
ES1-281-H,CHIH,Renault Sandero,Cafe,Importacion Definitiva,Laura Zarate Flores,2018-01-30 02:45:10,ES1-281-H.jpg
EH8-429-D,CHIH,Kia Forte,Dorado,Reposicion,Benjamin Jimenez Rios,2017-08-03 17:52:23,EH8-429-D.jpg
ENT-162-Y,CHIH,Ford Fiesta,Beige,Importacion Definitiva,Alejandra Hernandez Cruz,2018-08-01 06:37:51,ENT-162-Y.jpg
ELR-624-U,CHIH,Honda CR-V,Gris,En Proceso Legal,Emilio Fuentes Herrera,2020-10-13 22:22:40,ELR-624-U.jpg
DTY-834-J,CHIH,Honda Accord,Azul,Importacion Temporal,Jose Sanchez Velazquez,2021-03-10 07:42:00,DTY-834-J.jpg
E5Z-768-V,CHIH,Jeep Compass,Naranja,Baja Temporal,Laura Velazquez Aguilar,2017-08-06 01:08:44,E5Z-768-V.jpg
DX0-258-R,CHIH,Volkswagen Jetta,Dorado,Baja Definitiva,German Moya Camacho,2024-10-08 13:30:46,DX0-258-R.jpg
ETE-388-C,CHIH,Ford Focus,Blanco Perlado,Baja Definitiva,Camila Reyes Tovar,2022-11-19 06:54:33,ETE-388-C.jpg
EG8-783-S,CHIH,Mercedes-Benz GLA,Gris,Activo,Salvador Perez Tapia,2018-03-11 04:46:23,EG8-783-S.jpg
EDA-785-C,CHIH,Renault Sandero,Cafe,Importacion Temporal,Lucia Del Valle Martinez,2019-09-07 03:48:21,EDA-785-C.jpg
EGN-024-H,CHIH,Toyota Hilux,Beige,Activo,Camila Ramirez Valdez,2024-10-23 21:23:26,EGN-024-H.jpg
DYU-040-N,CHIH,Peugeot 208,Verde Oscuro,Activo,Juan Estrada Montoya,2018-07-29 03:22:08,DYU-040-N.jpg
E3J-489-F,CHIH,Jeep Wrangler,Beige,Irregular,Rebeca Romero Reyes,2025-04-04 03:36:06,E3J-489-F.jpg
E4G-396-P,CHIH,Fiat Argo,Gris,Activo,Leticia Montes Plascencia,2025-04-28 11:53:58,E4G-396-P.jpg
EB2-752-C,CHIH,Nissan March,Azul,Homologacion,Estela Mejia Tapia,2025-10-26 05:21:51,EB2-752-C.jpg
E84-056-F,CHIH,Toyota Corolla,Naranja,Robado,Raul Acosta Tapia,2021-03-28 16:03:28,E84-056-F.jpg
E70-076-P,CHIH,BMW 5 Series,Rojo,Baja Temporal,Salvador Peña Perez,2019-04-28 21:36:12,E70-076-P.jpg
DY5-006-U,CHIH,Toyota Prius,Azul Marino,Robado,Adriana Villegas Reyes,2022-09-07 13:34:31,DY5-006-U.jpg
EHH-367-Z,CHIH,Hyundai Santa Fe,Azul Marino,Reposicion,Jorge Jimenez Fernandez,2018-01-20 21:25:40,EHH-367-Z.jpg
E79-916-W,CHIH,Kia Sportage,Morado,Cancelado,Elias Cruz Gutierrez,2022-03-09 13:46:27,E79-916-W.jpg
E72-955-G,CHIH,Toyota Corolla,Gris Oscuro,Activo,Mateo Rodriguez Arellano,2019-08-06 11:50:24,E72-955-G.jpg
E71-104-D,CHIH,Kia Sorento,Plateado,Importacion Temporal,Patricia Valencia Salazar,2018-12-28 17:00:32,E71-104-D.jpg
E69-101-K,CHIH,Renault Sandero,Gris,Importacion Definitiva,Susana Palacios Orozco,2025-01-23 02:30:51,E69-101-K.jpg
ETE-832-R,CHIH,Fiat Argo,Naranja,En Proceso Legal,Teresa Valencia Camacho,2022-06-01 00:20:18,ETE-832-R.jpg
DV4-613-W,CHIH,Audi Q5,Azul Marino,Irregular,Juan Diaz Zamora,2023-12-26 12:27:54,DV4-613-W.jpg
EJ4-992-Z,CHIH,Mercedes-Benz GLC,Beige,Baja Temporal,Ignacio Vazquez Plascencia,2025-12-07 15:32:11,EJ4-992-Z.jpg
DXZ-605-T,CHIH,Chevrolet Spark,Verde,Baja Temporal,Mateo Olvera Ortega,2024-03-27 02:53:00,DXZ-605-T.jpg
ENP-241-P,CHIH,Renault Kwid,Azul Marino,Reposicion,Susana Moya Pineda,2019-05-18 06:21:19,ENP-241-P.jpg
E2H-725-E,CHIH,Nissan March,Verde,Activo,Pedro Montes Ramirez,2024-07-07 16:04:13,E2H-725-E.jpg
DXH-339-G,CHIH,Volkswagen Amarok,Cafe,Reposicion,Marisol Palacios Romero,2025-07-15 18:06:09,DXH-339-G.jpg
E74-360-P,CHIH,Kia Sportage,Beige,Baja Definitiva,Adriana Trejo Ruiz,2019-11-13 05:26:32,E74-360-P.jpg
E9V-576-U,CHIH,BMW X5,Negro,En Proceso Legal,Rosa De La Cruz Flores,2023-02-25 02:46:34,E9V-576-U.jpg
DYZ-744-N,CHIH,Renault Kwid,Verde Oscuro,Activo,Manuel Medina Vazquez,2017-12-09 06:51:09,DYZ-744-N.jpg
EAF-920-Y,CHIH,Toyota Corolla,Verde,Importacion Definitiva,Arturo Luna Ramirez,2022-06-27 05:42:14,EAF-920-Y.jpg
E1W-617-G,CHIH,Kia Sportage,Verde Oscuro,Importacion Definitiva,Fernando Trejo Chavez,2025-04-30 05:21:57,E1W-617-G.jpg
EBU-589-C,CHIH,Fiat Cronos,Azul Marino,Importacion Definitiva,Raul Izquierdo Soto,2019-08-01 12:08:10,EBU-589-C.jpg
ERB-675-K,CHIH,BMW X5,Gris Oscuro,Baja Temporal,Javier Campos Hernandez,2017-05-25 14:41:06,ERB-675-K.jpg
ES6-614-Z,CHIH,Toyota Corolla,Blanco Perlado,Activo,Elias Perez Figueroa,2021-11-21 03:44:38,ES6-614-Z.jpg
E4R-032-P,CHIH,Audi A4,Vino,Baja Temporal,Sofia Martinez Mendoza,2020-02-17 00:40:44,E4R-032-P.jpg
DXA-019-K,CHIH,Audi A3,Blanco Perlado,Cancelado,Javier Juarez Montoya,2019-09-26 15:13:11,DXA-019-K.jpg
F97-895-E,COAH,Hyundai Accent,Cafe,Activo,Diego Maldonado Moya,2024-08-17 17:30:29,F97-895-E.jpg
FLN-394-K,COAH,Mazda 2,Rojo Oscuro,Activo,Fabiola Nieto Cordero,2022-10-05 01:20:02,FLN-394-K.jpg
FKE-682-P,COAH,Peugeot 208,Blanco Perlado,En Proceso Legal,Rocio Rios Salazar,2020-02-07 12:51:23,FKE-682-P.jpg
FDZ-730-N,COAH,Renault Kwid,Gris Oscuro,Activo,Silvia Nieto Olvera,2022-02-19 08:21:18,FDZ-730-N.jpg
FN6-176-J,COAH,Honda Accord,Blanco,Remarcaje,Roberto Perez Luna,2021-11-26 18:14:51,FN6-176-J.jpg
EXT-827-X,COAH,Peugeot 3008,Rojo Oscuro,Robado,Francisco Salazar Morales,2025-08-31 20:57:08,EXT-827-X.jpg
FL0-682-F,COAH,Fiat 500,Plateado,Remarcaje,Armando Morales Valencia,2019-11-09 22:08:40,FL0-682-F.jpg
FG0-843-M,COAH,Mercedes-Benz GLA,Gris Oscuro,Homologacion,Sofia Silva Solano,2017-07-28 21:48:29,FG0-843-M.jpg
FAG-767-W,COAH,Renault Kwid,Morado,Activo,Salvador Velazquez Alvarez,2025-07-19 13:05:14,FAG-767-W.jpg
EZ6-666-A,COAH,Mercedes-Benz GLC,Gris,Baja Temporal,Pedro Urbina Acosta,2023-09-23 19:14:14,EZ6-666-A.jpg
F9U-202-G,COAH,Mercedes-Benz GLA,Negro,Irregular,Arturo Zamora Rivera,2022-01-30 17:29:57,F9U-202-G.jpg
EX0-945-V,COAH,Fiat Toro,Cafe,Activo,Eduardo Flores Gallegos,2023-09-04 08:11:33,EX0-945-V.jpg
F7R-116-A,COAH,Nissan NP300,Blanco Perlado,Cancelado,Ernesto Espinoza Contreras,2023-10-30 15:21:07,F7R-116-A.jpg
F3G-274-N,COAH,BMW 5 Series,Azul Marino,Robado,Roberto Orozco Peña,2026-01-18 06:52:32,F3G-274-N.jpg
FEH-340-Y,COAH,BMW 5 Series,Vino,Irregular,Patricia Villegas Rivera,2020-04-28 15:26:29,FEH-340-Y.jpg
FD8-345-P,COAH,Chevrolet Aveo,Verde Oscuro,Activo,Rocio Peña Solano,2018-02-23 15:28:33,FD8-345-P.jpg
EUJ-874-V,COAH,Kia Sorento,Blanco Perlado,Irregular,Fernando Maldonado Rosales,2024-11-10 08:21:23,EUJ-874-V.jpg
F35-817-K,COAH,BMW 3 Series,Gris Oscuro,Activo,Elsa Mora Huerta,2021-05-02 02:38:19,F35-817-K.jpg
FDX-930-S,COAH,Hyundai Elantra,Blanco Perlado,Activo,Javier Huerta Moya,2024-08-14 08:03:45,FDX-930-S.jpg
F53-281-Z,COAH,Volkswagen Vento,Rojo Oscuro,Importacion Temporal,Susana Dominguez Sanchez,2025-05-14 01:28:42,F53-281-Z.jpg
EZB-323-B,COAH,Honda CR-V,Azul,Activo,Andres Mora Torres,2019-05-04 21:26:41,EZB-323-B.jpg
F18-592-C,COAH,Kia Sorento,Gris Oscuro,Irregular,Sofia Correa Nieto,2021-11-05 00:08:10,F18-592-C.jpg
F54-770-T,COAH,Jeep Wrangler,Gris Oscuro,Importacion Temporal,Rebeca Gonzalez Soto,2020-06-19 01:43:30,F54-770-T.jpg
EZR-049-F,COAH,Jeep Wrangler,Naranja,Reposicion,Hector Urbina Correa,2018-03-09 13:31:11,EZR-049-F.jpg
FCD-546-U,COAH,Hyundai Santa Fe,Rojo Oscuro,Activo,Eduardo Villanueva Chavez,2018-05-08 07:57:09,FCD-546-U.jpg
EY6-050-U,COAH,Honda Civic,Blanco,Baja Definitiva,Ignacio Ramirez Juarez,2018-09-06 05:28:37,EY6-050-U.jpg
F4N-818-E,COAH,BMW X3,Verde Oscuro,Remarcaje,Diego Fernandez Peña,2018-01-08 09:24:48,F4N-818-E.jpg
FAY-430-E,COAH,BMW X3,Azul Marino,Irregular,Marisol Nieto Urbina,2019-09-16 05:44:59,FAY-430-E.jpg
FBJ-256-K,COAH,BMW X5,Gris,Cancelado,Alberto Garcia Serrano,2018-10-11 17:58:52,FBJ-256-K.jpg
EXU-808-N,COAH,Fiat Argo,Gris,Importacion Definitiva,Juan Salazar Hernandez,2022-10-28 21:08:56,EXU-808-N.jpg
F4P-941-C,COAH,Mazda 2,Morado,Homologacion,Camila Campos Ramos,2018-06-20 08:06:30,F4P-941-C.jpg
F9H-644-P,COAH,BMW X3,Azul Marino,Reposicion,Paola Ramos Carrillo,2021-06-12 04:38:30,F9H-644-P.jpg
FEP-784-G,COAH,Renault Sandero,Blanco Perlado,Homologacion,Fabiola Juarez Romero,2018-08-15 12:30:36,FEP-784-G.jpg
F2F-639-U,COAH,Fiat Toro,Rojo Oscuro,Activo,Fabiola Tapia Carrillo,2025-09-01 06:18:17,F2F-639-U.jpg
FK6-891-D,COAH,Fiat Argo,Plateado,Reposicion,Regina Perez Jimenez,2025-06-12 15:47:21,FK6-891-D.jpg
FM5-136-B,COAH,Chevrolet Cruze,Gris Oscuro,Importacion Temporal,Carmen Rivera Maldonado,2023-07-16 11:19:03,FM5-136-B.jpg
F56-377-N,COAH,Fiat Toro,Gris,Importacion Definitiva,Manuel Garcia Sanchez,2025-07-18 11:41:35,F56-377-N.jpg
FKW-540-M,COAH,Honda HR-V,Cafe,Importacion Definitiva,Elizabeth Navarro Nieto,2019-04-08 07:15:25,FKW-540-M.jpg
FHP-400-L,COAH,Kia Forte,Amarillo,En Proceso Legal,Ernesto Dominguez Esquivel,2020-02-01 20:44:10,FHP-400-L.jpg
F8Y-021-C,COAH,Ford Fiesta,Verde,Activo,Carolina Olvera Arellano,2022-02-18 02:00:39,F8Y-021-C.jpg
FMM-296-B,COAH,Peugeot 208,Gris Oscuro,Recuperado,Miguel Quintero Perez,2020-11-24 07:36:06,FMM-296-B.jpg
FCJ-848-F,COAH,BMW 3 Series,Amarillo,Recuperado,Sergio Perez Alvarez,2024-07-09 09:36:51,FCJ-848-F.jpg
FLU-659-N,COAH,Hyundai Elantra,Gris Oscuro,Baja Definitiva,Elizabeth Nieto Plascencia,2019-08-18 14:35:36,FLU-659-N.jpg
FLN-028-Z,COAH,Toyota Prius,Gris,Recuperado,Lucia Rodriguez Figueroa,2021-07-26 05:24:50,FLN-028-Z.jpg
FH3-438-W,COAH,Audi A3,Negro,Recuperado,Marisol Sandoval Contreras,2022-10-13 11:51:32,FH3-438-W.jpg
F7W-105-V,COAH,Jeep Wrangler,Gris,Activo,Carolina Portillo Perez,2023-05-04 06:34:09,F7W-105-V.jpg
FL7-957-U,COAH,Renault Duster,Beige,Robado,Lucia Morales Moya,2019-09-19 15:39:37,FL7-957-U.jpg
FPV-699-B,COAH,Jeep Wrangler,Azul Marino,Importacion Temporal,Jose Tapia Ramirez,2024-01-02 23:46:27,FPV-699-B.jpg
FK3-820-M,COAH,Toyota Hilux,Dorado,Activo,Jesus Alvarez Valencia,2022-10-11 23:22:56,FK3-820-M.jpg
FCB-886-D,COAH,Peugeot 3008,Gris Oscuro,Robado,Marcos Silva Morales,2018-03-29 09:50:56,FCB-886-D.jpg
F9B-110-P,COAH,Hyundai Elantra,Morado,Activo,Salvador Reyes Zamora,2017-11-21 15:34:11,F9B-110-P.jpg
F76-906-A,COAH,Toyota Yaris,Azul,Importacion Definitiva,Sergio Camacho Palacios,2022-07-06 19:18:34,F76-906-A.jpg
F9G-660-W,COAH,Peugeot 5008,Azul Marino,Recuperado,Emilio Tovar Tovar,2020-12-31 22:23:19,F9G-660-W.jpg
FL9-329-K,COAH,Hyundai Santa Fe,Morado,Reposicion,Maria Castillo Carrillo,2023-02-28 22:36:25,FL9-329-K.jpg
EYW-517-E,COAH,Renault Duster,Gris Oscuro,Importacion Temporal,Sebastian Villegas Hernandez,2019-01-07 11:10:32,EYW-517-E.jpg
EW4-540-D,COAH,Volkswagen Jetta,Beige,Baja Temporal,Benjamin Solano Cabrera,2017-10-16 10:12:38,EW4-540-D.jpg
EX5-566-X,COAH,Volkswagen Vento,Vino,Irregular,Yolanda Urbina Castro,2021-06-14 12:40:38,EX5-566-X.jpg
FFV-490-F,COAH,Renault Sandero,Negro,Cancelado,Sergio Velazquez Ramirez,2020-05-16 10:29:01,FFV-490-F.jpg
FJC-975-S,COAH,Hyundai Santa Fe,Beige,Importacion Definitiva,Julieta Trejo Perez,2020-09-07 19:39:20,FJC-975-S.jpg
FHF-431-T,COAH,Audi A3,Rojo,Recuperado,Felipe Sandoval Villanueva,2021-03-23 07:20:17,FHF-431-T.jpg
F4V-350-C,COAH,Honda Civic,Blanco,Recuperado,Juan Salazar Mejia,2024-01-03 04:03:13,F4V-350-C.jpg
FJ1-042-X,COAH,Honda Accord,Morado,Activo,Ana Dominguez Contreras,2018-09-30 04:57:51,FJ1-042-X.jpg
F1W-929-T,COAH,Hyundai Tucson,Verde,Activo,Leticia Herrera Herrera,2024-12-29 23:48:39,F1W-929-T.jpg
FCU-220-J,COAH,Audi A3,Plateado,Reposicion,Angela Pineda Garcia,2020-01-27 08:26:55,FCU-220-J.jpg
FP1-170-H,COAH,Ford Fiesta,Verde Oscuro,Importacion Temporal,Guadalupe Aguilar Salazar,2018-01-12 18:13:32,FP1-170-H.jpg
F4K-404-W,COAH,Peugeot 5008,Blanco Perlado,Robado,Carolina Contreras Guerrero,2017-08-17 09:33:09,F4K-404-W.jpg
EVF-334-A,COAH,Audi Q5,Gris Oscuro,Robado,Salvador Vargas Trejo,2026-02-17 01:05:56,EVF-334-A.jpg
F0G-936-Z,COAH,Ford Ranger,Azul,Activo,David Trejo Salazar,2017-02-25 02:32:25,F0G-936-Z.jpg
F39-290-D,COAH,Honda HR-V,Naranja,Cancelado,Isabel Palacios Rosales,2024-12-07 20:41:57,F39-290-D.jpg
F7A-655-M,COAH,Hyundai Tucson,Verde Oscuro,Irregular,Hector Vazquez Reyes,2022-08-28 17:14:31,F7A-655-M.jpg
EUD-725-A,COAH,BMW X5,Morado,Importacion Definitiva,Guillermo Sepulveda Herrera,2021-10-08 23:17:14,EUD-725-A.jpg
F11-259-N,COAH,BMW 5 Series,Plateado,Activo,Salvador Gutierrez Vargas,2017-09-01 06:34:06,F11-259-N.jpg
EUV-393-L,COAH,Peugeot 208,Cafe,Reposicion,Lucia Reyes Gonzalez,2023-07-19 11:53:33,EUV-393-L.jpg
F6Z-074-V,COAH,Fiat Argo,Gris Oscuro,Baja Definitiva,Cecilia Luna Escobar,2023-12-14 01:15:46,F6Z-074-V.jpg
EZB-836-F,COAH,Ford Focus,Morado,Baja Temporal,Alejandra Huerta Bravo,2018-07-27 05:56:41,EZB-836-F.jpg
EYM-876-M,COAH,Mazda MX-5,Plateado,Activo,Rebeca Sepulveda Castillo,2018-03-03 12:10:35,EYM-876-M.jpg
FPY-658-U,COAH,Ford Fiesta,Dorado,Activo,Marcos Cabrera Carrillo,2021-04-04 14:41:56,FPY-658-U.jpg
FGJ-484-L,COAH,Renault Sandero,Plateado,Baja Definitiva,Lucia Arellano Carrillo,2019-10-27 13:04:37,FGJ-484-L.jpg
F0M-026-G,COAH,Mercedes-Benz GLA,Blanco,Irregular,Camila Martinez Alvarez,2019-04-12 13:59:47,F0M-026-G.jpg
F5R-911-G,COAH,Jeep Renegade,Rojo,Irregular,Veronica Dominguez Espinoza,2023-08-27 10:39:03,F5R-911-G.jpg
F1U-702-R,COAH,Peugeot 3008,Rojo,Cancelado,Jorge Quintero Quintero,2020-08-18 16:45:12,F1U-702-R.jpg
F3Z-367-X,COAH,Volkswagen Vento,Morado,Recuperado,Sandra Chavez Barajas,2019-12-09 21:39:18,F3Z-367-X.jpg
EXJ-183-Z,COAH,Peugeot 3008,Dorado,Activo,Mateo Dominguez Medina,2018-03-07 08:47:23,EXJ-183-Z.jpg
F9K-919-J,COAH,Chevrolet Aveo,Gris,Recuperado,Alejandra Guerrero Zamora,2020-06-22 00:25:27,F9K-919-J.jpg
FF5-175-M,COAH,Hyundai Elantra,Amarillo,Robado,Marisol Jimenez Pacheco,2022-10-08 13:01:03,FF5-175-M.jpg
FGU-994-H,COAH,Chevrolet Cruze,Blanco,Importacion Definitiva,Maria Quiroz Dominguez,2025-02-11 03:44:08,FGU-994-H.jpg
EW5-115-B,COAH,Fiat Cronos,Gris,Activo,Marcos Olvera Rivera,2022-10-14 17:08:38,EW5-115-B.jpg
EVA-188-C,COAH,Peugeot 208,Gris Oscuro,En Proceso Legal,Renata Silva Mejia,2019-05-05 19:54:07,EVA-188-C.jpg
FL8-853-T,COAH,Mercedes-Benz A-Class,Naranja,Activo,Rosa Flores Mejia,2019-06-28 05:19:51,FL8-853-T.jpg
EYE-575-A,COAH,Jeep Compass,Dorado,Reposicion,Daniela Mendoza Quiroz,2024-11-04 13:28:43,EYE-575-A.jpg
EZD-153-G,COAH,Honda Accord,Rojo Oscuro,Homologacion,Cecilia Martinez Valdez,2025-03-01 01:55:20,EZD-153-G.jpg
EVZ-651-U,COAH,BMW X5,Rojo,Baja Definitiva,Isabel Gutierrez Mejia,2023-06-16 18:13:50,EVZ-651-U.jpg
FGZ-468-S,COAH,Kia Rio,Cafe,Homologacion,Sandra Delgado Velazquez,2018-09-02 10:23:16,FGZ-468-S.jpg
EV4-626-P,COAH,Renault Sandero,Negro,Activo,Adolfo Pineda Urbina,2025-11-01 12:22:35,EV4-626-P.jpg
F6T-999-E,COAH,Kia Sorento,Beige,Importacion Temporal,Guadalupe Ramirez Sandoval,2021-07-24 00:32:22,F6T-999-E.jpg
FMW-698-H,COAH,Ford Fiesta,Beige,Activo,Patricia Zamora Olvera,2022-11-23 10:26:53,FMW-698-H.jpg
F79-873-K,COAH,Volkswagen Golf,Morado,Homologacion,Adriana Avila Romero,2019-01-15 23:49:19,F79-873-K.jpg
FNP-064-P,COAH,Chevrolet Beat,Rojo Oscuro,Activo,Monica Bravo Hernandez,2024-12-29 02:27:08,FNP-064-P.jpg
EX6-706-E,COAH,Nissan NP300,Vino,Activo,Manuel Sandoval Portillo,2018-04-01 18:39:28,EX6-706-E.jpg
FJ3-521-G,COAH,Fiat Toro,Cafe,Cancelado,Martha Quiroz Castro,2022-07-18 07:01:38,FJ3-521-G.jpg
F9A-084-J,COAH,Fiat 500,Azul,Cancelado,Guillermo Mora Portillo,2024-04-04 19:52:59,F9A-084-J.jpg
FCG-794-G,COAH,Nissan Sentra,Azul,Activo,Valeria Trejo Urbina,2023-02-23 15:44:38,FCG-794-G.jpg
FJU-775-F,COAH,Kia Sorento,Verde Oscuro,Cancelado,Mateo Zamora Figueroa,2023-05-31 22:19:03,FJU-775-F.jpg
FKZ-665-W,COAH,Peugeot 308,Gris,Cancelado,Elias Valencia Villalobos,2025-02-16 21:06:38,FKZ-665-W.jpg
EYG-246-R,COAH,Volkswagen Golf,Azul,En Proceso Legal,Martha Barajas Arroyo,2018-03-02 15:27:54,EYG-246-R.jpg
FMB-550-Y,COAH,BMW X3,Amarillo,Activo,Susana Cervantes Velazquez,2022-12-17 10:44:58,FMB-550-Y.jpg
FBH-724-G,COAH,Kia Sorento,Naranja,Cancelado,Mauricio Luna Suarez,2021-12-24 07:02:42,FBH-724-G.jpg
F3W-477-J,COAH,Mazda 3,Amarillo,Baja Temporal,Regina Dominguez Portillo,2024-02-07 09:17:34,F3W-477-J.jpg
FLV-567-R,COAH,Jeep Wrangler,Cafe,En Proceso Legal,Marina Aguilar Velazquez,2023-08-17 02:33:10,FLV-567-R.jpg
F17-462-E,COAH,BMW 5 Series,Gris,Recuperado,David Hernandez Contreras,2022-12-09 11:37:18,F17-462-E.jpg
F4X-609-H,COAH,Chevrolet Beat,Blanco,Activo,Elias Villalobos Sanchez,2024-03-31 21:01:47,F4X-609-H.jpg
F0P-396-H,COAH,Nissan Sentra,Gris Oscuro,Importacion Temporal,Carolina Bravo Diaz,2022-08-19 21:24:47,F0P-396-H.jpg
EWJ-116-E,COAH,Volkswagen Jetta,Plateado,En Proceso Legal,Guillermo Bravo Arroyo,2024-01-16 21:47:57,EWJ-116-E.jpg
F35-376-J,COAH,Mercedes-Benz C-Class,Amarillo,Baja Temporal,Rebeca Montoya Flores,2019-08-17 19:26:24,F35-376-J.jpg
EZ4-829-M,COAH,Nissan NP300,Beige,Robado,Yolanda Suarez Bravo,2023-04-15 08:08:51,EZ4-829-M.jpg
F1A-956-P,COAH,Volkswagen Amarok,Plateado,Activo,Noe Peña Mora,2021-11-19 01:30:08,F1A-956-P.jpg
FMV-403-U,COAH,Nissan March,Gris,Cancelado,Antonio Gonzalez Luna,2022-08-21 22:40:58,FMV-403-U.jpg
F17-611-G,COAH,Peugeot 5008,Verde Oscuro,En Proceso Legal,Sergio Escobar Quiroz,2025-12-20 14:16:28,F17-611-G.jpg
EYH-417-E,COAH,Chevrolet Beat,Gris Oscuro,Irregular,Eduardo Rodriguez Arellano,2019-03-09 21:03:37,EYH-417-E.jpg
FEE-523-M,COAH,Kia Sorento,Dorado,Importacion Temporal,Leticia Arellano Maldonado,2018-08-17 14:11:08,FEE-523-M.jpg
FNB-001-H,COAH,BMW X3,Beige,En Proceso Legal,Teresa Rios Torres,2023-09-27 06:31:17,FNB-001-H.jpg
FKT-444-H,COAH,Chevrolet Spark,Morado,Cancelado,Salvador Zamora Figueroa,2019-12-10 23:51:56,FKT-444-H.jpg
F03-870-J,COAH,Mercedes-Benz GLC,Azul,En Proceso Legal,Susana Solano Hernandez,2018-06-14 12:34:14,F03-870-J.jpg
FFG-610-W,COAH,Kia Rio,Vino,Importacion Definitiva,Mateo Trejo Castillo,2018-01-31 21:49:19,FFG-610-W.jpg
FH0-523-F,COAH,BMW 5 Series,Morado,Importacion Temporal,Ricardo Quintero Villegas,2017-01-25 05:31:24,FH0-523-F.jpg
F1H-324-W,COAH,Honda HR-V,Gris,Remarcaje,Alejandro Moya Mendoza,2020-07-18 17:56:50,F1H-324-W.jpg
F9Y-031-L,COAH,Fiat Cronos,Blanco Perlado,En Proceso Legal,Jorge Hernandez Nieto,2017-10-14 15:19:07,F9Y-031-L.jpg
F2N-116-U,COAH,Kia Rio,Blanco Perlado,En Proceso Legal,Isabel Quiroz Vargas,2025-12-24 20:03:32,F2N-116-U.jpg
FPZ-442-Y,COAH,Audi Q3,Plateado,Activo,Juan Leal Carrillo,2021-09-21 14:34:51,FPZ-442-Y.jpg
F2Z-728-T,COAH,Mercedes-Benz GLA,Plateado,Homologacion,Felipe Espinoza Zarate,2022-10-23 11:53:47,F2Z-728-T.jpg
F5T-023-H,COAH,Mazda MX-5,Dorado,Activo,Marisol Solano Cruz,2023-04-11 19:18:09,F5T-023-H.jpg
FHU-120-V,COAH,Honda Accord,Cafe,Cancelado,Marcos Villalobos Salazar,2024-08-02 06:59:47,FHU-120-V.jpg
FE1-684-G,COAH,Mazda CX-5,Morado,Robado,Marcos Barajas Reyes,2023-02-05 22:35:54,FE1-684-G.jpg
FE1-277-Z,COAH,Nissan NP300,Gris Oscuro,Remarcaje,Claudia Romero Quintero,2017-09-06 09:20:55,FE1-277-Z.jpg
F7S-042-B,COAH,Hyundai Tucson,Gris Oscuro,Reposicion,Alejandra Luna Diaz,2025-10-20 01:38:09,F7S-042-B.jpg
FJW-746-R,COAH,Jeep Compass,Dorado,Reposicion,Leticia Plascencia Villanueva,2021-06-12 20:12:58,FJW-746-R.jpg
EZJ-937-D,COAH,Nissan Sentra,Azul,En Proceso Legal,Ana Jimenez Flores,2017-01-09 20:38:26,EZJ-937-D.jpg
FCC-138-S,COAH,Toyota Yaris,Naranja,Activo,Hector Quiroz Acosta,2018-03-28 07:53:30,FCC-138-S.jpg
F8W-918-S,COAH,Ford Focus,Morado,Robado,German Diaz Martinez,2022-12-15 06:34:26,F8W-918-S.jpg
FA1-607-C,COAH,Honda HR-V,Verde,En Proceso Legal,Jorge Soto Vargas,2017-11-07 09:07:58,FA1-607-C.jpg
F62-638-L,COAH,Peugeot 308,Azul,En Proceso Legal,Adolfo Figueroa Rodriguez,2024-03-23 00:05:51,F62-638-L.jpg
FMR-524-E,COAH,Ford Fusion,Amarillo,Cancelado,Carlos Mora Ramirez,2021-06-26 07:09:04,FMR-524-E.jpg
EYR-939-L,COAH,Peugeot 308,Dorado,Irregular,Lorena Arellano Olvera,2026-05-01 07:53:05,EYR-939-L.jpg
EUF-149-V,COAH,Hyundai Tucson,Negro,Recuperado,Ignacio Figueroa Aguilar,2025-04-15 07:05:44,EUF-149-V.jpg
FG4-737-G,COAH,Chevrolet Spark,Gris,Baja Definitiva,Ignacio Arellano Herrera,2017-07-07 17:58:12,FG4-737-G.jpg
F69-947-H,COAH,Volkswagen Jetta,Blanco,Activo,Ignacio Bravo Tovar,2023-04-24 15:38:23,F69-947-H.jpg
EYF-579-P,COAH,Mercedes-Benz GLC,Rojo,Irregular,Rebeca Maldonado Valencia,2019-04-14 02:57:45,EYF-579-P.jpg
FPT-222-N,COAH,Toyota Corolla,Rojo Oscuro,Remarcaje,Paola Palacios Perez,2022-01-17 23:09:44,FPT-222-N.jpg
EW2-591-K,COAH,Volkswagen Amarok,Gris,Activo,Jose Juarez Cruz,2018-11-22 08:57:56,EW2-591-K.jpg
F18-331-Z,COAH,Toyota Prius,Naranja,Recuperado,Rosa Arellano Herrera,2024-11-02 03:57:16,F18-331-Z.jpg
EZA-756-W,COAH,Volkswagen Jetta,Dorado,Activo,Carolina Velazquez Del Valle,2019-11-26 11:38:32,EZA-756-W.jpg
F9Y-151-S,COAH,Jeep Renegade,Verde,Activo,Renata Vazquez Gonzalez,2019-12-02 17:03:37,F9Y-151-S.jpg
EXR-251-S,COAH,Jeep Grand Cherokee,Azul Marino,Remarcaje,Daniel Villanueva Delgado,2025-02-08 03:15:25,EXR-251-S.jpg
FJ2-531-Y,COAH,Fiat 500,Morado,Recuperado,Alberto Ramos Soto,2019-09-24 22:44:18,FJ2-531-Y.jpg
EWM-666-E,COAH,Renault Sandero,Verde Oscuro,Homologacion,Daniel Orozco Cabrera,2018-08-29 02:54:10,EWM-666-E.jpg
FB0-699-R,COAH,Hyundai Accent,Gris Oscuro,Importacion Definitiva,Raul Guerrero Gonzalez,2024-01-12 17:32:08,FB0-699-R.jpg
EUT-194-F,COAH,Mercedes-Benz GLC,Gris,Cancelado,Ricardo Esquivel Esquivel,2020-10-28 07:47:46,EUT-194-F.jpg
EZB-004-J,COAH,BMW X3,Blanco Perlado,Robado,Pedro Navarro Del Valle,2022-09-25 16:27:28,EZB-004-J.jpg
FDW-411-U,COAH,BMW 5 Series,Naranja,Robado,Jose Sanchez Diaz,2021-05-06 14:08:55,FDW-411-U.jpg
F22-038-M,COAH,Nissan Versa,Rojo Oscuro,Homologacion,Carolina Camacho Romero,2025-10-22 17:21:50,F22-038-M.jpg
F7P-261-A,COAH,Fiat Cronos,Naranja,Activo,Alejandra Villalobos Villegas,2020-09-06 22:54:53,F7P-261-A.jpg
EXB-999-A,COAH,Mazda 2,Amarillo,Cancelado,Claudia Gallegos Quintero,2021-10-25 02:29:37,EXB-999-A.jpg
EYW-137-E,COAH,BMW X5,Amarillo,Reposicion,Alejandra Rivera Escobar,2024-06-13 16:34:16,EYW-137-E.jpg
FF8-167-L,COAH,Fiat Toro,Blanco,Activo,German Hernandez Arellano,2017-06-26 20:58:29,FF8-167-L.jpg
F7J-431-C,COAH,Chevrolet Spark,Vino,En Proceso Legal,Marco Castro Maldonado,2017-11-21 01:56:48,F7J-431-C.jpg
EUP-444-A,COAH,Fiat Toro,Blanco Perlado,Baja Temporal,Teresa Gallegos Flores,2017-09-17 04:49:15,EUP-444-A.jpg
F3P-335-X,COAH,Honda CR-V,Gris,Irregular,Jose Carrillo Fuentes,2022-04-05 09:24:30,F3P-335-X.jpg
F7J-428-L,COAH,Toyota Corolla,Gris,Activo,Ricardo Ramos Medina,2026-03-24 14:52:33,F7J-428-L.jpg
F7H-385-F,COAH,Peugeot 208,Rojo Oscuro,Activo,Miguel Chavez Quintero,2019-08-14 20:29:21,F7H-385-F.jpg
FL7-192-D,COAH,Hyundai Accent,Gris,Baja Definitiva,Carlos Carrillo Moya,2026-05-19 15:45:45,FL7-192-D.jpg
F2K-200-C,COAH,BMW 3 Series,Morado,Activo,Hugo Gutierrez Castro,2024-08-26 03:50:15,F2K-200-C.jpg
FF6-820-F,COAH,Ford Ranger,Amarillo,Homologacion,Eduardo Valencia Castro,2021-03-29 22:31:26,FF6-820-F.jpg
FM6-892-K,COAH,BMW 3 Series,Plateado,Baja Temporal,Daniela Del Valle Alvarez,2020-05-19 05:31:33,FM6-892-K.jpg
F51-100-U,COAH,Toyota Yaris,Blanco,Baja Definitiva,Ana Urbina Avila,2022-07-15 08:20:18,F51-100-U.jpg
EY1-677-D,COAH,Volkswagen Vento,Cafe,Irregular,Juan Castro Acosta,2021-02-04 03:23:44,EY1-677-D.jpg
EYA-675-C,COAH,Volkswagen Jetta,Vino,Activo,Lucia Medina Nieto,2022-07-28 06:52:02,EYA-675-C.jpg
FNC-940-S,COAH,Mazda MX-5,Rojo Oscuro,Cancelado,Alberto Sandoval Sanchez,2021-07-03 17:50:46,FNC-940-S.jpg
F57-424-P,COAH,Chevrolet Beat,Blanco Perlado,Importacion Temporal,Estela Solano Mora,2019-02-01 01:37:45,F57-424-P.jpg
FCJ-693-J,COAH,Nissan March,Verde Oscuro,Activo,Alejandro Silva Beltran,2023-09-16 20:42:04,FCJ-693-J.jpg
FN1-737-H,COAH,BMW X3,Morado,Activo,Julieta Quiroz Maldonado,2021-09-07 13:36:23,FN1-737-H.jpg
EWL-241-U,COAH,Kia Forte,Negro,Activo,Leticia Nieto Moya,2019-12-25 21:13:35,EWL-241-U.jpg
F5Y-088-B,COAH,Hyundai Santa Fe,Amarillo,Activo,Jose Carrillo Garcia,2018-09-04 08:08:12,F5Y-088-B.jpg
FDJ-911-U,COAH,BMW 3 Series,Dorado,En Proceso Legal,Fernando Vargas Villanueva,2018-01-24 19:47:12,FDJ-911-U.jpg
FNG-878-L,COAH,Mercedes-Benz C-Class,Gris,Importacion Definitiva,Elizabeth Gutierrez Dominguez,2024-10-08 10:11:24,FNG-878-L.jpg
EYE-208-U,COAH,Fiat 500,Verde Oscuro,Activo,Alejandro Contreras Avila,2021-07-25 03:23:40,EYE-208-U.jpg
FA0-424-N,COAH,Mercedes-Benz GLA,Blanco,Activo,Mauricio Pacheco Tapia,2023-06-24 21:15:43,FA0-424-N.jpg
EWL-954-E,COAH,Peugeot 5008,Blanco,Activo,Carmen Zarate Ortega,2020-02-14 06:40:56,EWL-954-E.jpg
FN5-442-M,COAH,Nissan Versa,Morado,Baja Definitiva,Rosa Morales Vargas,2022-10-25 00:51:25,FN5-442-M.jpg
F0G-164-L,COAH,Peugeot 5008,Dorado,Robado,Raul Tapia Soto,2018-08-26 15:59:48,F0G-164-L.jpg
EV3-406-S,COAH,Chevrolet Aveo,Gris Oscuro,Activo,Yolanda Escobar Campos,2024-06-18 01:58:15,EV3-406-S.jpg
FK9-409-Z,COAH,Renault Kwid,Amarillo,Cancelado,Marisol Moya Arroyo,2021-07-07 14:59:13,FK9-409-Z.jpg
FDF-972-H,COAH,Kia Rio,Rojo,Baja Definitiva,Victor Romero Esquivel,2018-03-26 08:27:53,FDF-972-H.jpg
EYJ-200-Y,COAH,Jeep Compass,Azul Marino,Importacion Definitiva,Sofia Maldonado Flores,2022-12-16 11:34:52,EYJ-200-Y.jpg
F0X-081-P,COAH,Chevrolet Aveo,Azul Marino,Recuperado,Rosa Montoya Rivera,2022-01-21 04:46:32,F0X-081-P.jpg
FJC-149-K,COAH,Audi A3,Plateado,Importacion Definitiva,Carlos Olvera Vargas,2019-06-03 09:01:33,FJC-149-K.jpg
FMP-100-C,COAH,Chevrolet Cruze,Vino,Recuperado,Hector Rios Navarro,2018-05-10 22:01:53,FMP-100-C.jpg
EVG-558-K,COAH,Chevrolet Beat,Azul Marino,En Proceso Legal,Leticia Izquierdo Chavez,2025-01-13 00:22:17,EVG-558-K.jpg
F7R-549-V,COAH,Kia Sportage,Amarillo,Homologacion,Carlos Chavez Huerta,2017-07-24 20:10:59,F7R-549-V.jpg
FMB-609-W,COAH,Audi A4,Cafe,Recuperado,Laura Tovar Fuentes,2019-12-19 12:32:09,FMB-609-W.jpg
FPJ-278-Z,COAH,Mercedes-Benz A-Class,Gris Oscuro,Baja Definitiva,Maria Rivera Navarro,2017-04-13 13:32:56,FPJ-278-Z.jpg
FMG-046-M,COAH,Mercedes-Benz GLA,Azul Marino,Baja Definitiva,Jesus Ortega Solano,2018-09-19 04:31:44,FMG-046-M.jpg
FKZ-029-W,COAH,Nissan Sentra,Rojo,Activo,Adriana Solano Izquierdo,2017-12-30 14:50:41,FKZ-029-W.jpg
F04-239-K,COAH,BMW 5 Series,Gris,Activo,Juan Urbina Espinoza,2017-11-11 05:39:45,F04-239-K.jpg
FB6-909-U,COAH,Toyota Yaris,Negro,Robado,Manuel Esquivel Lopez,2018-06-02 05:43:58,FB6-909-U.jpg
FA0-298-Y,COAH,Kia Sportage,Gris Oscuro,Recuperado,Alicia Olvera Zamora,2024-10-23 12:15:58,FA0-298-Y.jpg
EUT-003-Z,COAH,Hyundai Elantra,Morado,En Proceso Legal,Marisol Suarez Tovar,2021-12-30 02:59:04,EUT-003-Z.jpg
F4F-388-K,COAH,Kia Rio,Naranja,Baja Definitiva,Fabiola Sandoval Orozco,2017-07-11 18:37:55,F4F-388-K.jpg
EW8-649-Z,COAH,Honda Civic,Dorado,Baja Temporal,Angela Tovar Figueroa,2024-08-18 06:07:58,EW8-649-Z.jpg
FEG-704-P,COAH,Mazda MX-5,Verde,Activo,Jesus Diaz Contreras,2017-01-16 09:46:52,FEG-704-P.jpg
F0G-766-G,COAH,Hyundai Tucson,Verde Oscuro,Reposicion,Emilio Cordero Tovar,2020-10-14 12:47:28,F0G-766-G.jpg
FA1-464-Z,COAH,Audi Q3,Rojo Oscuro,Baja Temporal,Cristian Portillo Carrillo,2024-01-07 10:16:30,FA1-464-Z.jpg
FM0-826-W,COAH,Jeep Renegade,Blanco Perlado,Irregular,Sofia Castillo Campos,2023-06-11 17:18:04,FM0-826-W.jpg
FAR-766-T,COAH,Ford Fusion,Cafe,Activo,Carlos Dominguez Portillo,2024-12-24 18:28:39,FAR-766-T.jpg
F26-923-F,COAH,Peugeot 208,Azul Marino,Activo,Benjamin Carrillo Peña,2021-05-08 02:50:47,F26-923-F.jpg
F5M-625-S,COAH,Nissan NP300,Azul,Cancelado,Susana Serrano Guerrero,2021-10-20 07:05:54,F5M-625-S.jpg
F1N-460-Y,COAH,Ford Focus,Rojo Oscuro,Reposicion,Sergio Plascencia Aguilar,2026-03-10 16:12:54,F1N-460-Y.jpg
FMH-896-H,COAH,Nissan March,Verde,Baja Temporal,Isabel Garcia Campos,2022-01-09 03:00:23,FMH-896-H.jpg
EXF-476-X,COAH,Mercedes-Benz GLC,Morado,Reposicion,Julieta Fernandez Rosales,2026-02-04 18:42:50,EXF-476-X.jpg
FKJ-177-Z,COAH,Kia Sorento,Blanco Perlado,Reposicion,Adriana Pineda Nieto,2024-06-20 10:16:32,FKJ-177-Z.jpg
FMH-835-U,COAH,Toyota Yaris,Plateado,Remarcaje,Emilio Moya Barajas,2021-02-13 06:24:42,FMH-835-U.jpg
F7L-477-X,COAH,Chevrolet Cruze,Rojo Oscuro,Remarcaje,Rebeca Rodriguez Fuentes,2019-05-24 16:03:04,F7L-477-X.jpg
F52-733-X,COAH,BMW X3,Azul Marino,Baja Definitiva,Maria Hernandez Bravo,2017-06-12 00:38:20,F52-733-X.jpg
F0X-241-W,COAH,Mazda 3,Negro,Reposicion,Rebeca Orozco Soto,2019-06-22 15:33:02,F0X-241-W.jpg
FH9-774-H,COAH,Honda HR-V,Blanco Perlado,Homologacion,Ricardo Beltran Aguilar,2017-11-04 00:38:13,FH9-774-H.jpg
FKT-075-A,COAH,Peugeot 208,Rojo Oscuro,Importacion Definitiva,Angela Ramirez Cruz,2019-03-13 19:25:45,FKT-075-A.jpg
FGF-946-X,COAH,Hyundai Elantra,Blanco Perlado,Reposicion,Paola Izquierdo Mora,2017-03-22 02:37:00,FGF-946-X.jpg
FBE-293-F,COAH,BMW 5 Series,Verde,Importacion Definitiva,Armando Rios Alvarez,2017-10-02 08:10:19,FBE-293-F.jpg
EXU-946-A,COAH,Mercedes-Benz A-Class,Amarillo,Activo,Alejandro Contreras Orozco,2025-09-26 04:38:11,EXU-946-A.jpg
FBC-572-X,COAH,Kia Sportage,Naranja,Baja Definitiva,Fernando Aguilar Espinoza,2025-03-18 23:13:50,FBC-572-X.jpg
F6L-972-A,COAH,Nissan March,Vino,Importacion Temporal,Alicia Carrillo Leal,2025-04-06 17:28:28,F6L-972-A.jpg
FD3-792-T,COAH,Toyota Hilux,Gris Oscuro,Robado,Hugo Mendoza Serrano,2017-05-21 15:38:19,FD3-792-T.jpg
F4Z-537-L,COAH,Hyundai Santa Fe,Cafe,Reposicion,Isabel Estrada Zamora,2021-08-12 20:39:39,F4Z-537-L.jpg
F1Y-115-Z,COAH,Chevrolet Aveo,Rojo,Homologacion,Emilio Olvera Medina,2017-11-12 10:53:26,F1Y-115-Z.jpg
FNC-250-S,COAH,Jeep Wrangler,Rojo Oscuro,Activo,Luis Arroyo Aguilar,2020-10-14 21:57:31,FNC-250-S.jpg
EW8-330-Z,COAH,Hyundai Tucson,Rojo Oscuro,Recuperado,Estela Correa Montoya,2018-02-28 13:10:48,EW8-330-Z.jpg
F2C-934-H,COAH,Honda HR-V,Vino,Cancelado,Ricardo Fuentes Zamora,2026-04-06 23:21:48,F2C-934-H.jpg
FJU-364-D,COAH,Kia Rio,Verde,Activo,Felipe Cervantes Morales,2022-02-27 19:58:51,FJU-364-D.jpg
FL1-234-Z,COAH,Chevrolet Aveo,Morado,Baja Temporal,Andres Montes Aguilar,2021-02-21 09:16:52,FL1-234-Z.jpg
FNV-884-L,COAH,Kia Forte,Gris,Baja Temporal,Antonio Soto Martinez,2024-07-16 10:20:28,FNV-884-L.jpg
FFT-768-T,COAH,Peugeot 5008,Azul,Activo,Leticia Pacheco Villegas,2022-11-12 15:01:35,FFT-768-T.jpg
F78-984-A,COAH,Fiat Cronos,Rojo,Baja Temporal,Ana Cruz Garcia,2019-11-09 21:24:11,F78-984-A.jpg
EZT-391-M,COAH,Renault Kwid,Azul Marino,En Proceso Legal,Silvia Villalobos Figueroa,2022-06-16 13:21:02,EZT-391-M.jpg
F76-511-G,COAH,Hyundai Elantra,Beige,Homologacion,Camila Flores Cervantes,2017-04-03 00:38:57,F76-511-G.jpg
FBT-917-H,COAH,BMW X5,Gris,Activo,Elias Velazquez Serrano,2017-10-07 17:13:17,FBT-917-H.jpg
FP1-839-L,COAH,Chevrolet Beat,Vino,Homologacion,Sergio Campos Juarez,2024-01-10 17:28:53,FP1-839-L.jpg
FGC-449-R,COAH,BMW X5,Verde Oscuro,Activo,Manuel Izquierdo Plascencia,2022-10-12 02:50:50,FGC-449-R.jpg
EY3-867-T,COAH,Toyota Corolla,Vino,En Proceso Legal,Camila Tapia Portillo,2022-04-23 07:53:34,EY3-867-T.jpg
F5U-595-T,COAH,Fiat Argo,Plateado,Importacion Definitiva,Diego Correa Orozco,2024-12-02 20:17:38,F5U-595-T.jpg
F13-260-G,COAH,BMW 5 Series,Vino,Recuperado,Mauricio Correa Solano,2024-12-07 16:53:11,F13-260-G.jpg
FE8-613-Z,COAH,Volkswagen Golf,Dorado,Baja Definitiva,Leticia Figueroa Avila,2020-08-07 18:22:39,FE8-613-Z.jpg
FUR-010-B,COL,Chevrolet Beat,Gris,Activo,Guillermo Gutierrez Pineda,2018-09-28 02:29:11,FUR-010-B.jpg
FTH-364-T,COL,Toyota Yaris,Negro,Reposicion,Manuel Espinoza Pacheco,2017-12-19 06:42:40,FTH-364-T.jpg
FUP-455-L,COL,Peugeot 208,Azul,Activo,Cristian Leal Sepulveda,2018-07-20 18:24:03,FUP-455-L.jpg
FW8-617-W,COL,Volkswagen Vento,Gris Oscuro,Activo,Alejandra Trejo Garcia,2022-06-13 18:31:40,FW8-617-W.jpg
FRT-988-Y,COL,Fiat Cronos,Amarillo,Remarcaje,Cecilia Soto Peña,2017-02-21 03:17:24,FRT-988-Y.jpg
FUU-603-Z,COL,Chevrolet Cruze,Plateado,Reposicion,Hugo Camacho Ramos,2018-04-24 01:34:14,FUU-603-Z.jpg
FTS-443-X,COL,Volkswagen Jetta,Amarillo,Reposicion,Benjamin Quintero Del Valle,2017-01-09 08:19:15,FTS-443-X.jpg
FTE-501-H,COL,Fiat Argo,Verde Oscuro,Remarcaje,Isabel Maldonado Moya,2024-10-01 06:54:59,FTE-501-H.jpg
FRW-780-Z,COL,Jeep Renegade,Beige,Baja Definitiva,Marina Valencia Solano,2018-12-04 08:45:41,FRW-780-Z.jpg
FUL-866-E,COL,Nissan NP300,Naranja,Irregular,Carlos Garcia Valencia,2023-01-09 12:27:17,FUL-866-E.jpg
FT5-691-T,COL,Jeep Compass,Naranja,Activo,Pedro Vargas Villanueva,2018-03-28 04:56:29,FT5-691-T.jpg
FRW-229-R,COL,Kia Sportage,Rojo Oscuro,Activo,Yolanda Pacheco Nieto,2021-09-04 17:32:37,FRW-229-R.jpg
FT2-916-H,COL,Ford Ranger,Amarillo,Activo,Victor Reyes Gallegos,2018-03-21 05:53:43,FT2-916-H.jpg
FTZ-578-P,COL,Toyota Yaris,Cafe,Importacion Definitiva,Ignacio Contreras Quintero,2023-06-29 21:20:03,FTZ-578-P.jpg
FSL-116-J,COL,Ford Fusion,Azul Marino,Activo,Veronica Villalobos Estrada,2024-01-13 04:34:31,FSL-116-J.jpg
FRT-534-H,COL,Jeep Renegade,Naranja,Remarcaje,Yolanda Carrillo Castillo,2018-11-05 00:38:57,FRT-534-H.jpg
FUR-323-Y,COL,Mazda 3,Naranja,En Proceso Legal,Julieta Nieto Plascencia,2020-10-14 09:19:58,FUR-323-Y.jpg
FUE-961-Z,COL,BMW X3,Gris,Recuperado,Javier Luna Barajas,2017-05-02 11:59:06,FUE-961-Z.jpg
FUP-099-S,COL,Renault Kwid,Azul,Cancelado,Liliana Rosales Avila,2022-09-08 20:43:24,FUP-099-S.jpg
FW1-685-E,COL,Jeep Grand Cherokee,Rojo,Robado,Manuel Plascencia Dominguez,2021-10-25 00:09:51,FW1-685-E.jpg
FVA-378-F,COL,Audi A3,Naranja,Recuperado,Gabriela Avila Fernandez,2020-12-04 07:10:41,FVA-378-F.jpg
FWY-745-Y,COL,Hyundai Santa Fe,Rojo,Activo,Lucia Jimenez Tovar,2020-08-19 21:24:41,FWY-745-Y.jpg
FVF-035-T,COL,Chevrolet Cruze,Azul,Baja Temporal,Rosa Pineda Sepulveda,2022-02-01 10:23:52,FVF-035-T.jpg
FTL-811-M,COL,Audi Q5,Amarillo,Importacion Temporal,Lucia Palacios Herrera,2022-05-27 08:53:21,FTL-811-M.jpg
FSU-295-D,COL,Volkswagen Golf,Azul Marino,Remarcaje,Mauricio Sepulveda Garcia,2025-06-02 01:55:00,FSU-295-D.jpg
FT8-797-C,COL,Mercedes-Benz C-Class,Cafe,Robado,Diego Escobar Hernandez,2024-12-30 12:18:54,FT8-797-C.jpg
FUF-956-S,COL,Mercedes-Benz A-Class,Rojo Oscuro,Baja Temporal,Andres Avila Garcia,2017-07-09 20:11:24,FUF-956-S.jpg
FU6-786-G,COL,Jeep Compass,Amarillo,Activo,Martha Montoya Espinoza,2023-11-10 10:12:51,FU6-786-G.jpg
FTR-155-Y,COL,Audi Q3,Blanco Perlado,Baja Definitiva,Alejandra Fernandez Esquivel,2022-01-18 15:42:23,FTR-155-Y.jpg
FTK-841-R,COL,Ford Fiesta,Blanco Perlado,Irregular,Liliana Quintero Nieto,2021-03-08 09:54:22,FTK-841-R.jpg
FSF-002-H,COL,Renault Logan,Vino,Remarcaje,Jose Fernandez Torres,2024-09-17 07:23:31,FSF-002-H.jpg
FUV-463-H,COL,Honda Accord,Beige,En Proceso Legal,Marco Dominguez Mora,2024-10-20 07:51:25,FUV-463-H.jpg
FUF-475-L,COL,Honda CR-V,Vino,Baja Temporal,Veronica Valdez Ortega,2021-07-10 05:35:52,FUF-475-L.jpg
FVH-707-F,COL,Toyota Yaris,Rojo Oscuro,Robado,Sofia Del Valle Orozco,2021-02-23 12:07:35,FVH-707-F.jpg
FSE-223-R,COL,Honda CR-V,Gris Oscuro,Activo,Elizabeth Juarez Mejia,2020-06-06 23:14:27,FSE-223-R.jpg
FUZ-932-E,COL,Renault Kwid,Dorado,Irregular,Veronica Flores Orozco,2023-01-15 14:21:31,FUZ-932-E.jpg
FT5-180-E,COL,Jeep Renegade,Cafe,Activo,Elsa Rios Morales,2021-03-01 11:09:10,FT5-180-E.jpg
FUD-119-G,COL,Audi Q3,Rojo Oscuro,Importacion Definitiva,Ernesto Villalobos Trejo,2017-12-12 22:10:59,FUD-119-G.jpg
FS4-602-V,COL,Mercedes-Benz GLC,Azul,Baja Temporal,Francisco Villanueva Montes,2024-02-14 08:50:01,FS4-602-V.jpg
FWK-916-M,COL,Peugeot 3008,Morado,Activo,Adolfo Portillo Fernandez,2023-05-06 07:43:38,FWK-916-M.jpg
FSG-692-T,COL,Mazda 3,Gris Oscuro,Robado,Rosa Arroyo Alvarez,2019-12-05 11:49:16,FSG-692-T.jpg
FUD-954-A,COL,Volkswagen Golf,Rojo,Remarcaje,Jose Camacho Rodriguez,2020-12-18 16:46:54,FUD-954-A.jpg
FWA-388-D,COL,Chevrolet Beat,Gris Oscuro,Activo,Carolina Aguilar Vazquez,2018-04-12 22:14:41,FWA-388-D.jpg
FRY-557-B,COL,Nissan Sentra,Gris,Activo,David Gonzalez Gutierrez,2019-12-10 07:16:24,FRY-557-B.jpg
FRF-825-C,COL,Toyota Prius,Gris Oscuro,Activo,Victor Valencia Dominguez,2020-05-31 10:44:52,FRF-825-C.jpg
FS1-773-C,COL,Jeep Compass,Plateado,Irregular,Juan Maldonado Torres,2018-09-26 06:50:19,FS1-773-C.jpg
FST-633-N,COL,Peugeot 208,Dorado,Activo,Carolina Figueroa De La Cruz,2020-12-03 03:49:10,FST-633-N.jpg
FRL-543-R,COL,Renault Kwid,Beige,Recuperado,Diego Silva Silva,2018-08-19 11:00:43,FRL-543-R.jpg
FUN-687-E,COL,Audi A4,Azul Marino,Importacion Temporal,Luis Herrera Castillo,2020-12-17 20:09:35,FUN-687-E.jpg
FSN-094-U,COL,Jeep Grand Cherokee,Rojo,Irregular,Guadalupe Soto Jimenez,2026-02-13 09:28:10,FSN-094-U.jpg
FUY-679-S,COL,Nissan March,Naranja,Baja Definitiva,Sofia Ruiz Del Valle,2024-11-11 18:12:21,FUY-679-S.jpg
FRN-878-L,COL,BMW 5 Series,Azul Marino,Robado,Hugo Chavez Espinoza,2019-05-03 02:25:54,FRN-878-L.jpg
FUS-689-L,COL,Kia Sportage,Vino,En Proceso Legal,Patricia Velazquez Ortega,2024-04-10 02:47:30,FUS-689-L.jpg
FTC-371-F,COL,BMW 5 Series,Rojo,Cancelado,Leticia Romero Silva,2023-05-14 13:02:08,FTC-371-F.jpg
FWK-647-Y,COL,Mercedes-Benz A-Class,Gris,Reposicion,Benjamin Soto Contreras,2022-10-21 05:06:26,FWK-647-Y.jpg
FU9-528-N,COL,Renault Duster,Dorado,Baja Temporal,Jorge Leal Villanueva,2019-08-10 01:04:58,FU9-528-N.jpg
FRG-352-K,COL,Toyota Corolla,Morado,En Proceso Legal,Liliana Guerrero Flores,2021-01-01 07:23:47,FRG-352-K.jpg
FRX-723-W,COL,Hyundai Elantra,Blanco,Activo,Sandra Tapia Jimenez,2025-03-13 16:01:28,FRX-723-W.jpg
FS1-354-T,COL,Renault Duster,Verde Oscuro,Homologacion,Mateo Sepulveda Bravo,2020-08-01 11:20:00,FS1-354-T.jpg
FWR-612-K,COL,Mercedes-Benz A-Class,Gris Oscuro,Homologacion,Paola Acosta Gallegos,2020-11-28 13:39:53,FWR-612-K.jpg
FV1-417-C,COL,BMW X5,Verde,Activo,Francisco Camacho Fuentes,2021-01-20 17:45:01,FV1-417-C.jpg
FSE-815-U,COL,Peugeot 5008,Blanco Perlado,Cancelado,Sofia Arellano Olvera,2021-07-07 00:23:54,FSE-815-U.jpg
FUK-061-T,COL,Peugeot 308,Gris,Cancelado,Paola Valdez Beltran,2022-04-26 02:00:27,FUK-061-T.jpg
FUJ-103-F,COL,Mazda 2,Gris Oscuro,Activo,Juan Figueroa Jimenez,2021-10-08 23:19:48,FUJ-103-F.jpg
FRD-833-H,COL,Peugeot 208,Verde Oscuro,Activo,Benjamin Mora Fuentes,2021-10-09 16:11:43,FRD-833-H.jpg
FWU-205-M,COL,Jeep Wrangler,Verde,Recuperado,Hugo Zamora Quintero,2022-10-31 03:54:39,FWU-205-M.jpg
FUT-358-U,COL,Toyota Hilux,Plateado,Importacion Definitiva,Benjamin Torres Soto,2024-08-12 04:13:09,FUT-358-U.jpg
FSZ-532-M,COL,Mercedes-Benz GLC,Cafe,Activo,Ricardo Morales Cabrera,2020-02-28 16:55:53,FSZ-532-M.jpg
FWZ-265-U,COL,Nissan Sentra,Cafe,Robado,Antonio Chavez Barajas,2021-08-26 10:15:59,FWZ-265-U.jpg
FRV-486-P,COL,Mazda CX-5,Vino,Reposicion,Arturo Gutierrez Valencia,2019-11-30 15:03:14,FRV-486-P.jpg
FRX-882-P,COL,Renault Kwid,Gris Oscuro,Activo,Sergio Suarez Leal,2022-05-27 15:19:31,FRX-882-P.jpg
FU8-263-K,COL,Ford Focus,Plateado,Homologacion,Elias Huerta Ramirez,2024-10-26 19:12:46,FU8-263-K.jpg
FSX-164-H,COL,Toyota Yaris,Beige,Activo,Mauricio Barajas Morales,2018-09-03 20:33:53,FSX-164-H.jpg
FWL-169-D,COL,Hyundai Santa Fe,Negro,Robado,Camila Carrillo Zamora,2025-07-21 01:04:31,FWL-169-D.jpg
FU8-078-P,COL,Toyota Hilux,Gris,Reposicion,Estela Carrillo Villalobos,2025-08-25 17:29:58,FU8-078-P.jpg
FWY-075-V,COL,Honda Civic,Azul,Activo,Isabel Sepulveda Figueroa,2025-04-11 15:19:57,FWY-075-V.jpg
FWA-087-U,COL,Jeep Compass,Cafe,Homologacion,Julieta Navarro Ortega,2019-11-02 10:24:13,FWA-087-U.jpg
FWW-522-K,COL,Mazda 3,Rojo,Remarcaje,Emilio Ramirez Del Valle,2025-11-23 04:34:39,FWW-522-K.jpg
FRV-323-Z,COL,BMW 3 Series,Azul Marino,En Proceso Legal,Ignacio Quintero Portillo,2023-05-13 03:20:01,FRV-323-Z.jpg
FVN-610-A,COL,Audi A4,Naranja,Activo,Carmen Avila Rodriguez,2020-09-07 03:10:54,FVN-610-A.jpg
FS5-819-H,COL,Volkswagen Golf,Rojo,Homologacion,Ana Villanueva Ortega,2019-03-24 14:39:25,FS5-819-H.jpg
FUL-503-E,COL,Chevrolet Beat,Amarillo,Activo,Francisco Zarate Lopez,2022-03-26 02:42:22,FUL-503-E.jpg
FVB-143-Z,COL,Chevrolet Spark,Morado,En Proceso Legal,Rocio Delgado Leal,2017-12-18 09:38:00,FVB-143-Z.jpg
FSW-789-T,COL,Fiat Toro,Beige,Baja Definitiva,Felipe Camacho Fernandez,2018-09-21 16:00:06,FSW-789-T.jpg
FUU-840-N,COL,Mercedes-Benz A-Class,Blanco,Activo,Maria Castro Guerrero,2020-01-08 03:33:24,FUU-840-N.jpg
FUU-587-L,COL,Kia Rio,Blanco Perlado,Cancelado,Leticia Gutierrez Fernandez,2019-05-06 19:05:43,FUU-587-L.jpg
FU6-207-F,COL,Hyundai Accent,Plateado,Homologacion,Juan Leal Luna,2025-07-26 21:43:32,FU6-207-F.jpg
FRU-073-H,COL,BMW 5 Series,Verde Oscuro,Recuperado,Sofia Campos Romero,2023-08-26 00:46:14,FRU-073-H.jpg
FTA-769-V,COL,Hyundai Santa Fe,Morado,Activo,Maria Pacheco Vazquez,2023-12-22 08:06:10,FTA-769-V.jpg
FUK-207-E,COL,Nissan March,Dorado,Baja Definitiva,Luis Trejo Escobar,2021-07-03 15:10:28,FUK-207-E.jpg
FTL-928-S,COL,Fiat 500,Negro,Irregular,Cristian Rosales Rios,2022-03-30 04:36:20,FTL-928-S.jpg
FRL-653-C,COL,Jeep Renegade,Verde,Recuperado,Marina Rivera Portillo,2021-02-05 06:06:19,FRL-653-C.jpg
FRR-756-K,COL,Mazda CX-5,Negro,Baja Definitiva,Elizabeth Portillo Palacios,2025-03-20 06:59:42,FRR-756-K.jpg
FU1-349-X,COL,Honda CR-V,Negro,En Proceso Legal,Norma Rios Fernandez,2021-06-19 22:12:31,FU1-349-X.jpg
FRM-449-S,COL,Nissan Sentra,Rojo,Irregular,Sebastian Arellano Bravo,2021-10-02 21:14:40,FRM-449-S.jpg
FW4-888-L,COL,Jeep Wrangler,Plateado,Reposicion,Fabiola Orozco Navarro,2020-05-10 21:06:27,FW4-888-L.jpg
FS1-044-G,COL,Mazda 3,Amarillo,Recuperado,Marina Valdez Estrada,2019-11-21 18:44:46,FS1-044-G.jpg
FT1-558-A,COL,Kia Forte,Morado,Homologacion,Mauricio Aguilar Castillo,2020-01-11 19:53:47,FT1-558-A.jpg
FTW-558-W,COL,Kia Forte,Vino,Remarcaje,Susana Dominguez Castillo,2023-08-12 19:13:01,FTW-558-W.jpg
FU8-678-S,COL,Mercedes-Benz GLA,Blanco Perlado,Remarcaje,Sandra Valencia Sepulveda,2019-01-15 02:57:13,FU8-678-S.jpg
FSZ-635-B,COL,Mazda MX-5,Verde Oscuro,Cancelado,Marisol Tovar Cruz,2023-04-29 16:57:27,FSZ-635-B.jpg
FUK-297-S,COL,Kia Forte,Verde,Activo,Marcos Orozco Camacho,2021-07-10 20:53:43,FUK-297-S.jpg
FTT-878-J,COL,Kia Sportage,Naranja,Activo,Paola Romero Diaz,2022-04-11 09:45:59,FTT-878-J.jpg
FRR-959-T,COL,Mercedes-Benz C-Class,Azul,Activo,Estela Contreras Navarro,2019-01-11 21:48:54,FRR-959-T.jpg
FRT-980-N,COL,Peugeot 5008,Rojo Oscuro,Baja Temporal,Leticia Navarro Vargas,2021-06-06 00:53:08,FRT-980-N.jpg
FVL-588-V,COL,Nissan NP300,Gris Oscuro,Activo,Elizabeth Tovar Sanchez,2026-02-08 11:11:48,FVL-588-V.jpg
FRM-184-J,COL,Honda CR-V,Cafe,Activo,German Jimenez Serrano,2021-06-11 01:56:53,FRM-184-J.jpg
FVA-591-M,COL,Kia Forte,Plateado,Recuperado,Diego Garcia Ruiz,2022-11-28 10:04:47,FVA-591-M.jpg
FTS-232-P,COL,Renault Sandero,Rojo,Activo,Sebastian Valdez Diaz,2020-04-10 19:32:40,FTS-232-P.jpg
FWR-215-P,COL,Honda HR-V,Naranja,Activo,Salvador Huerta Zarate,2024-02-05 08:30:59,FWR-215-P.jpg
FSE-729-T,COL,Mazda CX-5,Amarillo,Importacion Temporal,Silvia Diaz Juarez,2020-07-21 01:34:18,FSE-729-T.jpg
FTW-263-K,COL,Volkswagen Vento,Dorado,En Proceso Legal,Regina Portillo Quintero,2020-03-14 04:53:40,FTW-263-K.jpg
FVU-537-Z,COL,Renault Sandero,Verde Oscuro,Baja Temporal,Susana Bravo Espinoza,2017-03-06 08:32:28,FVU-537-Z.jpg
FTM-861-X,COL,Hyundai Tucson,Rojo Oscuro,Robado,Beatriz Cordero Sandoval,2021-09-13 09:31:32,FTM-861-X.jpg
FW6-612-E,COL,Jeep Renegade,Cafe,Baja Definitiva,Isabel Estrada Diaz,2025-06-13 11:44:22,FW6-612-E.jpg
FU7-705-Y,COL,BMW 5 Series,Beige,Reposicion,Jose Romero Ortega,2025-02-20 06:07:55,FU7-705-Y.jpg
FRW-498-F,COL,Nissan Versa,Naranja,En Proceso Legal,Arturo Montes Vazquez,2020-09-02 04:31:24,FRW-498-F.jpg
FTF-808-E,COL,Toyota Hilux,Vino,Activo,Alicia Tovar Ortega,2021-03-31 23:53:27,FTF-808-E.jpg
FSX-246-W,COL,Peugeot 5008,Blanco Perlado,Activo,Benjamin Cordero Pineda,2023-10-09 02:49:09,FSX-246-W.jpg
FSN-037-J,COL,Honda Civic,Cafe,Robado,Oscar Trejo Arellano,2018-06-30 04:41:05,FSN-037-J.jpg
FSN-626-P,COL,Chevrolet Aveo,Vino,Activo,Renata Flores Rios,2022-06-24 13:27:57,FSN-626-P.jpg
FSW-405-R,COL,Hyundai Santa Fe,Beige,Recuperado,Sofia Correa Tapia,2025-02-12 13:49:19,FSW-405-R.jpg
FSN-919-T,COL,Mercedes-Benz GLC,Rojo Oscuro,Importacion Definitiva,Estela Peña Dominguez,2022-07-07 08:41:33,FSN-919-T.jpg
FTT-480-Y,COL,Mazda MX-5,Gris,Importacion Temporal,Oscar Jimenez Cabrera,2019-05-19 00:13:42,FTT-480-Y.jpg
FT7-352-R,COL,Peugeot 5008,Vino,Irregular,Lucia Villalobos Sanchez,2024-06-09 00:14:47,FT7-352-R.jpg
FSS-053-D,COL,Jeep Grand Cherokee,Verde,Reposicion,Paola Plascencia Portillo,2025-06-19 02:03:19,FSS-053-D.jpg
FUD-149-S,COL,Ford Ranger,Dorado,Importacion Definitiva,Andres Tovar Ramirez,2025-07-29 09:09:52,FUD-149-S.jpg
FW2-357-U,COL,Renault Logan,Azul Marino,Cancelado,Julieta Barajas Rodriguez,2023-11-05 01:20:30,FW2-357-U.jpg
FV9-256-B,COL,Nissan Versa,Plateado,Importacion Definitiva,Andres Tapia Trejo,2023-11-14 06:21:00,FV9-256-B.jpg
FW0-663-H,COL,Jeep Renegade,Blanco,Homologacion,Alicia Arroyo Cervantes,2019-09-01 14:20:36,FW0-663-H.jpg
FRS-458-S,COL,Mazda CX-5,Naranja,Baja Definitiva,Fabiola Esquivel Arellano,2021-09-05 16:29:39,FRS-458-S.jpg
FTX-323-Z,COL,Peugeot 3008,Rojo,Robado,Mateo Zarate Zarate,2025-06-01 23:12:17,FTX-323-Z.jpg
FUL-993-D,COL,BMW X5,Naranja,Activo,Valeria Gonzalez Arellano,2018-08-20 13:46:55,FUL-993-D.jpg
FVE-755-R,COL,BMW X3,Rojo,Activo,Elsa Correa Leal,2024-07-04 11:25:38,FVE-755-R.jpg
FV2-790-Z,COL,Honda CR-V,Gris Oscuro,Activo,Teresa Valdez Salazar,2021-12-05 12:06:09,FV2-790-Z.jpg
FRS-615-D,COL,Ford Fiesta,Rojo Oscuro,Baja Temporal,Silvia Mendoza Avila,2020-05-27 07:04:32,FRS-615-D.jpg
FW8-508-Y,COL,BMW 5 Series,Azul Marino,Activo,Alicia Rios Tovar,2026-01-01 05:24:26,FW8-508-Y.jpg
FW3-906-H,COL,Honda Civic,Gris,Activo,Isabel Palacios Acosta,2020-04-03 22:46:15,FW3-906-H.jpg
FTL-646-Y,COL,Fiat Toro,Naranja,Cancelado,Alejandra De La Cruz Chavez,2025-07-24 10:50:47,FTL-646-Y.jpg
FV2-704-G,COL,Renault Logan,Verde,Activo,Laura Castro Sanchez,2021-05-13 17:49:11,FV2-704-G.jpg
FWG-855-G,COL,Chevrolet Aveo,Verde,Activo,Rebeca Fernandez Cervantes,2024-04-26 08:37:12,FWG-855-G.jpg
FV2-863-P,COL,Mazda 3,Plateado,Baja Definitiva,Lorena Medina Nieto,2021-04-10 17:54:30,FV2-863-P.jpg
FV1-979-R,COL,Nissan NP300,Cafe,En Proceso Legal,Victor Delgado Zamora,2018-05-14 16:35:33,FV1-979-R.jpg
FUD-122-G,COL,Hyundai Accent,Azul Marino,Activo,Alberto Sandoval Ruiz,2019-03-04 00:45:13,FUD-122-G.jpg
FRZ-265-T,COL,Peugeot 208,Rojo Oscuro,Cancelado,Luis Mendoza Suarez,2025-10-04 21:05:29,FRZ-265-T.jpg
FTF-769-F,COL,Mazda 2,Naranja,En Proceso Legal,Hector Ramirez Cruz,2025-09-15 04:11:12,FTF-769-F.jpg
FRK-157-G,COL,Audi A3,Gris,Activo,Patricia Mendoza Mora,2017-12-30 01:47:16,FRK-157-G.jpg
FV8-643-E,COL,Chevrolet Cruze,Rojo,Activo,Armando Espinoza Peña,2023-05-14 00:58:23,FV8-643-E.jpg
FVU-784-A,COL,Peugeot 3008,Gris Oscuro,Activo,Cecilia Hernandez Camacho,2024-01-15 02:43:14,FVU-784-A.jpg
FTX-768-U,COL,Fiat Argo,Gris,Reposicion,Felipe Rios Bravo,2025-05-02 11:19:27,FTX-768-U.jpg
FRN-542-N,COL,Renault Sandero,Beige,Homologacion,Elizabeth Torres Castillo,2026-05-21 18:44:33,FRN-542-N.jpg
FVK-074-S,COL,Renault Duster,Cafe,Activo,Teresa Fuentes De La Cruz,2025-09-09 08:24:01,FVK-074-S.jpg
FU4-138-F,COL,Fiat Cronos,Negro,Recuperado,Claudia Garcia Mendoza,2026-05-11 18:29:18,FU4-138-F.jpg
FRZ-678-E,COL,Nissan Sentra,Rojo,Activo,Jesus Mendoza Serrano,2026-04-22 05:12:17,FRZ-678-E.jpg
FRN-709-A,COL,BMW X3,Morado,Remarcaje,Daniel Leal Sepulveda,2020-03-26 12:28:26,FRN-709-A.jpg
FTS-375-G,COL,Fiat Toro,Blanco Perlado,Reposicion,Sofia Portillo Castro,2021-09-14 15:21:16,FTS-375-G.jpg
FUR-420-V,COL,Peugeot 3008,Verde,Homologacion,Cristian Valencia Pacheco,2020-05-02 13:39:15,FUR-420-V.jpg
FS8-375-M,COL,Volkswagen Jetta,Verde,Reposicion,Lorena Gonzalez Torres,2017-09-28 02:59:56,FS8-375-M.jpg
FSR-525-X,COL,Mazda 3,Beige,Cancelado,Ruben Montoya Palacios,2023-04-14 15:22:56,FSR-525-X.jpg
FSA-531-R,COL,Jeep Grand Cherokee,Blanco,Activo,Paola Avila Barajas,2017-01-29 15:28:54,FSA-531-R.jpg
FU0-586-J,COL,Peugeot 3008,Rojo,Importacion Definitiva,Adolfo Avila Figueroa,2017-10-02 23:20:57,FU0-586-J.jpg
FW0-723-L,COL,Peugeot 308,Dorado,Importacion Definitiva,Susana Izquierdo Moya,2017-09-06 15:05:25,FW0-723-L.jpg
FRR-288-H,COL,Toyota Prius,Plateado,Cancelado,Antonio Castillo Cervantes,2021-10-04 21:39:21,FRR-288-H.jpg
FVV-186-S,COL,Mazda 3,Cafe,Robado,Jesus Juarez Valencia,2017-08-06 05:32:09,FVV-186-S.jpg
FS6-151-Z,COL,Chevrolet Beat,Gris,Importacion Definitiva,Cecilia Suarez Jimenez,2023-10-05 17:16:49,FS6-151-Z.jpg
FTE-930-V,COL,Chevrolet Beat,Azul,Importacion Definitiva,Adolfo Maldonado Suarez,2022-04-23 06:16:32,FTE-930-V.jpg
FUM-875-W,COL,Honda Accord,Gris,Activo,David Reyes Soto,2025-01-05 20:28:59,FUM-875-W.jpg
FW2-385-T,COL,Renault Logan,Gris,Activo,Susana Montes Castillo,2019-11-12 05:05:27,FW2-385-T.jpg
FTR-966-W,COL,Ford Ranger,Rojo Oscuro,Activo,Ignacio Salazar Soto,2022-12-09 10:10:53,FTR-966-W.jpg
FTV-150-W,COL,Mazda MX-5,Gris,Robado,Hugo Flores Valdez,2022-05-14 14:12:20,FTV-150-W.jpg
FTV-107-E,COL,Mercedes-Benz GLA,Naranja,Robado,Cristian Garcia Figueroa,2025-09-21 01:39:40,FTV-107-E.jpg
FRZ-614-M,COL,Peugeot 5008,Blanco,Irregular,Mateo Leal Cervantes,2021-05-10 02:35:57,FRZ-614-M.jpg
FVL-255-N,COL,Chevrolet Cruze,Beige,Cancelado,Mateo Reyes Esquivel,2018-11-05 11:09:10,FVL-255-N.jpg
FWR-584-C,COL,Kia Rio,Rojo Oscuro,Irregular,Eduardo Rodriguez Ortega,2017-05-23 14:06:38,FWR-584-C.jpg
FVA-681-T,COL,Toyota Corolla,Naranja,Remarcaje,Victor Contreras Zamora,2025-02-10 23:33:42,FVA-681-T.jpg
FRB-901-J,COL,Toyota Corolla,Morado,Cancelado,Marcos Mejia Ramos,2020-02-25 01:13:08,FRB-901-J.jpg
FUK-670-G,COL,Kia Rio,Negro,En Proceso Legal,Roberto Castro Figueroa,2023-12-18 17:10:47,FUK-670-G.jpg
FRG-076-B,COL,BMW X5,Blanco,Reposicion,Liliana Guerrero Del Valle,2017-03-27 08:48:21,FRG-076-B.jpg
FV5-912-H,COL,Kia Sorento,Rojo Oscuro,Baja Temporal,Francisco Vazquez Cabrera,2019-12-27 11:40:50,FV5-912-H.jpg
FTL-817-V,COL,Chevrolet Spark,Gris,Importacion Temporal,Adriana Fuentes Arellano,2024-01-11 09:37:43,FTL-817-V.jpg
FWW-434-D,COL,Hyundai Santa Fe,Rojo Oscuro,Cancelado,Felipe Del Valle Contreras,2018-12-27 09:31:31,FWW-434-D.jpg
FS9-135-S,COL,Toyota Prius,Blanco Perlado,En Proceso Legal,Maria Rosales Perez,2021-02-07 01:42:21,FS9-135-S.jpg
FUY-230-E,COL,Toyota Corolla,Azul Marino,Baja Definitiva,Norma Huerta Reyes,2022-06-04 08:50:33,FUY-230-E.jpg
FW9-429-J,COL,Kia Forte,Beige,Activo,Marisol Maldonado Pineda,2019-09-12 03:27:27,FW9-429-J.jpg
FS0-423-N,COL,Fiat Argo,Verde,Baja Definitiva,Sebastian Serrano Rios,2021-01-09 09:39:47,FS0-423-N.jpg
FRA-962-B,COL,Mercedes-Benz C-Class,Naranja,Remarcaje,Armando Serrano Fernandez,2022-08-29 04:44:47,FRA-962-B.jpg
FWN-815-M,COL,Kia Forte,Amarillo,Baja Definitiva,Elizabeth Nieto Orozco,2023-04-03 11:33:20,FWN-815-M.jpg
FWK-262-S,COL,BMW X5,Morado,Remarcaje,Ernesto Espinoza Silva,2020-03-31 10:17:49,FWK-262-S.jpg
FTZ-647-D,COL,Honda CR-V,Dorado,Reposicion,Yolanda Ramos Olvera,2020-08-11 00:28:01,FTZ-647-D.jpg
FTN-311-F,COL,BMW 5 Series,Blanco,Baja Definitiva,Eduardo Zarate Contreras,2022-06-24 09:38:15,FTN-311-F.jpg
FTB-362-S,COL,Renault Duster,Gris Oscuro,Baja Temporal,Marco Silva Cordero,2017-08-10 20:18:29,FTB-362-S.jpg
FUV-145-S,COL,Volkswagen Amarok,Naranja,Activo,Cristian De La Cruz Zarate,2021-10-13 12:02:36,FUV-145-S.jpg
FUK-102-C,COL,BMW 3 Series,Dorado,Importacion Temporal,Armando Esquivel Aguilar,2022-03-26 22:56:59,FUK-102-C.jpg
FTF-131-X,COL,Kia Rio,Verde,Homologacion,Alejandro Herrera Ruiz,2023-02-12 13:13:56,FTF-131-X.jpg
FRD-693-F,COL,Kia Forte,Rojo,Importacion Definitiva,Antonio Izquierdo Hernandez,2018-01-12 07:38:05,FRD-693-F.jpg
FSV-251-R,COL,Hyundai Tucson,Morado,Activo,Sergio Cabrera Olvera,2021-01-30 16:04:28,FSV-251-R.jpg
FRL-415-L,COL,Kia Sorento,Morado,Activo,Adolfo Orozco Cruz,2019-06-30 04:37:21,FRL-415-L.jpg
FUY-335-F,COL,Kia Sorento,Vino,Cancelado,Carolina Izquierdo Trejo,2019-08-07 06:16:08,FUY-335-F.jpg
FVM-628-U,COL,Audi Q5,Naranja,Activo,Hector Cabrera Ramos,2023-12-24 13:48:00,FVM-628-U.jpg
FTH-701-D,COL,Ford Fiesta,Amarillo,Activo,Camila Plascencia Garcia,2017-04-22 12:04:21,FTH-701-D.jpg
FRE-678-F,COL,Nissan Versa,Rojo,Recuperado,Laura Correa Arroyo,2026-03-04 17:36:52,FRE-678-F.jpg
FWN-561-N,COL,Hyundai Tucson,Dorado,Activo,Elias Mejia Ramos,2018-12-26 02:48:35,FWN-561-N.jpg
FWH-731-P,COL,Chevrolet Aveo,Blanco,Activo,Veronica Valdez Salazar,2022-10-05 18:11:00,FWH-731-P.jpg
FT6-983-N,COL,Honda Accord,Verde Oscuro,Homologacion,Noe Mejia Cabrera,2018-04-10 09:34:07,FT6-983-N.jpg
FRJ-726-U,COL,Ford Ranger,Amarillo,Importacion Temporal,Camila Perez Cruz,2018-05-31 22:57:42,FRJ-726-U.jpg
FWM-599-H,COL,Renault Kwid,Blanco,Importacion Definitiva,Felipe Pacheco Acosta,2019-07-24 03:52:15,FWM-599-H.jpg
FWF-510-D,COL,Peugeot 5008,Plateado,Baja Temporal,Lorena Espinoza Morales,2025-12-28 22:00:44,FWF-510-D.jpg
FVG-346-U,COL,Audi Q3,Beige,Baja Temporal,Miguel Sepulveda Gallegos,2022-11-08 18:40:53,FVG-346-U.jpg
FVJ-104-D,COL,Jeep Renegade,Azul Marino,Cancelado,Alberto Aguilar Montes,2019-10-20 02:30:51,FVJ-104-D.jpg
FSL-302-A,COL,Ford Fiesta,Gris Oscuro,Baja Definitiva,Silvia Solano Jimenez,2024-11-25 19:31:12,FSL-302-A.jpg
FU7-227-K,COL,Ford Fiesta,Amarillo,Activo,Felipe Huerta Gallegos,2018-10-22 09:52:21,FU7-227-K.jpg
FRS-177-C,COL,Honda CR-V,Morado,Remarcaje,Valeria Plascencia Ortega,2025-11-23 12:02:20,FRS-177-C.jpg
FU3-552-J,COL,BMW X3,Rojo Oscuro,Cancelado,Claudia Chavez Vazquez,2023-01-07 22:27:34,FU3-552-J.jpg
FWG-052-S,COL,Mazda MX-5,Plateado,Activo,Paola Figueroa Fuentes,2020-02-12 21:13:58,FWG-052-S.jpg
FT2-230-E,COL,Fiat Toro,Gris,En Proceso Legal,Veronica Navarro Sanchez,2025-10-20 14:58:06,FT2-230-E.jpg
FU7-140-Z,COL,Audi Q5,Dorado,Cancelado,Norma Gallegos Reyes,2020-05-01 17:23:14,FU7-140-Z.jpg
FV2-734-U,COL,Jeep Grand Cherokee,Blanco,Baja Temporal,Arturo Nieto Correa,2023-11-13 02:46:14,FV2-734-U.jpg
FRE-329-J,COL,Mazda 2,Beige,Recuperado,Sofia Zarate Cervantes,2021-12-23 23:23:47,FRE-329-J.jpg
FRR-385-Z,COL,Peugeot 208,Azul,Baja Definitiva,Marina Figueroa Bravo,2017-11-19 13:00:06,FRR-385-Z.jpg
FW2-900-F,COL,Mazda 3,Cafe,Irregular,Patricia Escobar Luna,2021-01-23 08:54:32,FW2-900-F.jpg
FTZ-198-B,COL,Mazda CX-5,Cafe,Robado,Renata Rios Serrano,2018-04-04 23:25:14,FTZ-198-B.jpg
FRH-011-T,COL,Fiat Cronos,Beige,Baja Definitiva,Alicia Peña Espinoza,2022-07-17 22:52:55,FRH-011-T.jpg
FVY-370-X,COL,BMW 3 Series,Plateado,Recuperado,Eduardo Juarez Nieto,2023-03-31 20:45:13,FVY-370-X.jpg
FT2-888-X,COL,Honda Civic,Morado,Importacion Temporal,German Izquierdo Portillo,2024-10-22 06:58:57,FT2-888-X.jpg
FSS-158-Z,COL,Nissan Sentra,Verde,Reposicion,Manuel Huerta Ruiz,2023-11-16 04:57:01,FSS-158-Z.jpg
FWW-392-P,COL,Chevrolet Beat,Gris,Activo,Paola Guerrero Camacho,2018-08-25 18:47:41,FWW-392-P.jpg
FUY-668-H,COL,Ford Fusion,Verde,Reposicion,Mauricio Ramirez Morales,2023-12-24 12:32:51,FUY-668-H.jpg
FVC-317-Z,COL,Chevrolet Beat,Rojo,Baja Temporal,Alberto Bravo Valencia,2019-10-26 12:00:00,FVC-317-Z.jpg
FUM-304-W,COL,Peugeot 3008,Blanco,Remarcaje,Ana Vargas Peña,2025-05-26 21:02:04,FUM-304-W.jpg
FSA-615-D,COL,Ford Fiesta,Negro,Activo,Mateo Quiroz Navarro,2017-06-26 21:22:16,FSA-615-D.jpg
FT6-043-M,COL,Ford Ranger,Dorado,Recuperado,Pedro Vazquez Acosta,2022-06-25 04:55:18,FT6-043-M.jpg
FVJ-864-F,COL,BMW 5 Series,Plateado,Activo,Alejandra Aguilar Cordero,2024-09-26 20:28:08,FVJ-864-F.jpg
FUP-794-N,COL,Nissan NP300,Vino,Baja Definitiva,Sandra Silva Tapia,2023-01-23 23:05:00,FUP-794-N.jpg
FU4-707-F,COL,Hyundai Elantra,Rojo,Recuperado,Javier Morales Rosales,2019-06-15 14:19:00,FU4-707-F.jpg
FSD-323-D,COL,Volkswagen Golf,Cafe,Baja Temporal,Angela Aguilar Vazquez,2017-12-14 20:42:58,FSD-323-D.jpg
FWM-721-E,COL,Mercedes-Benz GLA,Gris Oscuro,Activo,Carmen Mendoza Mora,2026-05-30 06:59:42,FWM-721-E.jpg
FSV-659-T,COL,Kia Rio,Azul Marino,Baja Temporal,Sebastian Vargas Figueroa,2022-12-07 02:54:59,FSV-659-T.jpg
FUU-017-A,COL,Nissan NP300,Rojo,Robado,Monica Sepulveda Quiroz,2019-06-03 22:04:47,FUU-017-A.jpg
FVP-575-H,COL,Honda HR-V,Vino,Robado,Elizabeth Cordero Montes,2025-09-13 12:25:40,FVP-575-H.jpg
FRV-509-C,COL,Mazda MX-5,Verde Oscuro,Cancelado,Benjamin Velazquez Cruz,2023-06-27 05:12:28,FRV-509-C.jpg
FSN-396-A,COL,Toyota Corolla,Gris,Activo,Teresa Plascencia Valencia,2018-12-19 01:00:36,FSN-396-A.jpg
FRK-790-G,COL,Fiat Cronos,Rojo Oscuro,Robado,Ricardo Valencia Juarez,2019-09-19 15:48:28,FRK-790-G.jpg
FVG-671-D,COL,BMW 5 Series,Plateado,Baja Definitiva,Miguel Zarate Villegas,2024-03-20 07:32:40,FVG-671-D.jpg
FW1-311-B,COL,Peugeot 3008,Azul Marino,Activo,Diego Correa Ramos,2024-05-12 10:41:17,FW1-311-B.jpg
FTU-666-R,COL,Audi A3,Beige,Remarcaje,Guadalupe Portillo Suarez,2023-10-28 20:55:16,FTU-666-R.jpg
FRS-396-V,COL,Renault Sandero,Morado,Activo,Carolina Silva Tapia,2025-09-11 03:53:24,FRS-396-V.jpg
FT3-575-K,COL,Mercedes-Benz GLC,Rojo,Importacion Temporal,Carmen Mejia Zamora,2020-04-22 22:42:01,FT3-575-K.jpg
FUU-902-X,COL,BMW X3,Vino,Baja Temporal,Marcos Mendoza Izquierdo,2018-04-06 23:37:21,FUU-902-X.jpg
FUP-717-P,COL,Volkswagen Golf,Gris,Cancelado,Daniel Mora Orozco,2020-11-01 18:44:24,FUP-717-P.jpg
FU4-123-P,COL,Volkswagen Golf,Rojo Oscuro,Baja Definitiva,Arturo Palacios Jimenez,2025-04-11 11:22:09,FU4-123-P.jpg
Z31-0JY,DF,Peugeot 3008,Vino,Homologacion,Susana Quiroz Mora,2019-02-11 20:22:49,Z31-0JY.jpg
Y25-G8L,DF,Nissan Sentra,Morado,Robado,Juan Tapia Orozco,2017-06-10 21:29:40,Y25-G8L.jpg
N25-4CG,DF,Peugeot 308,Naranja,Homologacion,Renata Guerrero Morales,2017-07-18 10:04:53,N25-4CG.jpg
C03-5LS,DF,Chevrolet Aveo,Blanco Perlado,Irregular,Manuel Ramirez Mendoza,2023-02-12 21:52:05,C03-5LS.jpg
F44-N4G,DF,Mercedes-Benz GLC,Naranja,Importacion Definitiva,Victor Dominguez Garcia,2020-01-04 10:34:45,F44-N4G.jpg
U32-60D,DF,Audi Q5,Blanco Perlado,Homologacion,Daniela Arroyo Carrillo,2025-06-07 11:28:50,U32-60D.jpg
K67-JVM,DF,Mercedes-Benz GLC,Plateado,Recuperado,Monica Mora Solano,2023-04-01 22:05:07,K67-JVM.jpg
P71-S8U,DF,Jeep Compass,Cafe,En Proceso Legal,Adolfo Palacios Sanchez,2017-06-26 10:50:42,P71-S8U.jpg
C61-21S,DF,Nissan NP300,Dorado,Activo,Noe Avila Lopez,2019-05-12 10:48:16,C61-21S.jpg
B34-LEM,DF,Chevrolet Cruze,Azul Marino,Activo,Alicia Sanchez Hernandez,2020-03-07 06:13:43,B34-LEM.jpg
A97-EGB,DF,Nissan NP300,Amarillo,Activo,Jose Gallegos Juarez,2022-01-26 12:49:30,A97-EGB.jpg
T80-3EU,DF,Peugeot 208,Dorado,Cancelado,Oscar Solano Barajas,2025-03-13 05:39:11,T80-3EU.jpg
Y02-VBG,DF,BMW 3 Series,Blanco Perlado,Baja Temporal,Arturo Zarate Figueroa,2017-12-07 20:30:05,Y02-VBG.jpg
D21-33J,DF,Audi Q3,Cafe,Cancelado,Carlos Espinoza Medina,2021-02-04 18:58:42,D21-33J.jpg
Y53-6SH,DF,BMW 3 Series,Amarillo,Baja Definitiva,Fernando Castillo Peña,2017-01-03 04:14:01,Y53-6SH.jpg
U67-XYE,DF,Toyota Yaris,Morado,Importacion Temporal,Carmen Montoya Serrano,2022-12-24 05:28:49,U67-XYE.jpg
R81-ANY,DF,Fiat Argo,Negro,Activo,Sebastian Vargas Portillo,2023-11-18 07:44:11,R81-ANY.jpg
W51-SMZ,DF,Ford Fiesta,Cafe,Activo,Lorena Beltran Cordero,2024-04-17 08:23:36,W51-SMZ.jpg
N06-7JL,DF,Peugeot 3008,Vino,Baja Temporal,Daniela Gallegos Guerrero,2026-02-27 11:17:34,N06-7JL.jpg
C43-2NF,DF,Chevrolet Beat,Azul Marino,Importacion Temporal,Victor Castro Rodriguez,2017-08-22 13:19:51,C43-2NF.jpg
T77-VDH,DF,Ford Fusion,Blanco Perlado,Remarcaje,Sofia Sepulveda Cervantes,2023-01-20 18:42:50,T77-VDH.jpg
E44-AFX,DF,Jeep Renegade,Gris,Cancelado,Raul Solano Mejia,2025-06-29 03:55:32,E44-AFX.jpg
R41-PGY,DF,Audi Q5,Azul,Activo,Claudia Del Valle Bravo,2017-03-08 18:15:07,R41-PGY.jpg
R86-TRK,DF,Fiat Toro,Negro,Importacion Temporal,Raul Zarate Diaz,2017-05-14 15:33:47,R86-TRK.jpg
V88-8RV,DF,Jeep Wrangler,Blanco Perlado,En Proceso Legal,Yolanda Mendoza Cervantes,2017-10-26 03:54:58,V88-8RV.jpg
E92-MUA,DF,Chevrolet Cruze,Verde Oscuro,Activo,Juan De La Cruz Rosales,2018-08-26 04:03:24,E92-MUA.jpg
M42-G9K,DF,Jeep Compass,Amarillo,Baja Definitiva,Sebastian Cervantes Dominguez,2017-06-25 18:17:25,M42-G9K.jpg
M60-DEP,DF,Honda Accord,Blanco,Importacion Definitiva,Hugo Tovar Fuentes,2024-09-01 23:14:30,M60-DEP.jpg
K85-57K,DF,Chevrolet Spark,Gris Oscuro,En Proceso Legal,Armando Velazquez Aguilar,2025-07-27 07:59:11,K85-57K.jpg
S56-Y0K,DF,Jeep Renegade,Morado,Activo,Valeria Cervantes Rios,2025-11-29 21:57:21,S56-Y0K.jpg
E29-AFG,DF,Honda HR-V,Gris,Activo,Marco Leal Medina,2019-08-24 07:55:15,E29-AFG.jpg
E64-0EP,DF,Volkswagen Amarok,Azul Marino,Importacion Definitiva,Guadalupe Esquivel Juarez,2017-09-02 10:53:12,E64-0EP.jpg
J12-SYX,DF,Fiat Argo,Azul Marino,En Proceso Legal,Lucia Diaz Suarez,2018-12-11 08:56:54,J12-SYX.jpg
E25-48C,DF,Honda CR-V,Cafe,Robado,Antonio Mejia Vazquez,2025-06-26 04:56:20,E25-48C.jpg
H08-HUV,DF,Nissan March,Verde Oscuro,En Proceso Legal,Cristian Estrada Mejia,2019-02-08 09:54:05,H08-HUV.jpg
G39-EDZ,DF,Kia Sportage,Dorado,Activo,Hector Fernandez Castro,2024-06-28 10:37:17,G39-EDZ.jpg
X75-REB,DF,Audi Q5,Azul Marino,Activo,Renata Medina Zarate,2021-11-25 19:55:05,X75-REB.jpg
G62-C2L,DF,Honda Civic,Naranja,Remarcaje,Manuel Plascencia Bravo,2026-02-27 17:25:31,G62-C2L.jpg
L73-9GK,DF,Ford Ranger,Verde Oscuro,En Proceso Legal,Norma Lopez Castillo,2023-09-01 20:30:19,L73-9GK.jpg
C42-LLF,DF,Jeep Wrangler,Morado,Baja Definitiva,Eduardo Nieto Cordero,2020-12-04 22:26:28,C42-LLF.jpg
T95-AAY,DF,Mercedes-Benz A-Class,Blanco Perlado,Cancelado,Armando Fernandez Leal,2020-09-02 02:07:25,T95-AAY.jpg
V78-RNG,DF,Renault Kwid,Negro,Reposicion,Paola Vazquez Tapia,2017-03-09 10:26:56,V78-RNG.jpg
D89-BHA,DF,BMW X3,Beige,Activo,Elias Peña Zamora,2017-09-15 05:46:16,D89-BHA.jpg
D41-FTC,DF,Mazda 3,Naranja,Activo,Hector Leal Montes,2024-10-02 22:40:33,D41-FTC.jpg
E60-98E,DF,Volkswagen Jetta,Gris Oscuro,Activo,Eduardo Estrada Barajas,2020-08-23 20:20:29,E60-98E.jpg
T12-31H,DF,Mazda CX-5,Plateado,Robado,Noe Villalobos Ruiz,2018-04-09 00:24:29,T12-31H.jpg
G52-DJH,DF,Renault Logan,Negro,Homologacion,Valeria Valdez Orozco,2020-04-28 06:57:59,G52-DJH.jpg
C60-V5Y,DF,Nissan Versa,Verde,Activo,Daniela Sanchez Torres,2021-01-27 00:10:23,C60-V5Y.jpg
F95-CAB,DF,Kia Sorento,Azul Marino,Recuperado,Julieta Mejia Escobar,2022-04-14 05:36:20,F95-CAB.jpg
F27-8AS,DF,Hyundai Santa Fe,Negro,Homologacion,Mauricio Mendoza Estrada,2021-07-18 12:29:33,F27-8AS.jpg
D27-RVT,DF,Kia Sportage,Morado,Activo,Cristian De La Cruz Acosta,2017-08-03 12:04:25,D27-RVT.jpg
Y11-C3Y,DF,Peugeot 308,Rojo,Homologacion,Veronica Perez Villegas,2025-02-13 12:34:05,Y11-C3Y.jpg
N09-MBB,DF,Nissan Sentra,Amarillo,Robado,Raul Suarez Valdez,2025-06-24 09:12:59,N09-MBB.jpg
U95-BGH,DF,Chevrolet Spark,Vino,Activo,Antonio Castro Tovar,2019-09-23 07:37:39,U95-BGH.jpg
W67-P4X,DF,Toyota Yaris,Morado,Reposicion,Pedro Maldonado Correa,2021-11-11 09:42:46,W67-P4X.jpg
G36-G3C,DF,Renault Duster,Gris Oscuro,Cancelado,Jesus Campos Bravo,2020-10-02 15:57:10,G36-G3C.jpg
V05-Z2K,DF,Audi A3,Verde,Importacion Temporal,Armando Sandoval Reyes,2017-07-13 10:29:03,V05-Z2K.jpg
B89-YHM,DF,Renault Kwid,Plateado,En Proceso Legal,Daniel Palacios Izquierdo,2020-12-11 01:48:18,B89-YHM.jpg
E36-F3Z,DF,Audi A3,Beige,Baja Temporal,Raul Arellano Jimenez,2018-08-18 09:57:20,E36-F3Z.jpg
G09-BNL,DF,Mazda 3,Gris Oscuro,Irregular,Adolfo Ortega Mejia,2019-05-14 12:54:37,G09-BNL.jpg
N57-X6S,DF,Nissan March,Morado,Recuperado,Cristian Solano Mendoza,2023-09-11 20:24:49,N57-X6S.jpg
K12-6MX,DF,Fiat 500,Negro,Activo,Pedro Barajas Navarro,2017-09-08 23:59:03,K12-6MX.jpg
S94-FHZ,DF,Toyota Prius,Rojo,Baja Definitiva,Daniel Villegas Gutierrez,2019-06-10 19:25:09,S94-FHZ.jpg
W53-F7L,DF,Kia Sorento,Verde,Baja Temporal,Jose Solano Villegas,2026-05-25 17:53:18,W53-F7L.jpg
U60-2MG,DF,Renault Sandero,Plateado,Activo,Luis Ortega Tovar,2021-07-19 03:47:37,U60-2MG.jpg
U73-32W,DF,Nissan Sentra,Azul Marino,Activo,Gabriela Orozco Vargas,2023-02-25 03:00:46,U73-32W.jpg
L47-YRM,DF,Volkswagen Golf,Plateado,Remarcaje,Marcos Zamora Luna,2022-11-06 19:26:06,L47-YRM.jpg
J49-BJJ,DF,Toyota Prius,Azul Marino,Activo,Alejandra Gutierrez Plascencia,2023-12-11 07:20:28,J49-BJJ.jpg
H80-TPM,DF,Fiat Argo,Azul Marino,Reposicion,Isabel Chavez Dominguez,2023-10-04 05:10:22,H80-TPM.jpg
N32-32T,DF,BMW 5 Series,Blanco Perlado,Reposicion,Marina Mejia Figueroa,2019-01-05 18:01:32,N32-32T.jpg
H20-5ZW,DF,Chevrolet Spark,Beige,Activo,Sergio Figueroa Rodriguez,2020-03-20 16:48:50,H20-5ZW.jpg
N83-YZC,DF,Mercedes-Benz C-Class,Beige,Importacion Definitiva,Sergio Nieto Barajas,2018-05-08 05:52:50,N83-YZC.jpg
U28-4XR,DF,Peugeot 5008,Naranja,Activo,Monica Bravo Barajas,2023-12-14 00:09:03,U28-4XR.jpg
R76-J5R,DF,Nissan Sentra,Rojo Oscuro,Importacion Definitiva,Juan Rivera Cabrera,2018-06-04 15:35:18,R76-J5R.jpg
U80-NZP,DF,BMW X5,Gris,Activo,Hugo Sanchez Orozco,2020-06-20 09:11:57,U80-NZP.jpg
C92-67M,DF,Fiat Cronos,Blanco,Reposicion,Fabiola Gallegos Salazar,2018-04-03 05:05:48,C92-67M.jpg
U43-GTH,DF,Hyundai Accent,Azul Marino,Baja Definitiva,Carmen Villegas Mejia,2025-07-19 23:08:43,U43-GTH.jpg
X60-0NC,DF,BMW 5 Series,Blanco,Homologacion,Luis Cervantes Villegas,2019-11-25 22:15:51,X60-0NC.jpg
X40-SVJ,DF,Renault Kwid,Naranja,Robado,Norma Escobar Gutierrez,2025-08-24 08:12:52,X40-SVJ.jpg
C48-3LT,DF,Jeep Renegade,Rojo Oscuro,Activo,Emilio Reyes Leal,2017-05-08 13:55:21,C48-3LT.jpg
D08-GKG,DF,BMW 5 Series,Beige,Activo,Jesus Beltran Leal,2024-10-08 07:32:46,D08-GKG.jpg
G90-3NR,DF,Volkswagen Golf,Dorado,Activo,Silvia Rosales Quiroz,2023-07-04 09:31:07,G90-3NR.jpg
T22-FFD,DF,BMW 3 Series,Beige,Cancelado,Diego Serrano Camacho,2021-07-14 23:12:01,T22-FFD.jpg
S08-18J,DF,Jeep Compass,Amarillo,Recuperado,Mateo Diaz Silva,2019-11-06 18:18:23,S08-18J.jpg
M14-RFC,DF,Kia Forte,Dorado,Activo,Noe Portillo Cordero,2024-08-18 20:23:38,M14-RFC.jpg
C62-URR,DF,Kia Sorento,Azul,Activo,Carolina Leal Villalobos,2021-02-27 23:53:37,C62-URR.jpg
R87-YCK,DF,Honda CR-V,Verde Oscuro,En Proceso Legal,Alberto Trejo Flores,2025-02-22 20:09:10,R87-YCK.jpg
U14-BLJ,DF,Toyota Corolla,Gris,Activo,Jesus Aguilar Acosta,2025-03-14 08:29:52,U14-BLJ.jpg
U83-M5E,DF,Toyota Prius,Beige,Reposicion,Ignacio Soto Peña,2018-03-24 04:03:19,U83-M5E.jpg
R08-44J,DF,Honda Civic,Morado,Cancelado,Adolfo Avila Reyes,2018-04-08 01:29:21,R08-44J.jpg
M75-G0S,DF,Audi Q3,Rojo,Homologacion,Estela Beltran Rosales,2022-03-05 13:16:24,M75-G0S.jpg
T88-BHE,DF,Audi Q3,Gris,Cancelado,Carolina Ruiz Soto,2024-10-13 17:55:14,T88-BHE.jpg
K11-NMK,DF,Volkswagen Amarok,Cafe,Activo,Salvador Bravo Estrada,2023-12-26 06:46:40,K11-NMK.jpg
P33-CXP,DF,Mercedes-Benz GLA,Blanco,Importacion Temporal,David Valdez Villanueva,2019-11-11 18:23:49,P33-CXP.jpg
U79-CVG,DF,Chevrolet Aveo,Vino,Importacion Temporal,German Contreras Olvera,2022-07-07 11:58:09,U79-CVG.jpg
S06-17M,DF,Peugeot 3008,Beige,Irregular,Laura Salazar Plascencia,2019-11-27 07:08:33,S06-17M.jpg
C05-UJV,DF,Mazda 2,Vino,Baja Temporal,Laura Izquierdo Beltran,2022-05-16 05:05:14,C05-UJV.jpg
A50-7DH,DF,Mazda 3,Verde Oscuro,Baja Definitiva,Raul Hernandez Cordero,2018-07-09 08:36:18,A50-7DH.jpg
L87-KGN,DF,Hyundai Tucson,Negro,Homologacion,Rebeca Castro Montes,2025-05-11 13:06:34,L87-KGN.jpg
H94-WHW,DF,Nissan Versa,Verde Oscuro,En Proceso Legal,Cristian Cabrera Contreras,2017-03-12 09:28:36,H94-WHW.jpg
G06-92S,DF,Volkswagen Golf,Blanco Perlado,Importacion Definitiva,Adolfo Mora Morales,2022-09-02 16:41:18,G06-92S.jpg
U10-RGY,DF,Renault Logan,Verde,Activo,Elsa Urbina Sandoval,2020-10-05 08:49:46,U10-RGY.jpg
F75-SCD,DF,Peugeot 5008,Blanco,Irregular,Ricardo Mejia Arellano,2019-01-06 00:02:13,F75-SCD.jpg
C56-5BP,DF,Peugeot 3008,Cafe,Reposicion,Jesus Rios Silva,2019-09-01 00:54:04,C56-5BP.jpg
M49-3RP,DF,Nissan March,Beige,Remarcaje,Arturo Romero Cervantes,2021-04-22 04:22:27,M49-3RP.jpg
J64-6ME,DF,Mazda CX-5,Azul,Cancelado,Adriana Vazquez Guerrero,2026-03-17 19:24:35,J64-6ME.jpg
Z04-8GT,DF,Jeep Grand Cherokee,Morado,Activo,Javier Dominguez Montoya,2019-10-02 19:57:18,Z04-8GT.jpg
A61-72E,DF,BMW X3,Rojo,Cancelado,Victor Luna Leal,2017-05-19 04:37:35,A61-72E.jpg
D01-XZK,DF,Fiat Cronos,Morado,Reposicion,Adriana Acosta Peña,2019-09-09 11:12:46,D01-XZK.jpg
G68-LFT,DF,Jeep Wrangler,Naranja,En Proceso Legal,Leticia Sepulveda Zarate,2020-04-08 23:34:18,G68-LFT.jpg
M78-ABP,DF,Renault Kwid,Azul,Baja Definitiva,Miguel Espinoza Orozco,2026-02-27 10:38:04,M78-ABP.jpg
A36-MPF,DF,Chevrolet Spark,Rojo Oscuro,Robado,Fabiola Zamora Zarate,2019-03-13 19:53:42,A36-MPF.jpg
R03-2KE,DF,Renault Logan,Verde Oscuro,Baja Temporal,Armando Aguilar Dominguez,2020-09-13 17:47:49,R03-2KE.jpg
F76-08J,DF,Audi Q5,Dorado,Irregular,Patricia Pacheco Mendoza,2020-12-28 18:26:18,F76-08J.jpg
N53-VXN,DF,Peugeot 208,Vino,Activo,Silvia Cabrera Tovar,2025-09-12 18:31:40,N53-VXN.jpg
U15-RSD,DF,Hyundai Elantra,Azul,Reposicion,Luis Rivera Arroyo,2024-06-19 05:56:04,U15-RSD.jpg
M52-S9N,DF,Audi Q5,Plateado,Homologacion,Noe Espinoza Cervantes,2018-03-06 02:19:12,M52-S9N.jpg
M36-RKV,DF,Jeep Grand Cherokee,Blanco,En Proceso Legal,Alejandra Trejo Lopez,2025-01-20 12:31:16,M36-RKV.jpg
B04-0LG,DF,Mazda 2,Verde,Robado,Oscar De La Cruz Peña,2018-10-08 05:57:17,B04-0LG.jpg
J00-LME,DF,Chevrolet Spark,Blanco,En Proceso Legal,Rocio Quintero Mora,2017-11-29 12:28:48,J00-LME.jpg
T37-DZM,DF,Renault Duster,Blanco,Recuperado,Isabel Vazquez Sepulveda,2020-07-25 17:12:45,T37-DZM.jpg
R58-N5U,DF,Volkswagen Golf,Negro,Remarcaje,Beatriz Mora Suarez,2023-12-14 02:54:07,R58-N5U.jpg
K11-NZM,DF,Mercedes-Benz C-Class,Verde Oscuro,Irregular,Juan Espinoza Del Valle,2020-01-08 03:14:53,K11-NZM.jpg
X47-2JT,DF,Chevrolet Aveo,Verde Oscuro,Importacion Definitiva,Isabel Camacho Peña,2023-10-17 14:22:42,X47-2JT.jpg
U14-5HV,DF,Ford Ranger,Beige,Reposicion,Sergio Castillo Diaz,2021-11-17 21:35:59,U14-5HV.jpg
X88-GRY,DF,Chevrolet Cruze,Naranja,Activo,Juan Valdez Herrera,2022-12-03 02:27:31,X88-GRY.jpg
V37-RLK,DF,Renault Duster,Rojo,En Proceso Legal,Monica Beltran Ortega,2019-11-11 13:47:37,V37-RLK.jpg
V12-8PY,DF,Jeep Compass,Blanco Perlado,Baja Temporal,Elizabeth Dominguez Vazquez,2025-08-25 23:07:43,V12-8PY.jpg
E94-1UC,DF,Volkswagen Amarok,Beige,Baja Definitiva,Carlos Dominguez Herrera,2024-06-25 08:47:38,E94-1UC.jpg
R68-BGY,DF,Mercedes-Benz GLC,Beige,Reposicion,Sebastian Trejo Jimenez,2021-06-03 13:01:08,R68-BGY.jpg
M84-37P,DF,Audi A3,Morado,Cancelado,Rebeca Villalobos Guerrero,2025-12-10 16:04:08,M84-37P.jpg
F20-7ZC,DF,Hyundai Elantra,Verde Oscuro,Activo,Jose Mendoza Plascencia,2022-12-15 01:25:52,F20-7ZC.jpg
G35-JWS,DF,Jeep Wrangler,Rojo,Activo,Emilio Ortega Fernandez,2023-09-04 17:46:34,G35-JWS.jpg
B11-U2A,DF,Hyundai Tucson,Beige,Homologacion,Marina Mendoza Cordero,2017-02-16 07:18:53,B11-U2A.jpg
G58-40H,DF,BMW X3,Naranja,Activo,Alicia Martinez Gonzalez,2017-11-28 07:03:53,G58-40H.jpg
R01-7HW,DF,Jeep Compass,Verde Oscuro,Baja Temporal,Renata Trejo Serrano,2019-02-05 18:10:42,R01-7HW.jpg
D32-BSL,DF,Renault Duster,Azul Marino,Activo,Gabriela Medina Moya,2017-12-03 01:38:37,D32-BSL.jpg
C65-JPV,DF,Fiat Toro,Blanco,En Proceso Legal,Roberto Mora Gonzalez,2026-02-22 12:13:38,C65-JPV.jpg
R09-KEN,DF,Nissan March,Gris Oscuro,Baja Definitiva,Elias Mora Rios,2025-12-21 11:18:57,R09-KEN.jpg
L81-TPC,DF,Peugeot 308,Blanco Perlado,Importacion Temporal,Ana Mendoza Gonzalez,2024-07-06 20:22:11,L81-TPC.jpg
C63-RNA,DF,BMW 5 Series,Verde,Importacion Temporal,Susana Flores Pacheco,2025-10-04 05:32:22,C63-RNA.jpg
T96-RLN,DF,Mercedes-Benz A-Class,Plateado,Activo,Salvador Cordero Acosta,2024-10-16 12:20:59,T96-RLN.jpg
V45-SWJ,DF,Fiat Argo,Blanco,Baja Temporal,Marco Plascencia Dominguez,2020-09-16 01:47:38,V45-SWJ.jpg
D06-5GX,DF,Chevrolet Spark,Azul,Importacion Definitiva,Alicia Martinez Sepulveda,2023-06-05 02:58:06,D06-5GX.jpg
G37-Y0B,DF,Hyundai Accent,Verde Oscuro,Activo,German Del Valle Solano,2024-06-14 02:05:28,G37-Y0B.jpg
L89-J1Z,DF,Mazda 2,Verde,En Proceso Legal,Miguel Maldonado De La Cruz,2018-09-28 08:32:53,L89-J1Z.jpg
W37-TRL,DF,Hyundai Tucson,Dorado,Baja Definitiva,Monica Delgado Luna,2025-06-17 04:42:59,W37-TRL.jpg
X65-BWF,DF,Kia Sportage,Vino,Reposicion,Pedro Martinez Olvera,2025-08-08 10:32:50,X65-BWF.jpg
X58-P0B,DF,Ford Fusion,Plateado,Homologacion,Renata Fuentes Valdez,2019-06-11 03:43:15,X58-P0B.jpg
F39-YYV,DF,Peugeot 5008,Gris Oscuro,Robado,Camila Tovar Portillo,2022-08-07 06:29:10,F39-YYV.jpg
Y42-BKX,DF,Audi A3,Morado,Activo,Norma Villalobos Ruiz,2020-11-11 12:41:50,Y42-BKX.jpg
Z57-2EH,DF,BMW X3,Dorado,Homologacion,Victor Escobar Soto,2017-03-14 09:50:07,Z57-2EH.jpg
E81-4UE,DF,Jeep Compass,Verde,Reposicion,Ricardo Esquivel Garcia,2022-07-14 10:05:00,E81-4UE.jpg
U35-1MP,DF,Honda HR-V,Azul,Reposicion,Martha Avila Zarate,2025-10-25 23:42:06,U35-1MP.jpg
X19-RBC,DF,Jeep Renegade,Dorado,Importacion Definitiva,Valeria Portillo Cervantes,2018-04-23 09:24:25,X19-RBC.jpg
P96-48Z,DF,Volkswagen Golf,Verde Oscuro,Irregular,Regina Chavez Castro,2019-03-10 10:50:27,P96-48Z.jpg
R60-CPZ,DF,Hyundai Accent,Morado,Activo,Juan Villalobos Plascencia,2021-05-30 19:21:37,R60-CPZ.jpg
H50-C1N,DF,Toyota Prius,Naranja,Activo,Miguel Martinez Navarro,2025-10-01 09:29:54,H50-C1N.jpg
W47-GSZ,DF,Fiat Toro,Vino,En Proceso Legal,Noe Juarez Barajas,2017-06-01 03:35:21,W47-GSZ.jpg
C52-V7X,DF,Jeep Grand Cherokee,Gris Oscuro,Robado,Jose Salazar Zarate,2020-05-14 03:03:43,C52-V7X.jpg
L38-GUG,DF,Chevrolet Cruze,Morado,Baja Temporal,Estela Campos Ramirez,2019-03-31 07:24:57,L38-GUG.jpg
F13-57V,DF,Chevrolet Beat,Azul,Irregular,Marco Villanueva Silva,2026-03-01 05:29:04,F13-57V.jpg
J39-8XK,DF,Mercedes-Benz GLC,Plateado,Activo,Eduardo Mendoza Montes,2026-02-08 15:31:56,J39-8XK.jpg
G57-LDG,DF,Fiat Toro,Azul,Importacion Temporal,Camila Salazar Vazquez,2022-12-21 12:02:28,G57-LDG.jpg
P82-6DV,DF,Audi A3,Amarillo,Remarcaje,Camila Gonzalez Pineda,2025-06-19 12:27:15,P82-6DV.jpg
D58-J0P,DF,Renault Logan,Rojo Oscuro,En Proceso Legal,Mauricio Serrano Rodriguez,2018-12-23 04:09:47,D58-J0P.jpg
J96-01W,DF,Peugeot 208,Dorado,Baja Temporal,Elsa Guerrero Guerrero,2024-12-30 04:20:59,J96-01W.jpg
P59-U5J,DF,Nissan Sentra,Morado,Robado,Lucia Rosales Delgado,2019-12-29 08:00:47,P59-U5J.jpg
F38-WDF,DF,Mercedes-Benz GLA,Azul Marino,Reposicion,Silvia Urbina Tapia,2021-03-29 10:51:04,F38-WDF.jpg
Z61-6KU,DF,Mazda 2,Blanco Perlado,En Proceso Legal,David Fuentes Urbina,2017-03-04 14:52:55,Z61-6KU.jpg
L16-BGV,DF,BMW 5 Series,Dorado,Importacion Temporal,Marisol Zarate Jimenez,2017-08-17 13:35:01,L16-BGV.jpg
X20-51S,DF,Chevrolet Spark,Blanco Perlado,Activo,Francisco Ramos Silva,2018-10-18 21:39:56,X20-51S.jpg
D32-C7H,DF,Kia Sorento,Negro,Importacion Definitiva,Monica Serrano Sandoval,2022-05-18 21:48:07,D32-C7H.jpg
T03-X9C,DF,Jeep Grand Cherokee,Plateado,En Proceso Legal,Guadalupe Navarro Portillo,2019-01-15 09:15:20,T03-X9C.jpg
L23-XDA,DF,Fiat 500,Naranja,Activo,Yolanda Delgado Portillo,2022-09-17 22:45:05,L23-XDA.jpg
K22-6SA,DF,Mercedes-Benz C-Class,Verde Oscuro,En Proceso Legal,Lorena Juarez Espinoza,2026-03-28 20:48:14,K22-6SA.jpg
J29-NUG,DF,BMW 5 Series,Blanco Perlado,Importacion Temporal,Carlos Sepulveda Lopez,2023-03-08 23:51:04,J29-NUG.jpg
S49-75E,DF,Mazda CX-5,Dorado,Baja Definitiva,Leticia Valencia Medina,2019-05-08 14:49:14,S49-75E.jpg
T65-8HK,DF,Mercedes-Benz GLC,Gris Oscuro,Importacion Temporal,Diego Garcia Rios,2019-08-26 23:36:00,T65-8HK.jpg
P10-X3A,DF,Kia Sportage,Rojo,Baja Temporal,Yolanda Huerta Martinez,2026-04-20 11:07:49,P10-X3A.jpg
M88-VUH,DF,Fiat Argo,Amarillo,Importacion Temporal,Fabiola Pineda Quiroz,2022-08-29 21:57:13,M88-VUH.jpg
V56-GZZ,DF,Toyota Yaris,Vino,Activo,Laura Velazquez Guerrero,2017-04-02 11:21:25,V56-GZZ.jpg
L67-9FH,DF,Audi A4,Morado,Irregular,Julieta Acosta Arellano,2025-03-29 16:08:17,L67-9FH.jpg
M52-KJK,DF,Fiat Argo,Rojo,Cancelado,Liliana Perez Plascencia,2020-09-23 08:15:36,M52-KJK.jpg
Z63-52D,DF,Hyundai Santa Fe,Dorado,Robado,Mauricio Peña Huerta,2018-08-03 08:48:09,Z63-52D.jpg
L32-65X,DF,Honda Accord,Negro,Importacion Temporal,Julieta Urbina Nieto,2026-04-23 06:57:24,L32-65X.jpg
D36-1PY,DF,Toyota Prius,Verde,Activo,Elias Morales Flores,2018-09-18 19:26:49,D36-1PY.jpg
S70-0JA,DF,Nissan Sentra,Naranja,En Proceso Legal,Julieta Gallegos Silva,2023-05-31 06:23:14,S70-0JA.jpg
T50-ZND,DF,Mercedes-Benz GLC,Gris Oscuro,Importacion Temporal,Jose Espinoza Solano,2021-07-31 06:30:51,T50-ZND.jpg
P05-YJY,DF,Toyota Prius,Vino,Reposicion,Ruben Hernandez Guerrero,2023-04-25 09:47:11,P05-YJY.jpg
T54-56W,DF,Honda HR-V,Morado,Activo,Benjamin Zamora Campos,2024-09-08 08:54:36,T54-56W.jpg
P17-UVY,DF,Mazda CX-5,Azul Marino,Baja Temporal,Rosa Fuentes Olvera,2020-06-04 03:50:10,P17-UVY.jpg
E80-20M,DF,Chevrolet Spark,Dorado,Activo,Marcos Plascencia Navarro,2026-05-11 00:11:17,E80-20M.jpg
L54-X5B,DF,Hyundai Accent,Azul Marino,Irregular,Oscar Tovar Sepulveda,2023-11-22 15:55:01,L54-X5B.jpg
E23-0EF,DF,Honda Civic,Amarillo,Remarcaje,Armando Morales Contreras,2022-03-11 14:28:08,E23-0EF.jpg
Y28-JSW,DF,BMW X5,Dorado,Activo,Alejandro Correa Montoya,2022-06-02 21:33:50,Y28-JSW.jpg
T59-EEP,DF,Renault Logan,Rojo,Importacion Definitiva,Antonio Cruz Guerrero,2019-09-08 15:48:13,T59-EEP.jpg
J13-AXS,DF,Nissan NP300,Gris Oscuro,Reposicion,Estela Montes Zarate,2021-02-19 15:37:43,J13-AXS.jpg
J10-M0W,DF,Kia Rio,Azul Marino,Activo,Sofia Beltran Rios,2020-04-15 03:59:16,J10-M0W.jpg
R95-T4G,DF,Kia Forte,Verde,Baja Temporal,Sergio Camacho Quiroz,2020-04-23 13:33:35,R95-T4G.jpg
E75-F8W,DF,Hyundai Santa Fe,Plateado,Activo,Beatriz Huerta Jimenez,2025-09-24 18:05:06,E75-F8W.jpg
D30-D1B,DF,Volkswagen Amarok,Negro,Irregular,Marisol Sanchez Camacho,2022-03-07 17:33:01,D30-D1B.jpg
V72-NHA,DF,Mazda CX-5,Rojo,Importacion Definitiva,Veronica De La Cruz Peña,2023-10-16 17:16:54,V72-NHA.jpg
U03-4KX,DF,Honda Accord,Azul Marino,Reposicion,Marcos Lopez Maldonado,2023-09-28 13:29:59,U03-4KX.jpg
R06-HDX,DF,Nissan NP300,Verde,Recuperado,Lucia Trejo Fuentes,2020-08-04 13:25:19,R06-HDX.jpg
B69-MYL,DF,Peugeot 208,Blanco,Activo,Juan Moya Sanchez,2022-07-27 09:52:21,B69-MYL.jpg
J50-N8W,DF,Peugeot 3008,Plateado,Baja Temporal,Manuel Sandoval Valencia,2019-11-20 22:20:37,J50-N8W.jpg
K51-87S,DF,BMW 3 Series,Vino,Activo,Victor Cabrera Chavez,2018-09-23 05:19:10,K51-87S.jpg
H81-4MZ,DF,Toyota Yaris,Gris,Activo,Salvador Chavez Acosta,2023-06-19 03:42:00,H81-4MZ.jpg
U77-YLB,DF,Mazda CX-5,Azul Marino,Recuperado,Ruben Mendoza Chavez,2023-06-20 15:13:56,U77-YLB.jpg
H04-H7B,DF,Fiat 500,Naranja,Recuperado,Guadalupe Salazar Salazar,2026-05-26 09:18:41,H04-H7B.jpg
E41-B8M,DF,BMW X5,Rojo Oscuro,Importacion Temporal,Lorena Portillo Nieto,2024-09-26 21:06:55,E41-B8M.jpg
K06-H5C,DF,BMW 5 Series,Azul,Activo,Guadalupe Avila Campos,2026-04-08 03:18:12,K06-H5C.jpg
N30-LRK,DF,Peugeot 3008,Blanco Perlado,Irregular,Felipe Portillo Contreras,2026-01-24 11:40:25,N30-LRK.jpg
S50-4LC,DF,Ford Focus,Rojo,Activo,Valeria Chavez Figueroa,2022-03-21 17:38:23,S50-4LC.jpg
C51-XMG,DF,Toyota Prius,Amarillo,Homologacion,Leticia Cruz Moya,2022-02-05 10:32:03,C51-XMG.jpg
B61-KGL,DF,Jeep Grand Cherokee,Rojo,Robado,Manuel Fuentes Juarez,2018-02-15 19:35:10,B61-KGL.jpg
G18-RCK,DF,Honda CR-V,Plateado,Cancelado,Maria Contreras Garcia,2017-02-23 16:29:00,G18-RCK.jpg
B42-40L,DF,Kia Sportage,Gris,Recuperado,Sofia Montes Gallegos,2020-12-22 14:45:06,B42-40L.jpg
Y46-RCY,DF,Ford Focus,Azul,Homologacion,Sebastian De La Cruz Tovar,2021-06-28 02:36:01,Y46-RCY.jpg
W07-V1U,DF,BMW X5,Plateado,Importacion Definitiva,Elsa Nieto Vazquez,2021-06-14 00:49:40,W07-V1U.jpg
D52-ZUC,DF,Toyota Hilux,Azul Marino,Cancelado,German Castillo Trejo,2017-02-26 06:10:30,D52-ZUC.jpg
P65-C3F,DF,BMW X3,Naranja,Cancelado,Juan Ruiz Aguilar,2026-03-26 15:57:44,P65-C3F.jpg
N66-RTG,DF,Renault Sandero,Plateado,Activo,Rebeca Zamora Jimenez,2023-08-12 03:39:45,N66-RTG.jpg
M37-PNL,DF,BMW 5 Series,Gris,Activo,Beatriz Zarate Rios,2021-04-11 02:51:51,M37-PNL.jpg
V82-NNF,DF,Audi Q5,Blanco Perlado,Remarcaje,Miguel Juarez Avila,2020-01-09 16:41:12,V82-NNF.jpg
C62-U2T,DF,Jeep Renegade,Naranja,Importacion Temporal,Javier Carrillo Solano,2025-08-02 18:57:56,C62-U2T.jpg
U87-87Z,DF,Mazda CX-5,Amarillo,En Proceso Legal,Hector Fuentes Valdez,2024-09-30 16:57:27,U87-87Z.jpg
F86-NGK,DF,Toyota Prius,Negro,Remarcaje,Mateo Esquivel Contreras,2017-12-15 15:31:29,F86-NGK.jpg
S10-D2E,DF,Peugeot 308,Cafe,Robado,Martha Montes Rosales,2019-03-27 17:23:51,S10-D2E.jpg
M88-08Z,DF,Audi A4,Blanco Perlado,Irregular,Sergio Acosta Villegas,2024-04-29 13:32:17,M88-08Z.jpg
U73-8EP,DF,Honda Civic,Vino,Irregular,Roberto De La Cruz Cordero,2026-04-25 08:42:27,U73-8EP.jpg
D54-TNC,DF,Jeep Grand Cherokee,Vino,Reposicion,Ruben Avila Martinez,2021-03-24 01:08:51,D54-TNC.jpg
P94-56C,DF,Kia Sorento,Cafe,Robado,Marcos Vargas Soto,2024-03-13 12:36:08,P94-56C.jpg
T75-PLK,DF,BMW 3 Series,Gris Oscuro,Cancelado,Gabriela Tovar Castillo,2018-08-22 03:06:59,T75-PLK.jpg
Y78-DZC,DF,Peugeot 5008,Beige,Activo,Adriana Peña Gallegos,2021-12-31 11:03:51,Y78-DZC.jpg
R65-5KZ,DF,Ford Ranger,Beige,Activo,Hector Barajas Nieto,2021-06-13 14:32:54,R65-5KZ.jpg
U80-RHA,DF,Ford Focus,Verde Oscuro,Reposicion,Alejandro Serrano Soto,2018-06-26 03:22:43,U80-RHA.jpg
W05-5HB,DF,Fiat 500,Morado,Activo,Andres Rivera Flores,2022-01-25 23:56:56,W05-5HB.jpg
A54-AYD,DF,Volkswagen Golf,Dorado,Activo,Antonio Gonzalez Silva,2023-02-22 21:40:49,A54-AYD.jpg
S09-ZNR,DF,Toyota Hilux,Verde,Activo,Claudia Sepulveda Martinez,2018-08-16 06:46:19,S09-ZNR.jpg
K15-YZT,DF,Fiat 500,Blanco,Irregular,Carmen Mendoza Esquivel,2026-05-04 07:48:26,K15-YZT.jpg
D77-C9V,DF,Renault Logan,Rojo,Recuperado,Francisco Martinez Carrillo,2025-02-25 11:41:11,D77-C9V.jpg
E85-C7G,DF,Mercedes-Benz C-Class,Plateado,Activo,Marisol Velazquez Correa,2023-12-12 07:13:02,E85-C7G.jpg
B95-5CM,DF,Toyota Corolla,Rojo Oscuro,Cancelado,Sofia Vargas Zamora,2023-12-10 15:16:24,B95-5CM.jpg
W24-H0V,DF,Jeep Wrangler,Verde,Homologacion,Teresa Morales Salazar,2017-08-17 19:11:44,W24-H0V.jpg
R91-8UR,DF,Mercedes-Benz GLA,Verde,Recuperado,Roberto Herrera Olvera,2021-07-28 19:23:11,R91-8UR.jpg
J73-99N,DF,Nissan Sentra,Gris Oscuro,Recuperado,Angela Reyes Ortega,2020-10-22 09:28:26,J73-99N.jpg
N75-ZGE,DF,BMW X3,Rojo,En Proceso Legal,Adriana Vargas Solano,2021-03-17 18:25:40,N75-ZGE.jpg
U09-C6B,DF,Hyundai Accent,Azul Marino,Importacion Definitiva,Emilio Diaz Perez,2020-06-02 08:28:27,U09-C6B.jpg
G6R-282-B,DGO,Toyota Yaris,Rojo Oscuro,Activo,Renata Izquierdo Esquivel,2019-01-01 21:18:11,G6R-282-B.jpg
G1V-933-T,DGO,Peugeot 5008,Cafe,Irregular,Elsa Romero Quintero,2025-11-30 11:49:52,G1V-933-T.jpg
FY2-409-L,DGO,Kia Sportage,Naranja,En Proceso Legal,German Gallegos Montoya,2026-04-27 18:15:10,FY2-409-L.jpg
FYS-009-F,DGO,Hyundai Tucson,Cafe,Baja Definitiva,Hugo Sandoval Perez,2021-07-02 15:29:23,FYS-009-F.jpg
G2M-132-M,DGO,Ford Focus,Vino,Reposicion,Javier Romero Villegas,2019-05-01 16:50:33,G2M-132-M.jpg
G3D-354-Y,DGO,Audi Q3,Cafe,Irregular,Sofia Montoya Perez,2026-04-19 09:02:48,G3D-354-Y.jpg
GFX-629-P,DGO,Fiat Toro,Negro,Activo,Fernando Juarez Diaz,2022-12-09 06:20:57,GFX-629-P.jpg
FYR-186-G,DGO,Mercedes-Benz GLC,Blanco,Baja Definitiva,Raul Montoya Contreras,2022-12-07 10:02:28,FYR-186-G.jpg
FXX-059-Y,DGO,Jeep Grand Cherokee,Blanco,Homologacion,Claudia De La Cruz Cabrera,2024-09-29 13:15:03,FXX-059-Y.jpg
GFF-438-V,DGO,Jeep Compass,Blanco,Baja Temporal,Fabiola Plascencia Quintero,2020-06-27 19:37:32,GFF-438-V.jpg
GAP-432-W,DGO,Jeep Wrangler,Azul,Importacion Definitiva,Rosa Plascencia Luna,2025-05-09 15:13:56,GAP-432-W.jpg
G1A-894-V,DGO,Nissan March,Gris Oscuro,Robado,Lucia Martinez Villalobos,2022-05-31 13:40:48,G1A-894-V.jpg
G9A-355-H,DGO,Renault Logan,Amarillo,Remarcaje,Benjamin Urbina Correa,2018-04-06 23:43:36,G9A-355-H.jpg
GCE-324-S,DGO,Fiat 500,Verde Oscuro,En Proceso Legal,Martha Ramirez Romero,2021-06-22 16:15:16,GCE-324-S.jpg
GES-854-S,DGO,Mazda 2,Amarillo,Recuperado,Carmen Avila Fernandez,2017-05-24 08:57:21,GES-854-S.jpg
FYF-703-E,DGO,Peugeot 308,Naranja,Activo,Guadalupe Villalobos Salazar,2024-07-11 01:42:31,FYF-703-E.jpg
FXD-849-H,DGO,BMW X5,Negro,Robado,Emilio Medina Castillo,2020-09-27 20:14:14,FXD-849-H.jpg
G4T-343-M,DGO,Fiat Argo,Rojo,Importacion Temporal,Adolfo Ramos Ramos,2024-08-22 08:08:01,G4T-343-M.jpg
G1C-481-S,DGO,Hyundai Accent,Negro,Remarcaje,Elizabeth Gonzalez Ruiz,2025-09-24 02:47:15,G1C-481-S.jpg
G3F-520-H,DGO,Jeep Grand Cherokee,Rojo Oscuro,Activo,Claudia Silva Jimenez,2018-12-18 19:25:51,G3F-520-H.jpg
G2X-154-F,DGO,Jeep Wrangler,Verde Oscuro,Activo,Emilio Sepulveda Camacho,2025-12-04 18:12:19,G2X-154-F.jpg
G6H-458-D,DGO,Mercedes-Benz C-Class,Blanco,Cancelado,Emilio Luna Arroyo,2022-01-21 00:30:24,G6H-458-D.jpg
GEF-249-U,DGO,Kia Sportage,Rojo Oscuro,Remarcaje,Marco Pacheco Reyes,2020-10-15 09:46:34,GEF-249-U.jpg
GDZ-757-G,DGO,Kia Rio,Amarillo,Importacion Temporal,Jesus Mejia Del Valle,2017-06-11 07:31:36,GDZ-757-G.jpg
G7S-539-M,DGO,Toyota Corolla,Gris,Activo,Mauricio Escobar Sepulveda,2017-03-08 14:37:51,G7S-539-M.jpg
G97-523-Y,DGO,Renault Sandero,Beige,Cancelado,Miguel Villanueva Delgado,2021-05-31 17:20:57,G97-523-Y.jpg
GCX-883-P,DGO,Fiat Toro,Verde,En Proceso Legal,Julieta Portillo Cabrera,2020-08-25 13:00:40,GCX-883-P.jpg
G5S-542-L,DGO,Audi Q3,Rojo Oscuro,Cancelado,Alejandra Montoya Escobar,2024-05-25 18:54:05,G5S-542-L.jpg
G6D-382-W,DGO,Kia Sorento,Azul Marino,Recuperado,Leticia Reyes Montoya,2017-12-31 09:08:23,G6D-382-W.jpg
G50-384-C,DGO,BMW X5,Azul,Reposicion,Rebeca Tovar Montes,2021-03-14 14:37:56,G50-384-C.jpg
G41-790-W,DGO,Mazda 3,Negro,Importacion Definitiva,Paola Valdez Pacheco,2024-04-25 18:31:42,G41-790-W.jpg
G8S-337-J,DGO,Ford Fiesta,Vino,Activo,Paola Medina Tovar,2023-05-06 08:00:19,G8S-337-J.jpg
GDK-638-N,DGO,Kia Forte,Cafe,Robado,Benjamin Barajas Sanchez,2021-01-05 02:21:06,GDK-638-N.jpg
GBU-402-L,DGO,Mercedes-Benz GLA,Naranja,Activo,Benjamin Izquierdo Ruiz,2022-05-04 20:37:05,GBU-402-L.jpg
G4T-707-Y,DGO,Honda Accord,Amarillo,Remarcaje,Cecilia Silva Leal,2025-06-11 10:13:14,G4T-707-Y.jpg
G50-701-L,DGO,Ford Ranger,Naranja,Activo,Marcos Cabrera Guerrero,2018-01-26 17:28:56,G50-701-L.jpg
G7K-026-K,DGO,Mazda 2,Blanco Perlado,En Proceso Legal,Alejandra Lopez Arroyo,2024-11-28 09:25:40,G7K-026-K.jpg
GB8-404-K,DGO,Hyundai Tucson,Negro,Reposicion,Pedro Gallegos Lopez,2021-04-10 18:30:57,GB8-404-K.jpg
G0Z-373-R,DGO,Honda Accord,Dorado,Cancelado,Marina Carrillo Trejo,2019-09-16 14:43:06,G0Z-373-R.jpg
GES-535-S,DGO,Nissan Versa,Morado,Remarcaje,Beatriz Juarez Villegas,2024-12-06 21:39:07,GES-535-S.jpg
G5W-022-U,DGO,BMW X5,Morado,Activo,Manuel Luna Leal,2017-06-21 15:22:24,G5W-022-U.jpg
FZH-049-V,DGO,Kia Forte,Amarillo,Reposicion,Yolanda Tovar Salazar,2025-12-27 17:45:12,FZH-049-V.jpg
G38-459-W,DGO,Mazda 2,Azul Marino,En Proceso Legal,Diego Navarro Nieto,2021-05-22 12:15:39,G38-459-W.jpg
G8J-430-M,DGO,Mercedes-Benz GLC,Vino,Irregular,Renata Correa Urbina,2024-12-27 09:07:42,G8J-430-M.jpg
FZW-815-U,DGO,Fiat Argo,Negro,Remarcaje,Valeria Vargas Villanueva,2022-05-17 13:37:51,FZW-815-U.jpg
GCC-313-V,DGO,Mazda CX-5,Azul,Baja Temporal,Emilio Herrera Cabrera,2020-12-23 12:16:33,GCC-313-V.jpg
G0E-806-G,DGO,Volkswagen Jetta,Morado,Robado,Sebastian Tovar Navarro,2017-11-10 15:03:43,G0E-806-G.jpg
G49-988-C,DGO,Audi A4,Blanco Perlado,Activo,Mateo Jimenez Ramirez,2025-05-13 10:44:47,G49-988-C.jpg
GFN-727-X,DGO,Chevrolet Aveo,Cafe,Activo,Luis Montes Juarez,2019-08-18 18:19:08,GFN-727-X.jpg
G8V-021-K,DGO,Hyundai Accent,Negro,En Proceso Legal,Emilio Tapia Chavez,2020-06-07 03:15:04,G8V-021-K.jpg
G4W-763-G,DGO,Hyundai Accent,Verde,Activo,Ignacio Estrada Soto,2023-08-14 04:43:46,G4W-763-G.jpg
G2R-798-Z,DGO,Peugeot 308,Rojo Oscuro,En Proceso Legal,Angela Mejia Delgado,2022-11-15 06:19:06,G2R-798-Z.jpg
G6P-777-G,DGO,Nissan Versa,Naranja,Importacion Definitiva,Adolfo Fuentes Zarate,2022-05-08 06:21:07,G6P-777-G.jpg
GA6-380-E,DGO,Fiat Toro,Negro,Baja Temporal,Guadalupe Mendoza Orozco,2024-01-21 05:30:51,GA6-380-E.jpg
G74-379-Z,DGO,Fiat Toro,Naranja,Recuperado,Ruben Diaz Morales,2019-12-07 03:50:36,G74-379-Z.jpg
G5U-584-J,DGO,Toyota Hilux,Dorado,Importacion Temporal,Manuel Mendoza Quiroz,2023-07-19 14:41:37,G5U-584-J.jpg
G42-618-M,DGO,Renault Kwid,Gris Oscuro,Activo,Daniel Gallegos Cruz,2023-05-08 10:56:59,G42-618-M.jpg
G91-248-T,DGO,Nissan Sentra,Blanco,Activo,Noe Montoya Pacheco,2022-06-29 19:36:23,G91-248-T.jpg
FXV-609-N,DGO,Jeep Grand Cherokee,Rojo,Importacion Definitiva,Alberto Mendoza Campos,2023-07-25 03:43:10,FXV-609-N.jpg
GBT-182-X,DGO,Toyota Hilux,Gris Oscuro,Robado,Yolanda Luna Rosales,2017-09-21 14:06:42,GBT-182-X.jpg
GAA-376-K,DGO,Audi A3,Morado,Activo,Elsa Carrillo Olvera,2019-05-12 07:33:34,GAA-376-K.jpg
G97-119-H,DGO,Nissan Versa,Negro,Activo,Susana Zamora Reyes,2026-02-15 21:55:31,G97-119-H.jpg
G47-911-R,DGO,Nissan NP300,Verde,Activo,Rebeca Cordero Garcia,2018-04-14 18:19:29,G47-911-R.jpg
GC2-977-R,DGO,Mazda 3,Morado,Reposicion,Alberto Ortega Salazar,2023-10-13 04:13:20,GC2-977-R.jpg
G6J-657-J,DGO,Peugeot 308,Vino,Baja Definitiva,Veronica Suarez Suarez,2019-05-10 20:14:30,G6J-657-J.jpg
G6J-395-G,DGO,Nissan NP300,Cafe,Activo,Cristian Pacheco Moya,2023-09-17 19:34:06,G6J-395-G.jpg
G5F-656-J,DGO,Chevrolet Beat,Azul Marino,Homologacion,Miguel Delgado Diaz,2022-09-27 02:46:34,G5F-656-J.jpg
FYW-593-C,DGO,Chevrolet Aveo,Verde,Robado,Lucia Zamora Castillo,2023-02-08 09:33:43,FYW-593-C.jpg
G0U-989-C,DGO,Peugeot 208,Verde Oscuro,Activo,Valeria Soto Rivera,2017-06-23 05:17:18,G0U-989-C.jpg
G86-842-N,DGO,Peugeot 208,Azul Marino,Activo,Benjamin Castro Solano,2025-10-26 00:59:52,G86-842-N.jpg
GAL-272-H,DGO,Mercedes-Benz GLC,Negro,Baja Temporal,Cristian Quiroz Quintero,2025-10-18 13:51:26,GAL-272-H.jpg
G9Y-656-J,DGO,Chevrolet Cruze,Dorado,Robado,Guillermo Rivera Mejia,2021-06-22 07:16:55,G9Y-656-J.jpg
G0S-725-S,DGO,Jeep Renegade,Azul Marino,Importacion Temporal,Camila Montoya Soto,2023-01-19 07:18:50,G0S-725-S.jpg
GFU-279-M,DGO,Renault Sandero,Verde,Activo,Paola Cabrera Montes,2025-07-14 22:15:50,GFU-279-M.jpg
GCX-515-G,DGO,BMW 5 Series,Dorado,Irregular,Raul Vargas Montoya,2024-12-05 05:02:53,GCX-515-G.jpg
GCJ-310-Y,DGO,Nissan March,Naranja,Importacion Temporal,Mateo Rivera Montoya,2024-12-22 00:19:53,GCJ-310-Y.jpg
G0U-604-B,DGO,Honda Accord,Gris Oscuro,Activo,Francisco Garcia De La Cruz,2023-04-06 02:33:59,G0U-604-B.jpg
G4Y-247-E,DGO,Ford Fiesta,Gris Oscuro,Activo,Emilio Rosales Leal,2017-02-10 08:30:07,G4Y-247-E.jpg
GDT-143-P,DGO,Kia Sorento,Gris Oscuro,Baja Temporal,Felipe Pineda Montoya,2022-07-23 13:05:00,GDT-143-P.jpg
G9R-514-R,DGO,Hyundai Elantra,Cafe,Reposicion,Mateo Fuentes Quiroz,2020-05-18 10:41:27,G9R-514-R.jpg
G5F-102-T,DGO,Ford Fiesta,Naranja,Homologacion,Hugo Arellano Quintero,2025-12-16 22:32:24,G5F-102-T.jpg
GA8-588-U,DGO,Peugeot 5008,Rojo Oscuro,Homologacion,Elias Bravo Zamora,2017-09-15 08:38:38,GA8-588-U.jpg
GF0-963-P,DGO,Mazda 2,Negro,Remarcaje,Gabriela Quintero Ortega,2019-01-12 20:59:19,GF0-963-P.jpg
G5K-810-Y,DGO,Volkswagen Golf,Naranja,En Proceso Legal,Jorge Vazquez Correa,2019-05-22 23:48:55,G5K-810-Y.jpg
G8R-403-K,DGO,Toyota Corolla,Blanco,Activo,Hector Peña Mendoza,2023-10-31 18:42:48,G8R-403-K.jpg
G09-019-Y,DGO,Nissan March,Negro,Importacion Temporal,Marina Beltran Villegas,2023-10-01 10:24:46,G09-019-Y.jpg
GF6-811-N,DGO,Jeep Compass,Blanco Perlado,Baja Temporal,Teresa Luna Ramirez,2022-07-24 06:14:00,GF6-811-N.jpg
FY8-181-B,DGO,Hyundai Tucson,Blanco,Activo,Monica Ruiz Luna,2022-09-16 20:42:53,FY8-181-B.jpg
G4E-287-H,DGO,Peugeot 5008,Verde Oscuro,Baja Definitiva,Diego Correa Nieto,2018-11-22 18:37:12,G4E-287-H.jpg
GE2-069-X,DGO,Ford Ranger,Morado,Recuperado,Maria Escobar Jimenez,2023-06-20 07:50:16,GE2-069-X.jpg
G8N-822-Y,DGO,Peugeot 308,Cafe,Activo,Elsa Cordero Morales,2023-12-28 03:27:19,G8N-822-Y.jpg
G0N-580-W,DGO,Peugeot 208,Plateado,En Proceso Legal,Armando Olvera Valdez,2023-08-16 18:02:33,G0N-580-W.jpg
GDJ-807-E,DGO,Ford Ranger,Plateado,Activo,Patricia Juarez Moya,2023-08-12 23:18:24,GDJ-807-E.jpg
G7U-885-N,DGO,Nissan Versa,Verde,Baja Definitiva,Diego Trejo Del Valle,2017-07-09 17:17:42,G7U-885-N.jpg
G6H-260-P,DGO,Toyota Hilux,Negro,Reposicion,Hugo Palacios Soto,2024-01-05 13:03:39,G6H-260-P.jpg
GAL-697-P,DGO,Ford Fiesta,Plateado,Cancelado,Teresa Sanchez Plascencia,2026-02-16 22:19:55,GAL-697-P.jpg
G3Y-212-K,DGO,Hyundai Accent,Gris Oscuro,Activo,Ernesto Gallegos Quiroz,2021-04-13 21:21:18,G3Y-212-K.jpg
FXA-926-T,DGO,Ford Fusion,Negro,Baja Definitiva,Juan Soto Estrada,2020-08-22 18:17:48,FXA-926-T.jpg
G3G-811-K,DGO,Hyundai Tucson,Vino,Recuperado,Valeria Sandoval Ruiz,2026-02-20 06:29:59,G3G-811-K.jpg
G3U-163-M,DGO,Nissan March,Dorado,Baja Definitiva,Arturo Chavez Valdez,2026-01-19 06:20:08,G3U-163-M.jpg
G2D-702-W,DGO,Mazda 2,Cafe,Importacion Temporal,Arturo Sanchez Reyes,2021-08-04 21:48:40,G2D-702-W.jpg
GA0-023-T,DGO,Kia Forte,Morado,Homologacion,Isabel Fernandez Acosta,2023-04-17 21:52:03,GA0-023-T.jpg
G7G-659-N,DGO,Kia Rio,Amarillo,Irregular,Adolfo Flores Ruiz,2018-06-22 12:55:31,G7G-659-N.jpg
G6V-091-T,DGO,Volkswagen Jetta,Dorado,Irregular,Renata Ruiz Del Valle,2024-03-21 16:06:52,G6V-091-T.jpg
G59-624-P,DGO,Kia Sorento,Beige,Irregular,Daniela Valencia Romero,2022-03-20 10:09:28,G59-624-P.jpg
GE7-721-N,DGO,Ford Fusion,Rojo,Importacion Temporal,Luis Diaz Cruz,2021-11-02 17:22:17,GE7-721-N.jpg
G89-650-B,DGO,Mercedes-Benz GLA,Azul,Reposicion,Victor Beltran Martinez,2025-01-09 17:06:26,G89-650-B.jpg
G9D-580-Y,DGO,Hyundai Tucson,Azul,Baja Temporal,Liliana Arellano Solano,2023-03-07 11:56:11,G9D-580-Y.jpg
FYY-140-R,DGO,Chevrolet Aveo,Vino,Activo,Mateo Gonzalez Fernandez,2024-01-27 05:17:05,FYY-140-R.jpg
G3W-541-E,DGO,Nissan March,Rojo,Activo,Monica Huerta Del Valle,2025-01-29 14:00:32,G3W-541-E.jpg
GC1-667-S,DGO,Mercedes-Benz GLA,Vino,Activo,Laura Gutierrez Del Valle,2021-03-08 16:44:43,GC1-667-S.jpg
G9J-385-U,DGO,Chevrolet Spark,Verde Oscuro,Recuperado,Salvador Quintero Rodriguez,2021-10-12 22:39:57,G9J-385-U.jpg
GCH-678-P,DGO,Toyota Yaris,Rojo,Cancelado,Alberto Cabrera Acosta,2019-10-28 19:37:00,GCH-678-P.jpg
G6D-377-G,DGO,Kia Forte,Rojo Oscuro,Baja Temporal,Sofia Morales Gutierrez,2022-11-18 16:53:44,G6D-377-G.jpg
G7B-572-V,DGO,Fiat Toro,Verde,Activo,Alejandra Contreras Arroyo,2018-03-30 03:24:00,G7B-572-V.jpg
G69-418-N,DGO,Jeep Compass,Verde Oscuro,Importacion Temporal,Rebeca Tapia Avila,2020-11-10 02:36:22,G69-418-N.jpg
G3H-997-R,DGO,Volkswagen Amarok,Vino,Baja Definitiva,Rosa Ruiz Pacheco,2024-08-09 08:41:21,G3H-997-R.jpg
FYF-895-C,DGO,Mercedes-Benz A-Class,Cafe,Cancelado,Cristian Torres Villegas,2019-01-20 00:37:41,FYF-895-C.jpg
G7E-018-H,DGO,BMW X5,Amarillo,Importacion Temporal,Emilio Valdez Zamora,2023-09-21 22:13:32,G7E-018-H.jpg
FZG-631-H,DGO,Nissan March,Beige,Activo,Jorge Beltran Rivera,2018-04-11 16:21:59,FZG-631-H.jpg
GA2-514-E,DGO,Jeep Grand Cherokee,Azul Marino,Recuperado,Marco Fernandez Pacheco,2024-12-30 09:12:58,GA2-514-E.jpg
FZ3-309-B,DGO,Peugeot 3008,Dorado,Robado,Rosa Castro Cabrera,2026-03-31 04:29:24,FZ3-309-B.jpg
GF8-266-G,DGO,Chevrolet Aveo,Beige,Activo,Elizabeth Cruz Sandoval,2019-01-08 16:39:52,GF8-266-G.jpg
GEE-384-W,DGO,Honda HR-V,Naranja,Baja Definitiva,Sebastian Gutierrez Juarez,2024-02-05 18:44:10,GEE-384-W.jpg
G17-590-W,DGO,Fiat Argo,Verde Oscuro,Activo,Fernando Tovar Acosta,2025-12-02 18:38:16,G17-590-W.jpg
G3F-468-B,DGO,Toyota Yaris,Rojo,Robado,Yolanda Chavez Ruiz,2018-08-16 08:34:03,G3F-468-B.jpg
G3C-290-D,DGO,Jeep Grand Cherokee,Blanco,Reposicion,Norma Herrera Beltran,2018-05-16 02:10:12,G3C-290-D.jpg
G0M-913-T,DGO,Mazda 2,Rojo,Importacion Definitiva,Daniela Figueroa Guerrero,2024-11-15 06:33:45,G0M-913-T.jpg
FYM-254-Z,DGO,Hyundai Santa Fe,Dorado,Baja Definitiva,Sofia Espinoza Morales,2020-12-15 02:34:16,FYM-254-Z.jpg
GCR-516-E,DGO,Fiat Toro,Cafe,Baja Definitiva,Adolfo Portillo Arroyo,2017-10-21 20:55:27,GCR-516-E.jpg
G4X-969-J,DGO,Nissan Versa,Amarillo,Irregular,Ruben Silva Luna,2018-11-07 02:27:29,G4X-969-J.jpg
GDS-363-B,DGO,Volkswagen Vento,Blanco Perlado,Robado,Manuel Villegas Arellano,2018-02-05 18:04:43,GDS-363-B.jpg
GER-158-D,DGO,Honda Accord,Beige,Baja Definitiva,Liliana Valdez Trejo,2024-01-14 02:04:06,GER-158-D.jpg
G4T-097-K,DGO,Honda Accord,Gris,Baja Definitiva,Jose Villalobos Guerrero,2023-01-22 04:28:49,G4T-097-K.jpg
G07-010-D,DGO,Toyota Corolla,Amarillo,Baja Temporal,German Cervantes Zarate,2017-03-17 10:43:19,G07-010-D.jpg
GEY-593-G,DGO,Volkswagen Golf,Negro,Activo,Sergio Orozco Zamora,2019-05-05 23:21:07,GEY-593-G.jpg
G2V-217-V,DGO,BMW X5,Rojo Oscuro,Cancelado,Ana Plascencia Rivera,2021-04-04 05:12:17,G2V-217-V.jpg
G9S-347-Y,DGO,Jeep Wrangler,Vino,Reposicion,Claudia Castro Rivera,2017-08-04 15:22:17,G9S-347-Y.jpg
G6U-483-H,DGO,Mazda CX-5,Cafe,En Proceso Legal,Marisol Delgado Acosta,2018-07-14 23:05:26,G6U-483-H.jpg
GFB-086-A,DGO,Nissan March,Azul,Recuperado,Susana Estrada Herrera,2025-10-07 18:53:18,GFB-086-A.jpg
G59-470-S,DGO,BMW X5,Amarillo,Irregular,Andres Contreras Hernandez,2022-07-27 04:55:32,G59-470-S.jpg
G4J-525-R,DGO,Kia Rio,Verde,En Proceso Legal,Rebeca Flores Izquierdo,2024-04-15 20:17:14,G4J-525-R.jpg
G7S-075-L,DGO,Toyota Corolla,Rojo Oscuro,Importacion Definitiva,Benjamin Delgado Portillo,2022-05-12 15:11:47,G7S-075-L.jpg
G43-460-P,DGO,Jeep Renegade,Blanco,Baja Temporal,Marina Martinez Mora,2024-03-21 12:24:51,G43-460-P.jpg
FYP-663-M,DGO,Audi Q5,Rojo,Reposicion,Mateo Sandoval Guerrero,2022-12-21 06:08:39,FYP-663-M.jpg
G4A-082-D,DGO,Peugeot 308,Negro,Importacion Temporal,Gabriela Quintero Dominguez,2020-09-13 10:28:25,G4A-082-D.jpg
GES-724-J,DGO,Hyundai Tucson,Verde,Recuperado,Angela Camacho Sanchez,2024-06-01 20:31:55,GES-724-J.jpg
FXW-345-X,DGO,Audi Q3,Vino,En Proceso Legal,Angela Castillo Estrada,2022-08-17 04:23:29,FXW-345-X.jpg
G74-415-D,DGO,Chevrolet Spark,Verde Oscuro,Reposicion,Maria Orozco Rodriguez,2020-01-14 02:05:04,G74-415-D.jpg
GD4-226-V,DGO,Fiat Toro,Gris Oscuro,Activo,Mauricio Fernandez Romero,2023-03-14 17:33:44,GD4-226-V.jpg
G9A-153-X,DGO,Kia Forte,Morado,Activo,Silvia Vazquez Mejia,2024-05-05 07:19:58,G9A-153-X.jpg
FYM-639-S,DGO,Peugeot 308,Rojo,Recuperado,Marisol Campos Valdez,2020-03-22 05:13:59,FYM-639-S.jpg
G74-837-T,DGO,Nissan NP300,Verde,Baja Definitiva,Carlos Palacios Chavez,2020-09-16 08:03:50,G74-837-T.jpg
FYW-065-A,DGO,Fiat 500,Cafe,Activo,Leticia Huerta Vargas,2026-05-06 02:02:33,FYW-065-A.jpg
G8K-344-X,DGO,Fiat 500,Vino,Cancelado,Gabriela Cabrera Rios,2020-08-10 01:38:33,G8K-344-X.jpg
G87-485-T,DGO,Hyundai Elantra,Morado,Activo,Sandra Trejo De La Cruz,2018-02-08 21:01:37,G87-485-T.jpg
G64-236-C,DGO,Jeep Compass,Rojo Oscuro,Recuperado,Monica Camacho Del Valle,2018-07-15 01:41:05,G64-236-C.jpg
G8T-059-Y,DGO,Mercedes-Benz GLA,Gris,Cancelado,Arturo De La Cruz Montes,2019-05-30 23:05:36,G8T-059-Y.jpg
FY6-744-N,DGO,Volkswagen Vento,Amarillo,Homologacion,Julieta Hernandez Correa,2019-10-21 08:07:24,FY6-744-N.jpg
GCR-922-H,DGO,Mercedes-Benz GLC,Negro,Importacion Definitiva,Raul Martinez Martinez,2017-03-10 10:31:22,GCR-922-H.jpg
FYM-155-M,DGO,Hyundai Tucson,Rojo,Activo,Alberto Rivera Cordero,2017-01-26 16:47:29,FYM-155-M.jpg
FYT-496-C,DGO,Renault Duster,Plateado,Cancelado,Francisco Campos Sanchez,2024-06-26 09:40:20,FYT-496-C.jpg
G1P-255-M,DGO,Fiat 500,Azul Marino,Robado,Ignacio Arellano Montoya,2025-10-17 01:46:58,G1P-255-M.jpg
G9U-495-B,DGO,Fiat 500,Negro,En Proceso Legal,German Ramos Castro,2019-04-09 12:59:16,G9U-495-B.jpg
G88-083-F,DGO,Fiat Cronos,Amarillo,Importacion Definitiva,Fabiola Hernandez Guerrero,2018-03-21 13:52:53,G88-083-F.jpg
G4P-665-K,DGO,BMW X3,Morado,Activo,Isabel Arellano Vargas,2022-10-08 07:48:46,G4P-665-K.jpg
GD0-895-E,DGO,Fiat Argo,Gris,Reposicion,Elsa Nieto Sanchez,2019-03-27 08:46:12,GD0-895-E.jpg
GBL-947-B,DGO,Volkswagen Golf,Blanco Perlado,Activo,Fernando Perez Palacios,2024-10-20 02:48:01,GBL-947-B.jpg
FYK-892-M,DGO,Volkswagen Golf,Blanco,Homologacion,Veronica Ruiz De La Cruz,2019-07-09 16:45:51,FYK-892-M.jpg
G5C-643-G,DGO,Hyundai Elantra,Azul Marino,Activo,Armando Montes Mendoza,2021-01-08 02:22:33,G5C-643-G.jpg
GBH-046-M,DGO,Renault Kwid,Gris,Baja Definitiva,Beatriz Hernandez Zarate,2017-04-26 20:07:55,GBH-046-M.jpg
G5D-621-B,DGO,Hyundai Accent,Verde Oscuro,Activo,Fabiola Olvera Urbina,2020-11-26 13:39:36,G5D-621-B.jpg
FZ1-171-J,DGO,Audi Q3,Verde Oscuro,Baja Definitiva,Martha Acosta Plascencia,2022-09-05 03:31:02,FZ1-171-J.jpg
G0T-301-A,DGO,Fiat 500,Naranja,Robado,Sebastian Izquierdo Estrada,2022-05-16 08:02:18,G0T-301-A.jpg
FXY-935-J,DGO,Nissan Versa,Gris,Importacion Temporal,Elias Soto Campos,2018-11-05 02:55:20,FXY-935-J.jpg
G9V-450-J,DGO,Fiat Toro,Beige,Irregular,Victor Figueroa Solano,2018-02-20 17:58:14,G9V-450-J.jpg
GCU-874-B,DGO,Nissan Versa,Rojo,Remarcaje,Marcos Esquivel Camacho,2025-07-23 00:01:19,GCU-874-B.jpg
FYH-886-K,DGO,Audi A4,Amarillo,Recuperado,Jesus Medina Salazar,2022-06-09 09:59:25,FYH-886-K.jpg
G5G-322-F,DGO,BMW X3,Beige,Homologacion,Raul Mendoza Mendoza,2019-02-21 06:59:30,G5G-322-F.jpg
GB8-907-N,DGO,Hyundai Elantra,Dorado,Robado,Elias Castro Hernandez,2026-02-10 00:38:00,GB8-907-N.jpg
GF1-440-B,DGO,BMW X3,Rojo,En Proceso Legal,Claudia Nieto Castro,2017-05-05 09:34:17,GF1-440-B.jpg
GFH-393-W,DGO,Renault Logan,Amarillo,Baja Definitiva,Ernesto Morales Zarate,2019-07-05 19:41:22,GFH-393-W.jpg
FXS-828-T,DGO,Jeep Renegade,Gris Oscuro,Baja Definitiva,Leticia Solano Portillo,2017-09-20 09:53:11,FXS-828-T.jpg
G8E-564-F,DGO,Fiat Cronos,Negro,Robado,Sergio Silva Rivera,2023-08-15 22:43:23,G8E-564-F.jpg
G7G-869-D,DGO,Honda HR-V,Negro,Activo,Elias Montes Arroyo,2019-07-31 11:10:36,G7G-869-D.jpg
GBE-815-A,DGO,Mercedes-Benz C-Class,Morado,Importacion Definitiva,Maria De La Cruz Solano,2018-03-06 07:40:43,GBE-815-A.jpg
G7G-973-W,DGO,Audi A3,Vino,Baja Temporal,Pedro Avila Rivera,2020-05-03 06:10:18,G7G-973-W.jpg
G0F-985-M,DGO,Hyundai Santa Fe,Verde,Homologacion,Alberto Gonzalez Izquierdo,2026-01-26 10:41:53,G0F-985-M.jpg
G1N-127-R,DGO,Kia Rio,Morado,Baja Definitiva,Hector Alvarez Medina,2022-07-15 08:48:14,G1N-127-R.jpg
GB8-978-S,DGO,Mercedes-Benz GLA,Morado,Irregular,Susana Perez Cruz,2021-11-04 10:15:33,GB8-978-S.jpg
FY8-279-Z,DGO,Hyundai Elantra,Blanco,Homologacion,Salvador Cordero Lopez,2022-03-07 16:37:57,FY8-279-Z.jpg
G5Z-966-W,DGO,Nissan Sentra,Gris,Importacion Definitiva,Yolanda Cruz Cabrera,2018-04-30 01:00:45,G5Z-966-W.jpg
GEB-020-M,DGO,Ford Ranger,Blanco Perlado,Importacion Temporal,Cecilia Ortega Rodriguez,2022-07-24 11:14:18,GEB-020-M.jpg
G0F-922-A,DGO,Mercedes-Benz GLC,Azul Marino,Activo,Andres Garcia Olvera,2022-04-21 20:38:29,G0F-922-A.jpg
GEJ-348-G,DGO,Honda HR-V,Vino,Importacion Definitiva,Ernesto Beltran Montes,2021-01-26 22:50:05,GEJ-348-G.jpg
FZ5-621-B,DGO,Jeep Grand Cherokee,Gris,Remarcaje,Hector Gutierrez Sepulveda,2023-07-18 20:30:51,FZ5-621-B.jpg
FXB-782-D,DGO,Renault Kwid,Verde Oscuro,Activo,Salvador Rios Escobar,2018-06-01 12:09:12,FXB-782-D.jpg
G58-380-U,DGO,Mercedes-Benz GLC,Amarillo,Importacion Temporal,Benjamin Quiroz Hernandez,2018-04-18 19:33:24,G58-380-U.jpg
G2F-686-D,DGO,Peugeot 5008,Amarillo,Irregular,Alberto Carrillo Moya,2026-03-07 09:50:57,G2F-686-D.jpg
GAJ-293-Z,DGO,Ford Fusion,Cafe,Importacion Temporal,Andres Flores Martinez,2018-09-28 05:02:38,GAJ-293-Z.jpg
G65-944-H,DGO,Volkswagen Golf,Plateado,Baja Definitiva,Alejandro Silva Solano,2020-07-01 10:01:28,G65-944-H.jpg
G7E-138-V,DGO,Jeep Renegade,Blanco,Activo,Carmen Valencia Mendoza,2024-10-15 04:50:49,G7E-138-V.jpg
GDH-286-J,DGO,Honda Accord,Azul Marino,Homologacion,Rebeca Montoya Maldonado,2024-07-26 03:36:02,GDH-286-J.jpg
GBR-399-K,DGO,Hyundai Accent,Rojo Oscuro,Baja Temporal,Valeria Castillo Fernandez,2022-12-18 04:05:54,GBR-399-K.jpg
G18-322-A,DGO,Fiat Cronos,Rojo Oscuro,Importacion Temporal,Marco Luna Gallegos,2024-07-30 06:45:13,G18-322-A.jpg
G37-223-Y,DGO,Honda HR-V,Morado,Baja Temporal,Elizabeth Gallegos Mora,2020-10-16 08:52:59,G37-223-Y.jpg
G2T-431-P,DGO,Fiat Toro,Negro,Importacion Temporal,Alejandro Ramos Serrano,2020-05-29 12:26:17,G2T-431-P.jpg
G09-772-B,DGO,Toyota Yaris,Plateado,Robado,Valeria Leal Palacios,2017-02-06 10:50:27,G09-772-B.jpg
GEY-456-F,DGO,Hyundai Elantra,Dorado,Activo,Veronica Beltran Mejia,2018-09-16 22:11:21,GEY-456-F.jpg
G41-829-P,DGO,Nissan Sentra,Cafe,En Proceso Legal,Susana Romero Jimenez,2023-12-29 11:24:26,G41-829-P.jpg
G0U-886-T,DGO,Ford Fiesta,Rojo,Irregular,Angela Zamora Mora,2018-10-17 20:45:11,G0U-886-T.jpg
G2M-917-K,DGO,Renault Sandero,Gris,En Proceso Legal,Marina Sandoval Barajas,2018-05-07 05:10:35,G2M-917-K.jpg
FZH-092-Z,DGO,BMW X5,Rojo,Activo,Carolina Fuentes Portillo,2024-02-12 23:15:02,FZH-092-Z.jpg
G3B-944-N,DGO,Audi A4,Gris Oscuro,Activo,Guillermo Orozco Zamora,2019-04-26 03:34:45,G3B-944-N.jpg
GBB-337-H,DGO,Ford Fiesta,Cafe,Recuperado,Diego Peña Mendoza,2018-01-13 02:56:09,GBB-337-H.jpg
GBG-126-W,DGO,Jeep Wrangler,Rojo,Baja Temporal,Oscar Correa Olvera,2021-12-31 22:50:18,GBG-126-W.jpg
FY0-683-K,DGO,Ford Ranger,Cafe,Baja Definitiva,Ricardo Sanchez Rosales,2017-12-26 10:05:44,FY0-683-K.jpg
GBM-237-M,DGO,Nissan NP300,Naranja,Cancelado,Carmen Quiroz Jimenez,2019-05-27 14:47:31,GBM-237-M.jpg
GEU-051-P,DGO,Volkswagen Jetta,Plateado,Activo,Francisco Ramos Leal,2022-05-26 02:23:51,GEU-051-P.jpg
G9U-528-A,DGO,Mercedes-Benz A-Class,Negro,En Proceso Legal,Sofia Mejia Bravo,2021-10-14 22:30:16,G9U-528-A.jpg
FZV-643-Y,DGO,Peugeot 5008,Plateado,Robado,Angela Montoya Correa,2019-04-30 14:11:16,FZV-643-Y.jpg
G2G-595-H,DGO,Ford Focus,Dorado,Irregular,Diego Correa Escobar,2025-07-07 13:42:46,G2G-595-H.jpg
GB4-694-F,DGO,Ford Fiesta,Rojo,Remarcaje,Juan Juarez Zamora,2024-10-29 14:45:33,GB4-694-F.jpg
GAF-360-F,DGO,Hyundai Accent,Plateado,Irregular,Martha Aguilar Martinez,2020-01-27 15:37:37,GAF-360-F.jpg
G50-512-H,DGO,Toyota Prius,Blanco,Importacion Temporal,Juan Maldonado Ramirez,2017-01-31 10:19:01,G50-512-H.jpg
G3V-941-U,DGO,Nissan Versa,Azul,Importacion Temporal,Angela Fuentes Garcia,2017-01-09 10:07:45,G3V-941-U.jpg
G3W-335-T,DGO,Kia Sportage,Blanco Perlado,Irregular,Victor Luna Vargas,2023-11-11 23:37:43,G3W-335-T.jpg
FY1-903-K,DGO,Volkswagen Amarok,Naranja,Baja Definitiva,Cecilia Morales Martinez,2025-03-07 07:01:31,FY1-903-K.jpg
G4G-085-E,DGO,Ford Ranger,Verde Oscuro,Homologacion,Veronica Mejia Juarez,2017-10-15 03:22:08,G4G-085-E.jpg
GEX-774-U,DGO,Mercedes-Benz GLA,Rojo Oscuro,Remarcaje,Hugo Urbina Huerta,2021-11-06 11:07:40,GEX-774-U.jpg
G18-628-U,DGO,Mazda 3,Verde Oscuro,Importacion Temporal,Yolanda Huerta Mendoza,2024-12-22 10:50:45,G18-628-U.jpg
G4V-951-N,DGO,Chevrolet Aveo,Verde,Baja Definitiva,Yolanda Velazquez Ruiz,2025-09-25 05:20:58,G4V-951-N.jpg
GBX-571-R,DGO,Renault Sandero,Dorado,Remarcaje,Claudia Soto Cabrera,2024-02-28 20:35:46,GBX-571-R.jpg
G9U-554-L,DGO,Volkswagen Vento,Dorado,Homologacion,Fernando Mendoza Moya,2018-10-02 10:28:40,G9U-554-L.jpg
FZU-422-K,DGO,Audi Q3,Amarillo,Activo,Paola Torres Martinez,2017-12-05 21:58:19,FZU-422-K.jpg
G2J-095-U,DGO,Hyundai Tucson,Amarillo,Baja Definitiva,Guadalupe Carrillo Estrada,2026-04-25 02:38:33,G2J-095-U.jpg
G0A-492-V,DGO,Renault Sandero,Gris Oscuro,Activo,Beatriz Romero Cordero,2019-04-27 07:33:38,G0A-492-V.jpg
G27-009-D,DGO,Chevrolet Spark,Azul Marino,Activo,Regina Diaz Fuentes,2022-04-06 13:37:07,G27-009-D.jpg
G52-356-V,DGO,Nissan NP300,Blanco Perlado,Importacion Definitiva,Javier Sepulveda Acosta,2023-11-21 14:05:50,G52-356-V.jpg
G4S-771-F,DGO,Fiat 500,Negro,Activo,Salvador Herrera Flores,2022-03-14 23:54:54,G4S-771-F.jpg
FY3-403-H,DGO,Audi A4,Beige,Cancelado,Carlos Soto De La Cruz,2017-01-21 03:49:46,FY3-403-H.jpg
G47-850-S,DGO,Nissan Sentra,Morado,Irregular,Javier Perez Luna,2020-08-27 06:26:53,G47-850-S.jpg
GBU-140-A,DGO,Hyundai Santa Fe,Cafe,Activo,Alejandro Velazquez Montoya,2020-03-08 22:43:37,GBU-140-A.jpg
G94-304-D,DGO,Chevrolet Cruze,Plateado,En Proceso Legal,Mateo Valdez Palacios,2025-04-24 00:35:46,G94-304-D.jpg
GFH-473-P,DGO,Hyundai Accent,Amarillo,Activo,Guillermo Rodriguez Pineda,2022-09-29 12:27:41,GFH-473-P.jpg
G7H-492-E,DGO,BMW X3,Plateado,Activo,Mateo Torres Rosales,2018-07-18 09:11:28,G7H-492-E.jpg
G0C-333-Z,DGO,Jeep Wrangler,Vino,Reposicion,Adriana Barajas Pineda,2020-08-05 04:05:38,G0C-333-Z.jpg
GAT-337-R,DGO,Toyota Hilux,Negro,Homologacion,Sandra Romero Montes,2021-07-17 11:16:39,GAT-337-R.jpg
G0V-726-R,DGO,Toyota Hilux,Blanco Perlado,Homologacion,Veronica Medina Pineda,2020-05-28 07:52:48,G0V-726-R.jpg
GFC-079-A,DGO,BMW 3 Series,Rojo,Homologacion,Alejandro Tapia De La Cruz,2025-10-24 14:52:58,GFC-079-A.jpg
GNH-17-CR,GTO,Nissan NP300,Blanco,Reposicion,Liliana Contreras Trejo,2026-01-30 08:45:21,GNH-17-CR.jpg
GSD-39-WF,GTO,Nissan Versa,Verde,Activo,Javier Huerta Peña,2018-07-27 03:02:27,GSD-39-WF.jpg
GLW-36-VT,GTO,Jeep Compass,Beige,Activo,Susana Campos Villanueva,2018-12-14 04:19:32,GLW-36-VT.jpg
GR5-14-EK,GTO,Hyundai Santa Fe,Morado,Robado,Cristian Hernandez Zamora,2022-05-08 21:07:48,GR5-14-EK.jpg
GRW-06-BZ,GTO,BMW X5,Plateado,Reposicion,Guillermo Villanueva Escobar,2026-04-01 02:03:29,GRW-06-BZ.jpg
GR4-33-KL,GTO,Chevrolet Spark,Verde Oscuro,Irregular,Daniela Palacios Perez,2018-03-23 02:46:19,GR4-33-KL.jpg
GJY-28-CS,GTO,Mazda CX-5,Naranja,Activo,Carmen Guerrero Leal,2022-02-14 17:08:25,GJY-28-CS.jpg
GTM-70-MJ,GTO,Ford Fiesta,Blanco Perlado,Reposicion,Renata Gallegos Camacho,2023-06-11 11:58:57,GTM-70-MJ.jpg
GLE-18-DM,GTO,Renault Sandero,Rojo Oscuro,Recuperado,Martha Rios Flores,2017-12-04 03:45:07,GLE-18-DM.jpg
GU3-23-NC,GTO,Hyundai Tucson,Plateado,Homologacion,Elias Arroyo Flores,2023-04-19 07:01:19,GU3-23-NC.jpg
GN7-02-WK,GTO,Volkswagen Vento,Azul Marino,En Proceso Legal,Elias Portillo Rios,2025-10-28 22:09:54,GN7-02-WK.jpg
GVU-74-TS,GTO,Renault Logan,Plateado,Baja Definitiva,Fernando Zarate Torres,2020-10-25 17:40:14,GVU-74-TS.jpg
GTR-88-RC,GTO,Mercedes-Benz C-Class,Azul Marino,Reposicion,Hugo Pacheco Perez,2022-09-13 15:59:19,GTR-88-RC.jpg
GSV-05-MJ,GTO,Renault Kwid,Beige,Baja Definitiva,Roberto Velazquez Campos,2020-04-10 05:46:56,GSV-05-MJ.jpg
GPY-33-HN,GTO,BMW 3 Series,Blanco Perlado,Recuperado,Cristian Tovar Camacho,2025-12-17 06:58:04,GPY-33-HN.jpg
GSP-57-ZY,GTO,Mazda 2,Rojo,Importacion Definitiva,Adolfo Jimenez Quintero,2017-02-13 15:43:56,GSP-57-ZY.jpg
GKB-95-HP,GTO,Kia Sorento,Verde,En Proceso Legal,Julieta Mendoza Perez,2025-12-23 04:28:22,GKB-95-HP.jpg
GJW-14-ZF,GTO,Mazda 2,Verde,Irregular,Daniela Suarez Morales,2023-04-02 21:21:44,GJW-14-ZF.jpg
GHR-01-SS,GTO,Toyota Prius,Amarillo,En Proceso Legal,Emilio Martinez Contreras,2019-08-06 07:03:53,GHR-01-SS.jpg
GXX-05-YY,GTO,Audi Q3,Rojo,Activo,Carmen Cordero Palacios,2021-12-07 04:57:59,GXX-05-YY.jpg
GKF-90-MG,GTO,Chevrolet Spark,Azul,Importacion Temporal,Mateo Carrillo Silva,2018-02-15 02:17:42,GKF-90-MG.jpg
GR8-31-PJ,GTO,Jeep Compass,Beige,Robado,Estela Tovar Fuentes,2025-08-29 04:24:42,GR8-31-PJ.jpg
GYX-35-WE,GTO,Toyota Prius,Plateado,Baja Definitiva,Julieta Moya Quiroz,2022-08-22 08:36:48,GYX-35-WE.jpg
GK4-19-RF,GTO,Toyota Hilux,Morado,Homologacion,Armando Solano Avila,2018-08-30 21:57:21,GK4-19-RF.jpg
GT8-31-FG,GTO,Renault Logan,Morado,Robado,Gabriela Montes Jimenez,2022-10-09 15:34:46,GT8-31-FG.jpg
GKZ-99-MG,GTO,Mercedes-Benz GLA,Gris Oscuro,Baja Definitiva,Marco Cordero Rodriguez,2025-05-05 18:31:05,GKZ-99-MG.jpg
GTF-29-DK,GTO,Audi A4,Beige,Reposicion,Adriana Luna Villanueva,2021-10-06 01:08:14,GTF-29-DK.jpg
GNE-33-WZ,GTO,Audi A4,Vino,Robado,Elizabeth Tapia Dominguez,2020-03-02 04:41:46,GNE-33-WZ.jpg
GRL-27-BD,GTO,Hyundai Accent,Plateado,Importacion Temporal,Liliana Fuentes Mejia,2026-04-12 03:02:49,GRL-27-BD.jpg
GRH-24-DA,GTO,Volkswagen Jetta,Morado,Irregular,Marisol Sanchez Bravo,2020-01-15 04:32:05,GRH-24-DA.jpg
GJS-42-DR,GTO,Hyundai Accent,Cafe,Importacion Definitiva,Liliana Valdez Ortega,2018-11-13 14:07:43,GJS-42-DR.jpg
GY4-27-BR,GTO,Honda HR-V,Plateado,Irregular,Fabiola Portillo Escobar,2019-12-09 17:35:26,GY4-27-BR.jpg
GPV-41-DP,GTO,Jeep Grand Cherokee,Naranja,Robado,Hugo Zamora Velazquez,2024-08-09 14:36:05,GPV-41-DP.jpg
GVM-94-HG,GTO,BMW 3 Series,Gris,Activo,Angela Alvarez Velazquez,2025-03-15 13:07:31,GVM-94-HG.jpg
GSZ-63-JY,GTO,Mazda CX-5,Gris Oscuro,Irregular,Renata Cordero Quiroz,2020-07-31 02:38:51,GSZ-63-JY.jpg
GT7-68-CL,GTO,Peugeot 3008,Cafe,Recuperado,Cristian Rodriguez Herrera,2023-02-04 02:08:26,GT7-68-CL.jpg
GY6-22-MC,GTO,Nissan Versa,Verde,Baja Temporal,German Jimenez Villanueva,2017-02-11 06:51:04,GY6-22-MC.jpg
GJT-51-NS,GTO,Ford Fusion,Naranja,Remarcaje,Miguel Serrano Esquivel,2023-08-09 02:44:36,GJT-51-NS.jpg
GNG-56-JK,GTO,Audi Q3,Negro,Recuperado,Salvador Olvera Gallegos,2019-10-21 05:57:48,GNG-56-JK.jpg
GN5-87-XJ,GTO,Peugeot 308,Beige,Activo,Felipe Moya Romero,2022-11-21 16:33:36,GN5-87-XJ.jpg
GTS-85-PM,GTO,Volkswagen Golf,Cafe,Remarcaje,Fernando Lopez Romero,2018-10-26 07:29:35,GTS-85-PM.jpg
GP3-17-TG,GTO,Nissan Sentra,Plateado,Recuperado,Carolina Villegas Vargas,2019-02-13 01:31:40,GP3-17-TG.jpg
GT5-48-SB,GTO,Kia Sorento,Verde,Recuperado,Maria Urbina Acosta,2019-03-29 06:49:30,GT5-48-SB.jpg
GYH-27-FC,GTO,Peugeot 308,Amarillo,Irregular,Sofia Orozco Villanueva,2025-02-27 09:19:32,GYH-27-FC.jpg
GY9-47-DX,GTO,Audi Q5,Rojo,Robado,Rosa Espinoza Ramos,2023-01-10 03:15:41,GY9-47-DX.jpg
GJP-17-ZW,GTO,Peugeot 208,Dorado,Recuperado,Elsa Sandoval Medina,2025-01-08 22:50:52,GJP-17-ZW.jpg
GKJ-65-NA,GTO,Peugeot 208,Azul Marino,Activo,Miguel Suarez Ramos,2023-08-15 19:43:42,GKJ-65-NA.jpg
GVK-39-MS,GTO,Mercedes-Benz C-Class,Verde Oscuro,Homologacion,Juan Vazquez Barajas,2018-04-26 03:09:50,GVK-39-MS.jpg
GMT-09-LY,GTO,Nissan March,Verde,Importacion Temporal,Marco Navarro Quiroz,2020-06-06 15:51:54,GMT-09-LY.jpg
GL2-35-TH,GTO,Toyota Hilux,Rojo,Activo,Armando Ruiz Arellano,2022-01-20 18:38:55,GL2-35-TH.jpg
GY1-55-AP,GTO,Mercedes-Benz GLC,Cafe,Irregular,German Luna Portillo,2025-05-19 02:40:08,GY1-55-AP.jpg
GWU-53-JU,GTO,Mazda MX-5,Negro,Recuperado,Noe Barajas Moya,2024-03-19 15:49:22,GWU-53-JU.jpg
GHV-97-LF,GTO,Mercedes-Benz C-Class,Gris,Recuperado,Alberto Gonzalez Rodriguez,2018-12-27 11:43:36,GHV-97-LF.jpg
GLZ-25-MB,GTO,Renault Logan,Morado,Importacion Definitiva,Armando Flores Diaz,2024-09-24 17:27:01,GLZ-25-MB.jpg
GP8-18-HX,GTO,Chevrolet Aveo,Amarillo,Recuperado,Rocio Montes Garcia,2024-01-02 09:47:58,GP8-18-HX.jpg
GPK-44-EY,GTO,Hyundai Elantra,Amarillo,Reposicion,Rosa Plascencia Tapia,2020-08-23 02:21:48,GPK-44-EY.jpg
GGB-25-UF,GTO,Volkswagen Amarok,Cafe,En Proceso Legal,Arturo Espinoza Castillo,2022-12-27 08:09:47,GGB-25-UF.jpg
GPT-70-PH,GTO,BMW 3 Series,Naranja,Activo,Guadalupe Ramirez Aguilar,2017-09-21 19:36:43,GPT-70-PH.jpg
GW9-48-EY,GTO,Honda HR-V,Morado,Irregular,Paola Romero Cruz,2025-02-07 14:57:25,GW9-48-EY.jpg
GNJ-68-TA,GTO,Hyundai Elantra,Dorado,Irregular,Raul Silva Peña,2023-01-10 15:40:32,GNJ-68-TA.jpg
GHV-50-MC,GTO,Hyundai Santa Fe,Rojo Oscuro,Activo,Angela Peña Gonzalez,2026-04-22 20:46:06,GHV-50-MC.jpg
GY2-15-XA,GTO,Volkswagen Golf,Azul,Recuperado,Cecilia Navarro Garcia,2021-04-06 16:26:10,GY2-15-XA.jpg
GPD-90-KJ,GTO,Jeep Grand Cherokee,Plateado,Activo,Oscar Vargas Arellano,2023-08-13 17:24:17,GPD-90-KJ.jpg
GX8-11-KL,GTO,Jeep Grand Cherokee,Rojo Oscuro,Baja Definitiva,Sandra Suarez Peña,2024-02-10 16:09:38,GX8-11-KL.jpg
GM0-22-ZT,GTO,Peugeot 308,Gris,Activo,Carmen Barajas Reyes,2019-09-30 08:24:08,GM0-22-ZT.jpg
GLD-61-TC,GTO,Nissan Sentra,Verde,Cancelado,Victor Martinez Montoya,2025-12-10 23:57:44,GLD-61-TC.jpg
GTL-89-AX,GTO,Nissan Versa,Beige,Recuperado,Javier Huerta Sandoval,2017-02-04 13:19:24,GTL-89-AX.jpg
GJM-06-LN,GTO,Audi A3,Naranja,Irregular,Francisco Moya Guerrero,2026-02-11 22:11:48,GJM-06-LN.jpg
GJM-49-LV,GTO,Ford Ranger,Azul,En Proceso Legal,Rebeca Rosales Alvarez,2017-04-07 16:49:23,GJM-49-LV.jpg
GKH-01-VA,GTO,Fiat Argo,Verde Oscuro,Activo,Daniela Sepulveda Ruiz,2023-06-07 21:11:49,GKH-01-VA.jpg
GVK-27-PZ,GTO,Volkswagen Amarok,Negro,Robado,Noe Vargas Mora,2023-05-03 22:30:47,GVK-27-PZ.jpg
GKS-27-WV,GTO,Kia Rio,Gris,Robado,Patricia Guerrero Leal,2024-09-05 21:23:54,GKS-27-WV.jpg
GLM-31-JG,GTO,Peugeot 3008,Azul,Homologacion,German Plascencia Villegas,2019-07-04 12:18:42,GLM-31-JG.jpg
GR5-31-CW,GTO,Chevrolet Spark,Naranja,Baja Definitiva,Fabiola Castillo Rodriguez,2020-04-28 10:50:07,GR5-31-CW.jpg
GXR-88-BJ,GTO,Peugeot 5008,Blanco,En Proceso Legal,Elizabeth Ortega Serrano,2022-08-04 09:36:12,GXR-88-BJ.jpg
GV4-59-ZT,GTO,Volkswagen Jetta,Rojo,Cancelado,Alberto De La Cruz Esquivel,2025-07-17 11:18:25,GV4-59-ZT.jpg
GL1-70-ZL,GTO,Nissan Sentra,Azul Marino,Importacion Definitiva,Yolanda Solano Bravo,2019-08-04 06:14:01,GL1-70-ZL.jpg
GKM-78-EN,GTO,Fiat Argo,Verde,Activo,Jorge Aguilar Peña,2020-06-01 23:08:36,GKM-78-EN.jpg
GUU-56-YC,GTO,Audi Q3,Naranja,Homologacion,Oscar Campos Medina,2019-09-09 05:48:40,GUU-56-YC.jpg
GV9-85-HD,GTO,Honda Accord,Rojo Oscuro,Cancelado,Armando Arroyo Arellano,2021-03-19 10:19:43,GV9-85-HD.jpg
GWJ-57-UM,GTO,Fiat Argo,Gris,Irregular,Lucia Salazar Dominguez,2026-05-08 00:32:32,GWJ-57-UM.jpg
GX5-04-RZ,GTO,Chevrolet Beat,Verde,Activo,Marisol Del Valle Cruz,2020-06-13 11:25:31,GX5-04-RZ.jpg
GPT-52-HL,GTO,Mercedes-Benz C-Class,Cafe,Remarcaje,Leticia Leal Morales,2018-06-04 16:38:54,GPT-52-HL.jpg
GRW-42-AV,GTO,Honda Civic,Cafe,Baja Definitiva,David Gutierrez Estrada,2023-04-26 00:00:27,GRW-42-AV.jpg
GJ4-13-YA,GTO,Jeep Grand Cherokee,Amarillo,Baja Definitiva,Carmen Ramirez Mendoza,2021-01-04 22:27:46,GJ4-13-YA.jpg
GMJ-64-KT,GTO,Toyota Corolla,Rojo,Activo,Victor Montoya Pineda,2023-03-17 17:06:05,GMJ-64-KT.jpg
GPU-44-FK,GTO,Peugeot 308,Gris,En Proceso Legal,Jesus Ortega Del Valle,2018-07-19 03:55:52,GPU-44-FK.jpg
GJN-29-VZ,GTO,Ford Fiesta,Azul Marino,Cancelado,Daniel Huerta Cervantes,2017-04-11 07:53:01,GJN-29-VZ.jpg
GS0-17-NT,GTO,Honda HR-V,Beige,Robado,Armando Zarate Perez,2025-08-28 22:53:20,GS0-17-NT.jpg
GMZ-44-TK,GTO,Ford Focus,Naranja,Activo,Andres Campos Quintero,2025-01-04 03:13:32,GMZ-44-TK.jpg
GPC-15-LR,GTO,BMW 5 Series,Rojo,Activo,Mauricio Avila Tapia,2017-12-09 07:44:38,GPC-15-LR.jpg
GLU-58-ZJ,GTO,Renault Sandero,Morado,Homologacion,Marco Salazar Acosta,2019-11-01 13:03:31,GLU-58-ZJ.jpg
GRM-93-EE,GTO,Nissan NP300,Naranja,Recuperado,David Velazquez Chavez,2022-08-05 03:54:43,GRM-93-EE.jpg
GXG-10-TJ,GTO,Hyundai Santa Fe,Azul,Baja Temporal,Jose Aguilar Medina,2018-11-10 20:59:54,GXG-10-TJ.jpg
GVB-65-LW,GTO,Volkswagen Golf,Cafe,Recuperado,Fernando Gonzalez Castro,2026-05-27 06:49:51,GVB-65-LW.jpg
GGM-32-KW,GTO,Hyundai Santa Fe,Naranja,Robado,Gabriela Martinez Palacios,2019-05-09 10:40:43,GGM-32-KW.jpg
GNB-65-YR,GTO,Jeep Renegade,Rojo Oscuro,Activo,Silvia Bravo Jimenez,2018-09-03 09:47:02,GNB-65-YR.jpg
GLW-44-NM,GTO,BMW X5,Gris Oscuro,En Proceso Legal,Guadalupe Vargas Reyes,2017-10-09 07:17:48,GLW-44-NM.jpg
GS5-01-CJ,GTO,Hyundai Accent,Amarillo,Baja Temporal,Elias Navarro Villalobos,2020-10-05 19:31:37,GS5-01-CJ.jpg
GPD-11-FD,GTO,Ford Focus,Rojo,Baja Temporal,Miguel Zamora Cabrera,2019-11-21 09:42:23,GPD-11-FD.jpg
GHF-77-WS,GTO,Mercedes-Benz C-Class,Beige,Robado,Victor Villegas Dominguez,2026-04-03 10:29:26,GHF-77-WS.jpg
GMH-85-NX,GTO,Nissan Sentra,Amarillo,Importacion Definitiva,Carlos Jimenez Olvera,2024-01-28 12:03:14,GMH-85-NX.jpg
GTC-59-NJ,GTO,Chevrolet Cruze,Amarillo,Activo,Daniel Leal Zarate,2020-12-28 06:21:26,GTC-59-NJ.jpg
GPA-67-VS,GTO,BMW 5 Series,Dorado,En Proceso Legal,Susana Rodriguez Flores,2019-01-21 13:14:17,GPA-67-VS.jpg
GJK-51-AV,GTO,Peugeot 308,Azul,Robado,Pedro Valencia Portillo,2020-01-03 16:13:36,GJK-51-AV.jpg
GT1-12-GD,GTO,Hyundai Tucson,Beige,Activo,Camila Mejia Luna,2024-04-06 17:18:14,GT1-12-GD.jpg
GKX-38-SE,GTO,Nissan March,Amarillo,Activo,Armando Maldonado Diaz,2020-06-16 10:41:28,GKX-38-SE.jpg
GH5-69-VA,GTO,Jeep Wrangler,Beige,Reposicion,Fabiola Estrada Vargas,2017-12-10 06:22:30,GH5-69-VA.jpg
GM4-22-UA,GTO,Mercedes-Benz GLA,Cafe,Remarcaje,Rebeca Rosales Izquierdo,2018-08-31 00:32:31,GM4-22-UA.jpg
GTP-94-BV,GTO,Honda Accord,Morado,Importacion Definitiva,Alicia Gonzalez Solano,2020-12-11 12:44:29,GTP-94-BV.jpg
GT0-80-PU,GTO,Jeep Renegade,Vino,Baja Temporal,Sandra Tovar Esquivel,2017-07-05 14:08:05,GT0-80-PU.jpg
GHC-59-UN,GTO,Audi A3,Negro,Remarcaje,Rosa Nieto Tovar,2026-01-23 03:27:34,GHC-59-UN.jpg
GGS-29-YE,GTO,Honda Civic,Gris Oscuro,Recuperado,Martha Morales Gutierrez,2018-12-15 18:49:29,GGS-29-YE.jpg
GXJ-06-LE,GTO,Volkswagen Vento,Plateado,Recuperado,Felipe Vazquez Tovar,2024-07-16 07:45:43,GXJ-06-LE.jpg
GM4-45-VM,GTO,Nissan NP300,Verde,Activo,Isabel Correa Gutierrez,2020-03-12 07:21:20,GM4-45-VM.jpg
GJS-14-HY,GTO,Peugeot 3008,Vino,Remarcaje,Elizabeth Dominguez Acosta,2022-11-16 17:08:11,GJS-14-HY.jpg
GJ2-75-PZ,GTO,Honda HR-V,Negro,Baja Temporal,Laura Gutierrez Garcia,2017-05-11 15:00:47,GJ2-75-PZ.jpg
GPM-41-BD,GTO,Peugeot 208,Blanco,Cancelado,Fabiola Barajas Escobar,2017-08-07 19:20:24,GPM-41-BD.jpg
GNR-29-AZ,GTO,Toyota Corolla,Verde Oscuro,Robado,Juan Sepulveda Villegas,2025-04-20 05:14:59,GNR-29-AZ.jpg
GV2-77-FY,GTO,Volkswagen Golf,Plateado,Importacion Temporal,Isabel Barajas Castillo,2019-12-02 10:02:16,GV2-77-FY.jpg
GLK-18-JM,GTO,Ford Focus,Morado,Activo,Hector Villanueva Vazquez,2026-03-01 03:20:17,GLK-18-JM.jpg
GX1-64-MB,GTO,Jeep Compass,Naranja,Robado,Mateo Estrada Mejia,2017-10-30 06:45:34,GX1-64-MB.jpg
GMJ-51-EM,GTO,Volkswagen Golf,Negro,Activo,Silvia Moya Sepulveda,2022-01-26 03:31:45,GMJ-51-EM.jpg
GK7-26-AC,GTO,Hyundai Elantra,Verde Oscuro,En Proceso Legal,Angela Garcia Martinez,2023-09-17 19:07:02,GK7-26-AC.jpg
GY0-76-RY,GTO,Audi A4,Gris,Remarcaje,Benjamin Avila Nieto,2021-12-27 00:46:20,GY0-76-RY.jpg
GJD-34-PA,GTO,BMW 5 Series,Azul,Activo,Benjamin Contreras Arroyo,2023-07-29 10:27:10,GJD-34-PA.jpg
GK6-59-JM,GTO,Honda Civic,Plateado,Baja Definitiva,Juan Cervantes Montes,2020-04-16 13:45:03,GK6-59-JM.jpg
GKN-38-ZY,GTO,Renault Sandero,Verde Oscuro,Activo,Alejandra Martinez Soto,2017-09-22 16:52:18,GKN-38-ZY.jpg
GL6-14-YP,GTO,Peugeot 208,Gris Oscuro,Baja Definitiva,Susana Urbina Huerta,2018-02-20 01:59:19,GL6-14-YP.jpg
GPG-17-LF,GTO,Jeep Compass,Azul Marino,Irregular,Ana Vazquez Soto,2021-11-08 18:53:17,GPG-17-LF.jpg
GXN-00-BU,GTO,BMW 5 Series,Azul Marino,Baja Temporal,Diego Arellano Correa,2019-12-25 00:23:56,GXN-00-BU.jpg
GGD-75-HE,GTO,Kia Rio,Beige,En Proceso Legal,Claudia Cordero Dominguez,2019-10-13 07:22:12,GGD-75-HE.jpg
GUX-65-FC,GTO,Jeep Compass,Azul Marino,Activo,Elias Alvarez Correa,2017-11-02 12:54:30,GUX-65-FC.jpg
GUE-25-WY,GTO,Renault Kwid,Verde Oscuro,Activo,Rebeca Mejia Portillo,2020-05-07 20:29:12,GUE-25-WY.jpg
GRW-83-VS,GTO,Jeep Wrangler,Rojo,Activo,Arturo Leal Urbina,2023-07-09 01:54:13,GRW-83-VS.jpg
GSG-91-NT,GTO,Chevrolet Cruze,Negro,Baja Definitiva,Jorge Zamora Hernandez,2020-04-21 10:18:23,GSG-91-NT.jpg
GUS-58-EW,GTO,Fiat 500,Plateado,En Proceso Legal,Sergio Castro Villegas,2021-06-30 11:13:22,GUS-58-EW.jpg
GLK-73-TS,GTO,Honda HR-V,Plateado,Activo,Jose Flores Quintero,2023-10-05 18:11:01,GLK-73-TS.jpg
GMH-80-TP,GTO,Ford Focus,Rojo,Importacion Definitiva,Isabel Navarro Castro,2025-06-17 15:04:58,GMH-80-TP.jpg
GS9-17-FA,GTO,Peugeot 3008,Gris,Activo,Ignacio Silva Mora,2026-01-02 05:19:33,GS9-17-FA.jpg
GXA-70-DM,GTO,Toyota Prius,Verde,Importacion Definitiva,Felipe Campos Orozco,2024-04-14 16:24:39,GXA-70-DM.jpg
GJF-02-WF,GTO,Renault Duster,Amarillo,Activo,Isabel Portillo Tapia,2017-03-01 12:43:30,GJF-02-WF.jpg
GYR-45-EY,GTO,Mercedes-Benz C-Class,Blanco,Activo,Estela Montes Diaz,2022-04-24 20:02:03,GYR-45-EY.jpg
GKG-59-WP,GTO,Volkswagen Jetta,Verde Oscuro,Irregular,Ernesto Diaz Trejo,2024-02-21 20:06:50,GKG-59-WP.jpg
GJ2-68-GT,GTO,Jeep Grand Cherokee,Verde Oscuro,Activo,Roberto Sandoval Alvarez,2022-09-26 14:07:36,GJ2-68-GT.jpg
GV3-10-AW,GTO,Ford Focus,Morado,Baja Definitiva,Teresa Salazar Aguilar,2019-08-20 12:10:01,GV3-10-AW.jpg
GPH-42-FG,GTO,Honda HR-V,Verde Oscuro,Activo,Victor Mendoza Suarez,2019-12-09 14:45:57,GPH-42-FG.jpg
GY5-54-BG,GTO,Peugeot 208,Gris,Irregular,Marisol Villalobos Avila,2018-08-09 16:34:27,GY5-54-BG.jpg
GK1-14-CZ,GTO,Fiat Cronos,Verde Oscuro,Remarcaje,Marcos Gutierrez Pineda,2018-12-06 11:09:06,GK1-14-CZ.jpg
GJG-83-ZT,GTO,Ford Ranger,Naranja,Baja Temporal,Beatriz Cabrera Villalobos,2021-12-05 13:22:05,GJG-83-ZT.jpg
GP9-96-SH,GTO,Fiat Cronos,Rojo Oscuro,Activo,Marisol Sanchez Castillo,2019-11-16 17:57:10,GP9-96-SH.jpg
GS6-83-KH,GTO,Jeep Wrangler,Blanco Perlado,Remarcaje,Claudia Izquierdo Cruz,2021-04-27 06:59:00,GS6-83-KH.jpg
GYU-78-KX,GTO,BMW 5 Series,Blanco,Activo,Rosa Guerrero Vargas,2021-12-16 07:58:21,GYU-78-KX.jpg
GKJ-50-MF,GTO,Renault Logan,Azul,Activo,Rocio Ruiz Aguilar,2022-12-10 10:24:34,GKJ-50-MF.jpg
GMK-20-HN,GTO,Chevrolet Spark,Morado,Baja Temporal,Renata Delgado Peña,2020-09-08 14:53:43,GMK-20-HN.jpg
GVC-22-EY,GTO,BMW X5,Gris Oscuro,Activo,Carmen Ruiz Morales,2019-06-29 00:45:12,GVC-22-EY.jpg
GW6-18-UW,GTO,Kia Forte,Naranja,Baja Definitiva,Hugo Reyes Valdez,2019-03-21 21:30:00,GW6-18-UW.jpg
GRW-98-GU,GTO,Renault Duster,Rojo,Importacion Temporal,Ruben Zarate Solano,2020-12-22 21:31:42,GRW-98-GU.jpg
GJU-82-KJ,GTO,Fiat Cronos,Cafe,En Proceso Legal,Alberto Castillo Suarez,2023-01-12 13:01:38,GJU-82-KJ.jpg
GN9-23-CL,GTO,Fiat Argo,Rojo Oscuro,Reposicion,Ignacio Velazquez Lopez,2022-02-05 12:06:11,GN9-23-CL.jpg
GHY-02-PG,GTO,Audi A4,Gris,Recuperado,Camila Sepulveda Silva,2019-05-02 11:47:17,GHY-02-PG.jpg
GSF-56-VB,GTO,Chevrolet Beat,Verde,En Proceso Legal,Sofia Sandoval Garcia,2024-02-22 08:16:47,GSF-56-VB.jpg
GGX-59-SU,GTO,Jeep Wrangler,Gris Oscuro,Recuperado,Daniela Figueroa Campos,2023-05-23 22:58:32,GGX-59-SU.jpg
GJM-30-NL,GTO,Mazda MX-5,Blanco Perlado,Baja Definitiva,Javier Avila Villegas,2019-12-06 23:47:25,GJM-30-NL.jpg
GUD-18-LV,GTO,Peugeot 308,Morado,Remarcaje,Antonio Valencia Diaz,2019-11-27 23:42:14,GUD-18-LV.jpg
GMB-12-AF,GTO,Kia Sportage,Naranja,Remarcaje,Hugo Castro Castro,2019-11-12 14:17:51,GMB-12-AF.jpg
GNJ-86-PF,GTO,Peugeot 5008,Rojo Oscuro,Baja Definitiva,Juan Camacho Esquivel,2021-04-05 13:54:53,GNJ-86-PF.jpg
GKA-79-NX,GTO,Nissan NP300,Naranja,Reposicion,Elias Castro Rivera,2023-04-08 16:49:10,GKA-79-NX.jpg
GP1-63-DA,GTO,Ford Fiesta,Rojo,Activo,Marisol Valencia Portillo,2020-09-12 01:15:34,GP1-63-DA.jpg
GXW-92-EL,GTO,Volkswagen Golf,Amarillo,En Proceso Legal,Ruben Garcia Suarez,2025-07-28 03:41:53,GXW-92-EL.jpg
GXD-88-BX,GTO,Toyota Prius,Beige,Cancelado,Pedro Rivera Delgado,2021-12-31 01:51:18,GXD-88-BX.jpg
GGY-25-GX,GTO,Nissan Sentra,Vino,Cancelado,Raul Velazquez Leal,2020-04-27 04:33:01,GGY-25-GX.jpg
GXL-34-SB,GTO,Hyundai Elantra,Amarillo,Recuperado,Marcos Mejia Valdez,2018-02-27 09:28:48,GXL-34-SB.jpg
GPM-62-ST,GTO,Audi Q5,Rojo,Robado,Daniel Campos Cabrera,2025-05-22 04:33:28,GPM-62-ST.jpg
GVC-48-NF,GTO,Ford Fiesta,Amarillo,Irregular,Manuel Ramirez Torres,2021-10-15 06:49:44,GVC-48-NF.jpg
GMM-14-CR,GTO,Ford Fiesta,Blanco Perlado,Baja Temporal,Teresa Montoya Correa,2020-01-31 09:05:25,GMM-14-CR.jpg
GYX-02-PW,GTO,Ford Focus,Gris Oscuro,Importacion Definitiva,Renata Trejo Tovar,2017-07-30 01:00:35,GYX-02-PW.jpg
GX5-79-UY,GTO,Jeep Wrangler,Naranja,Irregular,David Ruiz Cordero,2019-02-12 09:49:47,GX5-79-UY.jpg
GJR-83-NH,GTO,Renault Logan,Gris Oscuro,Importacion Temporal,Sergio Mora Gutierrez,2018-08-23 17:04:15,GJR-83-NH.jpg
GH9-20-LX,GTO,Audi A3,Amarillo,En Proceso Legal,Javier Salazar Izquierdo,2024-02-24 09:30:07,GH9-20-LX.jpg
GL4-43-CL,GTO,Kia Sportage,Naranja,Baja Definitiva,Camila Arellano Alvarez,2018-06-19 03:13:45,GL4-43-CL.jpg
GST-12-RJ,GTO,Mercedes-Benz C-Class,Gris,Baja Temporal,Maria Luna Tapia,2022-03-04 19:39:42,GST-12-RJ.jpg
GKA-43-BW,GTO,Toyota Hilux,Blanco,Importacion Definitiva,Renata Gonzalez Aguilar,2025-08-12 08:34:46,GKA-43-BW.jpg
GYY-60-DE,GTO,Audi A3,Rojo Oscuro,Robado,Sandra Suarez Pacheco,2026-03-20 09:52:43,GYY-60-DE.jpg
GJM-96-HF,GTO,Honda HR-V,Verde,Robado,Marcos Bravo Bravo,2025-03-06 18:47:30,GJM-96-HF.jpg
GHS-25-FV,GTO,Audi A4,Gris Oscuro,Importacion Temporal,Rosa Leal Mendoza,2019-05-09 16:22:55,GHS-25-FV.jpg
GM2-90-VD,GTO,Audi Q3,Rojo Oscuro,Recuperado,Fernando Nieto Carrillo,2023-10-02 17:47:52,GM2-90-VD.jpg
GWW-38-DB,GTO,Kia Sorento,Negro,Recuperado,Maria Portillo Contreras,2024-09-05 00:21:49,GWW-38-DB.jpg
GLY-72-JN,GTO,Kia Sportage,Rojo Oscuro,Importacion Temporal,Yolanda Arroyo Diaz,2020-11-26 08:04:33,GLY-72-JN.jpg
GVU-92-AN,GTO,Volkswagen Golf,Cafe,Baja Temporal,Jesus Correa Escobar,2023-04-03 23:42:14,GVU-92-AN.jpg
GKC-63-VW,GTO,Jeep Compass,Amarillo,Baja Definitiva,Hugo Velazquez Ramirez,2020-12-11 14:40:03,GKC-63-VW.jpg
GV0-16-KR,GTO,Peugeot 3008,Azul,Remarcaje,Ruben Cabrera Flores,2021-12-25 00:18:18,GV0-16-KR.jpg
GX5-94-GH,GTO,Fiat Toro,Gris,Importacion Definitiva,Elsa Villanueva Pineda,2018-09-28 02:40:35,GX5-94-GH.jpg
GSV-08-RG,GTO,Jeep Grand Cherokee,Amarillo,Activo,Yolanda Velazquez Mejia,2018-02-10 23:38:08,GSV-08-RG.jpg
GXH-52-JW,GTO,Chevrolet Cruze,Gris Oscuro,Remarcaje,Julieta Jimenez Rivera,2018-10-19 03:56:57,GXH-52-JW.jpg
GWM-04-VT,GTO,Chevrolet Spark,Verde Oscuro,Activo,Elias Arroyo Cervantes,2026-04-08 01:17:54,GWM-04-VT.jpg
GN1-19-XT,GTO,Kia Rio,Naranja,Activo,Guadalupe Garcia Carrillo,2023-10-07 17:04:23,GN1-19-XT.jpg
GXP-42-HD,GTO,Renault Duster,Negro,Recuperado,Ignacio Flores Castro,2019-10-13 05:52:29,GXP-42-HD.jpg
GUS-57-JR,GTO,Volkswagen Vento,Cafe,Robado,Diego Valencia Salazar,2026-03-27 10:48:21,GUS-57-JR.jpg
GGW-29-XB,GTO,Toyota Hilux,Morado,Cancelado,Jesus Plascencia Peña,2023-10-03 13:27:02,GGW-29-XB.jpg
GXN-81-GD,GTO,Toyota Yaris,Blanco,Reposicion,Andres Lopez Castillo,2019-08-20 04:16:19,GXN-81-GD.jpg
GSW-16-VP,GTO,Toyota Hilux,Negro,Activo,Yolanda Torres Jimenez,2023-02-23 02:19:41,GSW-16-VP.jpg
GUB-54-DE,GTO,Honda CR-V,Dorado,Activo,Jorge Arroyo Pacheco,2020-06-30 14:52:19,GUB-54-DE.jpg
GGF-66-HR,GTO,Kia Rio,Beige,Activo,Carolina Leal Martinez,2019-10-26 18:20:59,GGF-66-HR.jpg
GWB-03-SY,GTO,Renault Kwid,Blanco Perlado,Importacion Temporal,Alejandro Portillo Quiroz,2022-02-15 07:31:22,GWB-03-SY.jpg
GRG-83-FV,GTO,Mercedes-Benz A-Class,Beige,Cancelado,Sebastian Escobar Suarez,2020-09-30 00:21:52,GRG-83-FV.jpg
GSK-30-BJ,GTO,Toyota Corolla,Beige,Baja Temporal,Silvia Espinoza Rosales,2024-01-03 04:17:26,GSK-30-BJ.jpg
GKA-79-WN,GTO,BMW 5 Series,Vino,En Proceso Legal,Arturo Beltran Suarez,2021-06-28 12:17:30,GKA-79-WN.jpg
GHS-20-YJ,GTO,Chevrolet Aveo,Gris,En Proceso Legal,Hector Hernandez Estrada,2017-02-04 07:02:02,GHS-20-YJ.jpg
GPN-24-UH,GTO,Jeep Grand Cherokee,Rojo,Homologacion,Noe Aguilar Castillo,2024-12-23 02:05:27,GPN-24-UH.jpg
GJV-09-EF,GTO,Hyundai Tucson,Dorado,Homologacion,Isabel Fernandez Ramirez,2019-04-26 02:50:10,GJV-09-EF.jpg
GWD-83-VA,GTO,Hyundai Accent,Azul,Baja Temporal,Sofia Navarro Cervantes,2018-02-14 15:00:22,GWD-83-VA.jpg
GTA-04-RN,GTO,Chevrolet Spark,Azul Marino,Cancelado,Rosa Mora Hernandez,2022-12-05 01:28:57,GTA-04-RN.jpg
GWE-35-PT,GTO,Mercedes-Benz C-Class,Beige,Robado,Cecilia Portillo Cervantes,2018-12-13 21:54:37,GWE-35-PT.jpg
GMN-18-FP,GTO,Volkswagen Vento,Blanco,Remarcaje,Alejandro Contreras Herrera,2021-07-31 03:05:52,GMN-18-FP.jpg
GPN-31-SD,GTO,Peugeot 3008,Beige,Importacion Temporal,Claudia Pineda Fernandez,2022-07-11 07:15:16,GPN-31-SD.jpg
GPT-48-AL,GTO,Kia Sportage,Cafe,Baja Definitiva,Renata Pacheco Fernandez,2025-12-12 00:12:24,GPT-48-AL.jpg
GK0-23-BZ,GTO,Audi Q5,Vino,Recuperado,Hugo Soto Bravo,2017-05-29 07:25:12,GK0-23-BZ.jpg
GHW-37-SF,GTO,Hyundai Santa Fe,Blanco,Importacion Temporal,Estela Cordero Campos,2026-02-24 00:07:10,GHW-37-SF.jpg
GJA-05-UJ,GTO,Mercedes-Benz C-Class,Verde Oscuro,Irregular,Liliana Avila Moya,2020-10-10 02:07:57,GJA-05-UJ.jpg
GGE-36-RM,GTO,Volkswagen Jetta,Negro,Homologacion,Sergio Fuentes Vargas,2024-07-02 06:02:59,GGE-36-RM.jpg
GVM-00-RJ,GTO,Mazda CX-5,Dorado,Remarcaje,Arturo Escobar Sepulveda,2021-02-25 23:12:38,GVM-00-RJ.jpg
GNJ-60-JP,GTO,Mazda MX-5,Verde,Cancelado,Salvador Cordero Jimenez,2021-07-02 04:29:13,GNJ-60-JP.jpg
GT6-62-VE,GTO,Honda Civic,Verde,Homologacion,Rebeca Romero Zamora,2025-06-20 13:30:27,GT6-62-VE.jpg
GSF-81-TP,GTO,BMW X3,Naranja,Activo,Yolanda Avila Villalobos,2017-11-13 16:43:53,GSF-81-TP.jpg
GVV-76-TC,GTO,Kia Sportage,Verde,Robado,David Bravo Zamora,2026-01-08 12:00:06,GVV-76-TC.jpg
GXM-33-VW,GTO,Peugeot 5008,Rojo Oscuro,Baja Temporal,Adolfo Valencia Ruiz,2024-09-04 06:31:39,GXM-33-VW.jpg
GKK-19-MT,GTO,Kia Sorento,Plateado,Robado,Benjamin Flores Ortega,2023-04-14 05:06:27,GKK-19-MT.jpg
GM6-80-TW,GTO,Chevrolet Beat,Plateado,En Proceso Legal,Renata Portillo Silva,2018-01-10 21:47:12,GM6-80-TW.jpg
GXE-11-AB,GTO,Nissan Sentra,Cafe,En Proceso Legal,Rosa Perez Vargas,2018-07-21 12:50:36,GXE-11-AB.jpg
GYL-19-RM,GTO,Fiat Toro,Dorado,En Proceso Legal,Teresa Olvera Navarro,2025-01-09 13:44:21,GYL-19-RM.jpg
GWD-61-NG,GTO,Fiat Cronos,Rojo,Activo,Estela Mendoza Camacho,2021-01-15 17:51:47,GWD-61-NG.jpg
GKW-30-EX,GTO,Hyundai Tucson,Gris Oscuro,Reposicion,Cecilia Villegas Izquierdo,2017-07-19 11:29:33,GKW-30-EX.jpg
GLK-29-JK,GTO,Honda Accord,Gris,En Proceso Legal,Angela Chavez Delgado,2021-09-14 23:09:56,GLK-29-JK.jpg
GRC-73-TD,GTO,Honda HR-V,Verde,Activo,Elias Lopez Villalobos,2023-06-30 09:38:48,GRC-73-TD.jpg
GH4-65-JS,GTO,BMW X3,Blanco Perlado,Cancelado,Jorge Rodriguez Quiroz,2022-04-11 11:28:25,GH4-65-JS.jpg
GXP-81-BC,GTO,Toyota Hilux,Naranja,Cancelado,Rocio Ortega Trejo,2024-09-04 06:23:54,GXP-81-BC.jpg
GMP-60-UG,GTO,Chevrolet Spark,Dorado,Activo,Marco Gallegos Montes,2018-03-08 15:41:27,GMP-60-UG.jpg
GXA-59-YS,GTO,Nissan March,Beige,Reposicion,Antonio Estrada Leal,2020-07-11 22:37:48,GXA-59-YS.jpg
GLK-16-WV,GTO,Toyota Hilux,Cafe,Activo,Sandra Mora Jimenez,2017-05-10 21:17:22,GLK-16-WV.jpg
GSN-85-WE,GTO,Mercedes-Benz GLC,Naranja,Recuperado,Fernando Solano Gallegos,2023-03-27 12:35:09,GSN-85-WE.jpg
GWB-42-MZ,GTO,Renault Sandero,Beige,Irregular,Alejandra Tapia Vazquez,2019-09-25 00:28:30,GWB-42-MZ.jpg
GHR-45-KL,GTO,Volkswagen Jetta,Beige,Activo,Lucia Acosta Ramos,2020-10-21 11:27:15,GHR-45-KL.jpg
GS5-86-HN,GTO,Ford Fusion,Rojo,Baja Temporal,Mateo Tovar Ramirez,2025-12-06 14:13:48,GS5-86-HN.jpg
GYC-86-HF,GTO,Honda Civic,Verde Oscuro,Reposicion,Camila Tovar Avila,2026-04-20 03:55:30,GYC-86-HF.jpg
GRS-12-XU,GTO,Toyota Hilux,Plateado,Homologacion,Lorena Sepulveda Rivera,2023-08-02 22:24:09,GRS-12-XU.jpg
GUG-56-HM,GTO,Nissan Versa,Gris Oscuro,Recuperado,Ana Pacheco Jimenez,2022-10-18 23:21:02,GUG-56-HM.jpg
GH0-53-ZL,GTO,Peugeot 3008,Negro,Activo,Camila Morales Huerta,2018-12-03 20:32:15,GH0-53-ZL.jpg
GWU-44-XP,GTO,Honda HR-V,Naranja,Activo,Ana Solano Estrada,2026-05-03 00:38:36,GWU-44-XP.jpg
GW5-42-PH,GTO,Volkswagen Amarok,Beige,Baja Temporal,Noe Orozco Huerta,2018-02-18 12:36:15,GW5-42-PH.jpg
HDP-832-W,GRO,Mazda CX-5,Azul,Activo,Martha Rios Correa,2019-10-12 09:54:47,HDP-832-W.jpg
HEN-035-H,GRO,Jeep Renegade,Azul,Importacion Definitiva,Hector Espinoza Rosales,2025-01-02 10:53:35,HEN-035-H.jpg
H1N-396-S,GRO,Mercedes-Benz C-Class,Amarillo,Activo,Elizabeth Arroyo Sandoval,2018-11-27 03:24:33,H1N-396-S.jpg
H8W-921-Y,GRO,Mercedes-Benz GLC,Rojo Oscuro,Activo,Veronica Tapia Valencia,2018-04-08 21:18:46,H8W-921-Y.jpg
HFD-678-J,GRO,Toyota Hilux,Naranja,Reposicion,Angela Gallegos Silva,2025-12-12 15:18:19,HFD-678-J.jpg
HA8-635-L,GRO,Renault Logan,Dorado,Reposicion,Mateo Arroyo Guerrero,2023-07-15 18:37:55,HA8-635-L.jpg
H4L-805-C,GRO,Volkswagen Vento,Verde Oscuro,Irregular,Silvia Sepulveda Sanchez,2022-09-02 09:45:56,H4L-805-C.jpg
HB7-875-J,GRO,Mercedes-Benz A-Class,Beige,Homologacion,Antonio Cervantes Pineda,2018-09-02 19:18:30,HB7-875-J.jpg
H6A-135-N,GRO,Volkswagen Vento,Dorado,Recuperado,Cristian Luna Herrera,2024-04-04 09:05:04,H6A-135-N.jpg
H1Y-686-H,GRO,Kia Sportage,Verde Oscuro,Homologacion,Norma Jimenez Sandoval,2021-09-16 03:09:54,H1Y-686-H.jpg
H7K-969-B,GRO,Ford Ranger,Amarillo,Robado,David Guerrero Beltran,2019-01-15 08:03:20,H7K-969-B.jpg
HBM-550-S,GRO,Fiat Cronos,Amarillo,Remarcaje,Adolfo Beltran Velazquez,2019-12-02 16:45:05,HBM-550-S.jpg
H77-198-S,GRO,Hyundai Accent,Amarillo,Activo,Elsa Palacios Mendoza,2019-09-13 10:39:27,H77-198-S.jpg
HFL-964-R,GRO,Ford Fiesta,Azul Marino,Activo,German Rodriguez Tapia,2025-01-19 00:43:59,HFL-964-R.jpg
H53-643-J,GRO,Honda CR-V,Negro,Activo,Cecilia Romero Cabrera,2026-03-02 01:53:46,H53-643-J.jpg
HFS-356-K,GRO,Mazda MX-5,Naranja,Irregular,Carmen Arroyo Huerta,2024-10-10 17:53:56,HFS-356-K.jpg
H85-158-S,GRO,Volkswagen Amarok,Beige,Baja Definitiva,Gabriela Figueroa Alvarez,2022-07-30 11:44:15,H85-158-S.jpg
H8R-696-X,GRO,Hyundai Santa Fe,Azul Marino,Cancelado,Benjamin Pineda Rosales,2025-06-04 08:06:15,H8R-696-X.jpg
H1F-633-W,GRO,Audi Q3,Azul,Baja Temporal,Sandra Montoya Diaz,2018-01-01 18:20:19,H1F-633-W.jpg
H6U-267-X,GRO,Toyota Corolla,Gris Oscuro,Baja Definitiva,Carlos De La Cruz Flores,2023-06-12 03:11:22,H6U-267-X.jpg
HDD-338-P,GRO,Peugeot 308,Rojo,Activo,Luis Castillo Portillo,2022-04-30 04:52:51,HDD-338-P.jpg
H7Z-104-P,GRO,Honda HR-V,Beige,Activo,Rocio Ortega Herrera,2024-06-14 01:43:43,H7Z-104-P.jpg
GZX-818-W,GRO,Toyota Yaris,Azul,Homologacion,Patricia Maldonado Guerrero,2019-11-30 14:45:25,GZX-818-W.jpg
HDG-313-E,GRO,Mercedes-Benz A-Class,Azul,Importacion Definitiva,Alejandro Tovar Valdez,2020-07-11 20:50:51,HDG-313-E.jpg
HEH-356-P,GRO,Honda HR-V,Blanco Perlado,Remarcaje,Andres Plascencia Izquierdo,2019-01-13 02:54:15,HEH-356-P.jpg
HF8-207-E,GRO,Volkswagen Amarok,Verde,Baja Temporal,Guillermo Guerrero Valdez,2020-11-26 01:54:08,HF8-207-E.jpg
HBE-490-M,GRO,Hyundai Elantra,Plateado,Activo,Oscar Rios Ortega,2018-07-27 15:03:50,HBE-490-M.jpg
H3P-569-D,GRO,Mazda 3,Rojo Oscuro,Importacion Temporal,Claudia Pineda Vargas,2020-02-29 17:54:44,H3P-569-D.jpg
HBF-522-R,GRO,Kia Sorento,Blanco Perlado,Activo,Benjamin Rodriguez Rosales,2022-03-07 15:54:40,HBF-522-R.jpg
H1B-635-P,GRO,Mercedes-Benz C-Class,Verde,Irregular,Veronica Cervantes Torres,2024-05-15 19:27:37,H1B-635-P.jpg
H97-624-J,GRO,Peugeot 3008,Verde,Baja Definitiva,Alejandra Sepulveda Del Valle,2018-05-29 09:17:55,H97-624-J.jpg
H1E-046-R,GRO,Renault Kwid,Morado,Cancelado,Juan Velazquez Olvera,2026-02-06 03:49:34,H1E-046-R.jpg
H4J-540-K,GRO,Nissan March,Plateado,Robado,Guillermo Portillo Montes,2019-12-30 06:57:18,H4J-540-K.jpg
H62-729-N,GRO,Nissan March,Rojo,Reposicion,Teresa Medina Arellano,2020-12-06 14:14:33,H62-729-N.jpg
HEL-871-S,GRO,Volkswagen Vento,Vino,Reposicion,Camila Zarate Moya,2025-04-10 09:09:20,HEL-871-S.jpg
HFZ-312-A,GRO,Mercedes-Benz GLA,Negro,Importacion Temporal,Emilio Bravo Rodriguez,2023-11-08 05:17:51,HFZ-312-A.jpg
HCL-016-H,GRO,Honda HR-V,Gris,Homologacion,Rosa Mejia Sepulveda,2017-05-02 16:12:47,HCL-016-H.jpg
H1A-937-M,GRO,Nissan March,Plateado,Remarcaje,Rocio Navarro Flores,2023-09-06 15:47:35,H1A-937-M.jpg
HF8-871-Z,GRO,Audi A3,Amarillo,Activo,Hugo Plascencia Castillo,2018-03-17 17:54:42,HF8-871-Z.jpg
HFV-507-N,GRO,Kia Rio,Beige,Activo,Sebastian Villalobos Acosta,2024-08-17 09:19:43,HFV-507-N.jpg
H26-304-E,GRO,Renault Kwid,Blanco Perlado,Reposicion,Adolfo Navarro Garcia,2024-11-03 11:20:50,H26-304-E.jpg
H5M-798-U,GRO,Honda CR-V,Vino,Remarcaje,Elizabeth Salazar Sanchez,2019-05-23 21:28:57,H5M-798-U.jpg
HE8-632-B,GRO,Mazda CX-5,Verde,Reposicion,Jose Montes Portillo,2018-04-28 18:13:39,HE8-632-B.jpg
H6A-147-P,GRO,Jeep Wrangler,Beige,Robado,Alberto Mejia Solano,2025-07-12 13:44:19,H6A-147-P.jpg
H54-498-G,GRO,Hyundai Tucson,Azul Marino,Importacion Temporal,Jesus Herrera Perez,2025-05-28 05:06:27,H54-498-G.jpg
H5U-075-J,GRO,Mazda 3,Verde Oscuro,Baja Temporal,Estela Cruz Del Valle,2024-05-19 17:22:35,H5U-075-J.jpg
HDK-804-M,GRO,Nissan March,Negro,Baja Temporal,Paola Dominguez Quintero,2018-12-30 12:23:25,HDK-804-M.jpg
H36-900-M,GRO,Jeep Renegade,Gris Oscuro,Importacion Temporal,Elizabeth Portillo Silva,2025-11-21 14:16:28,H36-900-M.jpg
H8W-833-E,GRO,Renault Sandero,Gris,Remarcaje,Teresa Ortega Cruz,2019-10-20 01:16:46,H8W-833-E.jpg
HFE-303-P,GRO,BMW 5 Series,Dorado,En Proceso Legal,Eduardo Torres Garcia,2023-01-11 11:38:16,HFE-303-P.jpg
H4E-195-Y,GRO,Ford Fusion,Blanco,Homologacion,Norma Montes Esquivel,2021-07-29 13:39:40,H4E-195-Y.jpg
H0F-617-R,GRO,Mercedes-Benz C-Class,Naranja,Irregular,Sandra Rivera Mora,2021-10-08 17:54:47,H0F-617-R.jpg
HFS-542-K,GRO,Honda CR-V,Vino,Baja Definitiva,Alicia Pineda Carrillo,2024-12-23 01:39:41,HFS-542-K.jpg
HFZ-205-M,GRO,Kia Sorento,Gris Oscuro,Baja Definitiva,Patricia Rodriguez Castro,2023-12-07 01:18:17,HFZ-205-M.jpg
HAJ-968-R,GRO,Hyundai Accent,Verde Oscuro,Importacion Definitiva,Elias Herrera Montoya,2020-06-16 01:13:27,HAJ-968-R.jpg
HFR-984-Z,GRO,Kia Forte,Blanco,Robado,Estela Suarez Lopez,2024-09-22 09:16:55,HFR-984-Z.jpg
GZH-958-N,GRO,Volkswagen Golf,Negro,Reposicion,Jorge Barajas Sanchez,2022-12-30 07:54:28,GZH-958-N.jpg
HEE-383-F,GRO,Toyota Corolla,Plateado,Activo,Roberto De La Cruz Beltran,2018-12-29 01:04:35,HEE-383-F.jpg
H63-046-G,GRO,Volkswagen Golf,Beige,Activo,Marina Arroyo Cruz,2025-07-20 04:55:34,H63-046-G.jpg
HDU-797-W,GRO,Renault Sandero,Azul,Homologacion,Carlos Sanchez Nieto,2019-11-27 17:01:04,HDU-797-W.jpg
H0P-805-P,GRO,Chevrolet Aveo,Verde,Baja Temporal,Ignacio Vazquez Alvarez,2019-11-27 15:05:39,H0P-805-P.jpg
HCM-993-M,GRO,BMW 3 Series,Amarillo,Baja Definitiva,Rosa Nieto Correa,2020-02-13 19:38:39,HCM-993-M.jpg
H2D-455-B,GRO,Honda Accord,Plateado,Activo,Hugo Gutierrez Martinez,2021-04-10 02:19:19,H2D-455-B.jpg
H34-433-Y,GRO,Toyota Corolla,Gris Oscuro,Homologacion,Hector Bravo Martinez,2018-02-26 11:57:43,H34-433-Y.jpg
HB2-626-E,GRO,Hyundai Tucson,Plateado,Baja Temporal,Maria Figueroa Rios,2020-12-29 11:29:44,HB2-626-E.jpg
HAR-092-N,GRO,Renault Duster,Rojo Oscuro,Recuperado,Eduardo De La Cruz Vargas,2020-06-24 13:40:02,HAR-092-N.jpg
H1F-511-U,GRO,Nissan NP300,Plateado,Activo,Beatriz Ortega Delgado,2023-08-17 21:57:23,H1F-511-U.jpg
H6Y-456-H,GRO,Nissan Versa,Blanco Perlado,Reposicion,Hector Herrera Trejo,2020-06-02 16:57:18,H6Y-456-H.jpg
H21-138-T,GRO,Fiat Toro,Negro,Homologacion,Carolina Delgado Alvarez,2021-05-01 01:58:15,H21-138-T.jpg
H1D-689-J,GRO,Jeep Grand Cherokee,Blanco,Irregular,Lorena Fuentes Luna,2018-08-16 08:46:13,H1D-689-J.jpg
HA8-493-W,GRO,Audi A4,Blanco Perlado,Reposicion,Diego Alvarez Valencia,2018-09-04 03:37:25,HA8-493-W.jpg
HCR-709-F,GRO,Renault Logan,Cafe,Activo,Carolina Beltran Navarro,2020-06-04 06:29:41,HCR-709-F.jpg
HAR-362-V,GRO,BMW 3 Series,Rojo Oscuro,Robado,Raul Plascencia Espinoza,2020-02-01 02:36:50,HAR-362-V.jpg
H3E-118-F,GRO,Jeep Wrangler,Azul,Irregular,Jorge Huerta Ortega,2025-10-02 16:12:59,H3E-118-F.jpg
GZM-916-E,GRO,Chevrolet Cruze,Blanco,Cancelado,David Mora Camacho,2022-08-03 16:34:01,GZM-916-E.jpg
HET-486-H,GRO,Volkswagen Golf,Plateado,Irregular,Jesus Valencia Bravo,2026-05-21 09:51:35,HET-486-H.jpg
H50-532-S,GRO,Fiat Argo,Plateado,Cancelado,Elsa Rodriguez Ramirez,2018-11-23 14:57:28,H50-532-S.jpg
H46-659-T,GRO,Nissan Sentra,Rojo,Irregular,Ricardo Campos Campos,2019-05-27 08:37:35,H46-659-T.jpg
H2W-371-X,GRO,Honda CR-V,Cafe,Baja Temporal,Carolina Dominguez Velazquez,2024-02-22 04:42:43,H2W-371-X.jpg
H2H-139-Y,GRO,Mazda 3,Vino,Robado,Renata Mendoza Vargas,2022-06-04 11:55:02,H2H-139-Y.jpg
H7F-451-B,GRO,Mazda 2,Dorado,Activo,Benjamin Villalobos Orozco,2018-02-06 23:48:36,H7F-451-B.jpg
H7F-351-L,GRO,Fiat Cronos,Negro,Importacion Definitiva,Silvia Zamora Figueroa,2025-10-29 03:23:59,H7F-351-L.jpg
HBH-475-S,GRO,Toyota Yaris,Gris,Robado,Ana Olvera Chavez,2026-04-03 18:29:51,HBH-475-S.jpg
H93-891-E,GRO,Fiat Cronos,Negro,Activo,Valeria Quiroz Silva,2024-12-23 03:39:57,H93-891-E.jpg
H5X-950-D,GRO,Renault Kwid,Verde Oscuro,Activo,Sandra Garcia Dominguez,2020-07-20 07:03:29,H5X-950-D.jpg
H0S-927-N,GRO,Renault Duster,Azul Marino,Homologacion,Antonio Plascencia Velazquez,2023-05-11 20:09:12,H0S-927-N.jpg
H5C-908-M,GRO,Nissan March,Naranja,Activo,Paola Aguilar Urbina,2020-03-06 06:29:44,H5C-908-M.jpg
H1Z-050-Y,GRO,Audi A3,Verde Oscuro,Importacion Temporal,Camila Sandoval Lopez,2025-02-16 22:11:19,H1Z-050-Y.jpg
H06-919-M,GRO,Audi Q5,Plateado,Homologacion,Monica Ramos Garcia,2023-11-11 15:03:14,H06-919-M.jpg
GZN-666-B,GRO,Audi Q5,Amarillo,Remarcaje,Susana Ruiz Vazquez,2024-03-09 16:31:48,GZN-666-B.jpg
H1W-023-K,GRO,Fiat Cronos,Blanco Perlado,Baja Temporal,Juan Salazar Romero,2021-12-04 01:17:41,H1W-023-K.jpg
HFJ-940-B,GRO,Honda HR-V,Rojo,Remarcaje,David Escobar Olvera,2020-05-01 22:03:52,HFJ-940-B.jpg
GZU-772-G,GRO,Jeep Compass,Amarillo,Activo,Cecilia Ramos Fernandez,2021-10-07 02:19:10,GZU-772-G.jpg
H82-684-S,GRO,Mercedes-Benz GLA,Cafe,Remarcaje,Hector Lopez Ramos,2025-11-14 22:58:08,H82-684-S.jpg
HDS-789-Y,GRO,Honda HR-V,Blanco,Recuperado,Antonio Guerrero Beltran,2017-10-03 16:45:34,HDS-789-Y.jpg
HCG-596-C,GRO,Mazda MX-5,Rojo,Activo,Daniel Tapia Perez,2026-01-12 17:39:58,HCG-596-C.jpg
H80-875-F,GRO,Mercedes-Benz C-Class,Gris,Baja Temporal,Rosa Avila Romero,2021-03-26 08:45:31,H80-875-F.jpg
H1A-862-W,GRO,Peugeot 308,Amarillo,En Proceso Legal,Marina Sandoval Montes,2024-04-11 19:59:33,H1A-862-W.jpg
H41-863-X,GRO,Ford Fiesta,Rojo,Activo,Rebeca Suarez Rodriguez,2022-03-30 18:11:14,H41-863-X.jpg
HCT-108-K,GRO,Fiat Argo,Beige,Importacion Temporal,Sebastian Izquierdo Escobar,2024-05-22 03:05:37,HCT-108-K.jpg
H9M-014-D,GRO,BMW 5 Series,Azul Marino,Irregular,Sebastian Mora Luna,2024-12-25 03:31:56,H9M-014-D.jpg
H7J-307-D,GRO,Hyundai Elantra,Vino,Activo,Sergio Correa Huerta,2022-01-09 09:58:29,H7J-307-D.jpg
HEX-561-G,GRO,Toyota Prius,Morado,Importacion Definitiva,Luis Solano Luna,2018-05-30 13:18:48,HEX-561-G.jpg
HA0-555-L,GRO,Toyota Corolla,Negro,Activo,Valeria Perez Suarez,2017-04-26 09:27:30,HA0-555-L.jpg
HBV-124-M,GRO,Chevrolet Spark,Negro,Robado,Marco Romero Urbina,2020-12-06 01:57:20,HBV-124-M.jpg
H1U-080-T,GRO,Ford Fiesta,Vino,Reposicion,Renata Luna Diaz,2024-09-16 01:08:23,H1U-080-T.jpg
H2T-577-P,GRO,BMW X3,Verde Oscuro,Homologacion,Camila Romero Diaz,2017-03-31 14:10:23,H2T-577-P.jpg
H5H-002-A,GRO,Hyundai Elantra,Gris Oscuro,Reposicion,Marisol Valdez Solano,2026-04-26 04:03:51,H5H-002-A.jpg
HF7-870-Y,GRO,Fiat Toro,Naranja,En Proceso Legal,Raul Arroyo Peña,2025-12-12 23:37:02,HF7-870-Y.jpg
HFA-675-G,GRO,Ford Ranger,Gris Oscuro,Remarcaje,Martha Cruz Solano,2020-01-24 23:25:30,HFA-675-G.jpg
H7T-320-V,GRO,Toyota Yaris,Amarillo,Robado,Emilio Leal Alvarez,2018-12-26 09:50:28,H7T-320-V.jpg
H2U-029-U,GRO,Mercedes-Benz A-Class,Morado,Importacion Definitiva,Elias Castillo Zamora,2023-09-27 01:32:18,H2U-029-U.jpg
H7H-560-A,GRO,Renault Duster,Negro,Activo,Victor Rodriguez Dominguez,2022-09-28 19:11:37,H7H-560-A.jpg
H32-161-R,GRO,Mercedes-Benz GLA,Gris,En Proceso Legal,Beatriz Plascencia Mejia,2022-04-07 09:19:29,H32-161-R.jpg
HAD-972-P,GRO,Renault Logan,Amarillo,Reposicion,Isabel Contreras Urbina,2024-12-13 19:47:00,HAD-972-P.jpg
H3V-148-C,GRO,Audi A3,Cafe,Activo,Ana Jimenez Vargas,2020-07-18 04:50:34,H3V-148-C.jpg
HBY-956-L,GRO,Renault Sandero,Gris Oscuro,Activo,Adolfo Montoya Olvera,2024-02-03 23:57:20,HBY-956-L.jpg
H6B-778-M,GRO,Toyota Yaris,Vino,En Proceso Legal,Hector Rosales Estrada,2021-10-29 10:18:10,H6B-778-M.jpg
H6C-888-W,GRO,Chevrolet Cruze,Gris,Cancelado,Ricardo Orozco Sandoval,2024-03-14 18:50:42,H6C-888-W.jpg
HBW-609-A,GRO,Toyota Corolla,Amarillo,Importacion Definitiva,Alejandra Chavez Dominguez,2022-01-03 17:37:26,HBW-609-A.jpg
HA2-579-P,GRO,Ford Fiesta,Blanco,Activo,Sofia Arroyo Mora,2020-08-17 15:36:34,HA2-579-P.jpg
H8H-684-M,GRO,Jeep Wrangler,Plateado,Recuperado,Paola Huerta Perez,2019-01-01 14:11:29,H8H-684-M.jpg
HD7-119-D,GRO,Audi A3,Gris Oscuro,Reposicion,Carlos Estrada Valencia,2026-04-06 10:40:41,HD7-119-D.jpg
HFS-447-X,GRO,Honda Accord,Cafe,En Proceso Legal,Sandra Romero Solano,2017-03-03 14:50:11,HFS-447-X.jpg
H2B-595-F,GRO,Audi Q5,Verde,Baja Definitiva,Lucia Maldonado Huerta,2017-06-30 00:51:32,H2B-595-F.jpg
HC0-810-W,GRO,Hyundai Accent,Verde,Remarcaje,Claudia Sanchez Jimenez,2023-01-19 19:00:15,HC0-810-W.jpg
H6W-270-Y,GRO,Hyundai Tucson,Azul,Recuperado,Yolanda Tovar Montes,2024-08-15 03:47:12,H6W-270-Y.jpg
H1Y-019-V,GRO,Kia Sportage,Vino,Importacion Definitiva,Lorena Suarez Rivera,2021-01-02 17:59:44,H1Y-019-V.jpg
HFC-422-G,GRO,Fiat Cronos,Gris Oscuro,Activo,Norma Maldonado Silva,2017-07-31 12:56:38,HFC-422-G.jpg
H05-992-L,GRO,Hyundai Santa Fe,Verde,Robado,Rocio Zarate Guerrero,2019-05-21 00:18:36,H05-992-L.jpg
H58-083-W,GRO,Hyundai Tucson,Cafe,Reposicion,Yolanda Contreras Castro,2023-12-25 05:11:24,H58-083-W.jpg
HEN-141-G,GRO,Hyundai Elantra,Morado,Remarcaje,Antonio Vargas Romero,2017-10-18 03:12:30,HEN-141-G.jpg
H1N-249-N,GRO,Nissan Sentra,Rojo,En Proceso Legal,Camila Guerrero Urbina,2026-04-21 14:50:47,H1N-249-N.jpg
H0T-352-X,GRO,Fiat Cronos,Verde Oscuro,Robado,Alejandro Figueroa Avila,2017-08-02 19:38:39,H0T-352-X.jpg
H74-365-D,GRO,Chevrolet Spark,Verde Oscuro,En Proceso Legal,Marina Jimenez Figueroa,2021-11-17 03:41:31,H74-365-D.jpg
H1X-524-C,GRO,BMW X5,Morado,En Proceso Legal,Beatriz Valdez Garcia,2024-04-23 03:31:35,H1X-524-C.jpg
H4Z-544-G,GRO,Volkswagen Golf,Blanco,Importacion Definitiva,Rosa Alvarez Figueroa,2018-02-09 13:17:56,H4Z-544-G.jpg
H6E-689-P,GRO,Fiat 500,Blanco,Activo,Fernando Ramos Reyes,2026-04-04 20:15:25,H6E-689-P.jpg
HDU-027-K,GRO,Peugeot 3008,Verde,Activo,Marina Sandoval Mendoza,2021-08-22 01:57:54,HDU-027-K.jpg
HD5-142-F,GRO,Kia Forte,Cafe,Activo,Alejandro Montoya Diaz,2025-03-26 11:24:47,HD5-142-F.jpg
H53-655-B,GRO,Honda HR-V,Verde Oscuro,Cancelado,Renata Castillo Montes,2026-03-29 22:01:30,H53-655-B.jpg
HAN-563-U,GRO,Audi Q5,Vino,Remarcaje,Jose Aguilar Vargas,2021-12-12 09:30:46,HAN-563-U.jpg
H7G-343-Y,GRO,Fiat Toro,Azul Marino,Irregular,Mauricio Martinez Acosta,2021-04-02 15:30:28,H7G-343-Y.jpg
HDE-937-W,GRO,Audi A4,Rojo Oscuro,Activo,Juan De La Cruz Acosta,2025-12-27 08:47:52,HDE-937-W.jpg
H3L-877-C,GRO,Kia Sportage,Beige,Activo,Arturo Plascencia Moya,2020-10-14 05:52:32,H3L-877-C.jpg
HB2-338-H,GRO,Hyundai Tucson,Verde Oscuro,Activo,Maria Salazar Serrano,2022-10-23 16:18:31,HB2-338-H.jpg
H2G-740-W,GRO,Renault Duster,Negro,Irregular,Laura Trejo Rivera,2017-09-15 23:08:03,H2G-740-W.jpg
H05-164-R,GRO,Audi Q3,Blanco Perlado,En Proceso Legal,Fernando Tovar Palacios,2017-09-17 17:43:10,H05-164-R.jpg
H7C-896-D,GRO,Mercedes-Benz A-Class,Gris,Recuperado,Laura Del Valle Arellano,2024-05-22 01:17:08,H7C-896-D.jpg
H8Z-272-W,GRO,Audi Q5,Azul,Activo,Lorena Silva Huerta,2021-03-27 13:49:53,H8Z-272-W.jpg
HB6-346-W,GRO,Toyota Corolla,Vino,Cancelado,Alicia Alvarez Fernandez,2019-06-14 22:13:21,HB6-346-W.jpg
H8M-615-S,GRO,Kia Rio,Azul Marino,Importacion Temporal,Fernando Sepulveda Castillo,2024-10-23 05:20:34,H8M-615-S.jpg
H2Y-176-B,GRO,Kia Sportage,Azul Marino,Activo,Fabiola Herrera Del Valle,2023-02-15 01:13:06,H2Y-176-B.jpg
HC9-276-B,GRO,Jeep Grand Cherokee,Vino,En Proceso Legal,Beatriz Correa Tapia,2024-11-15 13:48:01,HC9-276-B.jpg
H3C-543-A,GRO,Volkswagen Golf,Dorado,Irregular,Marcos Peña Tapia,2021-08-12 11:28:47,H3C-543-A.jpg
H4T-453-T,GRO,Nissan Versa,Cafe,Cancelado,Cecilia Herrera Fernandez,2017-04-28 07:46:56,H4T-453-T.jpg
H0H-454-S,GRO,Chevrolet Beat,Naranja,Baja Definitiva,Sandra Zarate Salazar,2017-01-15 05:30:49,H0H-454-S.jpg
HC1-217-W,GRO,Mercedes-Benz C-Class,Morado,Activo,Alejandro Ruiz Vargas,2017-01-26 23:21:26,HC1-217-W.jpg
HDC-748-L,GRO,BMW 5 Series,Dorado,Reposicion,Eduardo Castillo Del Valle,2025-10-09 14:37:19,HDC-748-L.jpg
HCT-954-E,GRO,Fiat Argo,Plateado,Importacion Temporal,Marcos Ortega Zarate,2024-01-25 12:33:29,HCT-954-E.jpg
H54-784-A,GRO,Chevrolet Spark,Cafe,Cancelado,Renata Pineda Moya,2021-10-14 16:18:30,H54-784-A.jpg
H8X-768-M,GRO,Honda Accord,Naranja,Homologacion,Antonio Arellano Campos,2020-06-04 15:05:09,H8X-768-M.jpg
HD7-792-G,GRO,Renault Kwid,Plateado,Robado,Carmen Mejia Villanueva,2018-12-18 21:50:48,HD7-792-G.jpg
HE9-598-P,GRO,Kia Sportage,Gris Oscuro,Baja Temporal,Monica Correa Morales,2017-07-27 12:14:15,HE9-598-P.jpg
H4A-540-Y,GRO,Renault Logan,Cafe,En Proceso Legal,Yolanda Martinez Montes,2021-12-29 01:53:58,H4A-540-Y.jpg
H17-010-T,GRO,Chevrolet Beat,Amarillo,Activo,Ricardo Zamora Sanchez,2020-06-10 05:30:00,H17-010-T.jpg
HBX-397-A,GRO,Mercedes-Benz C-Class,Verde Oscuro,Cancelado,Guadalupe Camacho Gonzalez,2021-12-08 23:20:38,HBX-397-A.jpg
HA6-094-B,GRO,Chevrolet Beat,Morado,Recuperado,Lucia Torres Correa,2017-05-30 08:53:38,HA6-094-B.jpg
GZT-563-H,GRO,BMW X5,Azul,Cancelado,Miguel Arellano Olvera,2024-12-01 07:15:09,GZT-563-H.jpg
H0T-417-Y,GRO,Mazda 3,Amarillo,Robado,Miguel Valdez Solano,2019-08-13 17:16:53,H0T-417-Y.jpg
H64-628-N,GRO,Chevrolet Aveo,Beige,Recuperado,Ricardo Romero Perez,2020-05-21 05:35:42,H64-628-N.jpg
HEU-078-U,GRO,Mazda 2,Gris,Reposicion,Jesus Camacho Sandoval,2023-04-14 16:48:31,HEU-078-U.jpg
HBJ-143-K,GRO,Kia Sportage,Cafe,Activo,Susana Ortega Juarez,2023-05-16 16:47:24,HBJ-143-K.jpg
H0D-462-F,GRO,Nissan NP300,Cafe,Irregular,Jorge Gonzalez Ramos,2018-07-25 02:35:24,H0D-462-F.jpg
H28-321-A,GRO,Mazda 2,Verde,Cancelado,Yolanda Barajas Diaz,2024-02-09 21:41:00,H28-321-A.jpg
H82-831-N,GRO,Volkswagen Golf,Azul,Remarcaje,Elizabeth Perez Zamora,2018-11-22 09:17:01,H82-831-N.jpg
HES-589-S,GRO,Renault Kwid,Plateado,Homologacion,Renata Medina Reyes,2019-04-26 16:42:15,HES-589-S.jpg
HF9-833-A,GRO,Ford Fiesta,Blanco Perlado,Activo,Emilio Rivera Mendoza,2024-06-06 16:59:19,HF9-833-A.jpg
H81-609-B,GRO,Peugeot 3008,Naranja,Cancelado,Manuel Rios Lopez,2018-08-29 20:22:01,H81-609-B.jpg
H36-084-C,GRO,Volkswagen Amarok,Beige,Robado,Sandra Avila Navarro,2025-09-15 05:15:33,H36-084-C.jpg
H9M-971-M,GRO,Renault Kwid,Verde Oscuro,En Proceso Legal,Armando Rios Izquierdo,2018-10-10 20:07:47,H9M-971-M.jpg
H8A-409-X,GRO,Renault Duster,Gris Oscuro,Recuperado,Regina Soto Rivera,2023-02-18 14:37:29,H8A-409-X.jpg
HEV-889-Y,GRO,Volkswagen Golf,Azul,Cancelado,Yolanda Izquierdo Villanueva,2025-05-20 03:37:57,HEV-889-Y.jpg
HAU-790-E,GRO,Mercedes-Benz A-Class,Azul,Importacion Definitiva,Rocio Correa Fuentes,2018-11-13 17:50:17,HAU-790-E.jpg
HA5-175-Y,GRO,Nissan March,Azul Marino,Activo,Paola Gallegos Quiroz,2021-12-16 23:30:19,HA5-175-Y.jpg
H4Y-073-G,GRO,Audi Q3,Beige,Reposicion,Juan Arellano Huerta,2020-02-14 10:44:18,H4Y-073-G.jpg
HCW-010-X,GRO,Peugeot 308,Plateado,Reposicion,Marcos Hernandez Peña,2018-05-17 07:47:59,HCW-010-X.jpg
H7W-576-L,GRO,BMW X3,Rojo,Recuperado,Sebastian Martinez Soto,2022-11-16 07:13:18,H7W-576-L.jpg
H0B-677-M,GRO,Renault Kwid,Azul Marino,Irregular,Elizabeth Espinoza Carrillo,2024-12-12 09:53:54,H0B-677-M.jpg
HFE-644-K,GRO,Peugeot 5008,Verde,En Proceso Legal,Marisol Delgado Ortega,2017-08-17 05:28:16,HFE-644-K.jpg
H3G-908-T,GRO,Nissan March,Azul Marino,Baja Definitiva,Jose Lopez Fernandez,2018-06-25 22:48:58,H3G-908-T.jpg
H3S-057-B,GRO,Fiat Toro,Azul Marino,Baja Temporal,Martha Chavez Escobar,2025-12-29 18:20:58,H3S-057-B.jpg
H0P-617-D,GRO,Honda HR-V,Azul,Recuperado,Claudia Pacheco Romero,2020-09-04 14:27:13,H0P-617-D.jpg
H2M-600-R,GRO,Peugeot 3008,Dorado,Activo,Rebeca Romero Zarate,2026-03-31 19:22:20,H2M-600-R.jpg
H0E-466-C,GRO,Peugeot 5008,Dorado,Reposicion,Eduardo Diaz Tapia,2026-04-01 16:57:22,H0E-466-C.jpg
H8Z-309-S,GRO,Nissan Sentra,Verde,Importacion Temporal,Sandra Camacho Pineda,2023-05-19 20:13:17,H8Z-309-S.jpg
H5C-173-Y,GRO,Mazda 3,Rojo Oscuro,Activo,Alicia Rios Quiroz,2020-05-02 11:36:36,H5C-173-Y.jpg
HFG-263-J,GRO,Toyota Prius,Azul,Activo,Elizabeth Velazquez Acosta,2023-12-15 14:12:31,HFG-263-J.jpg
H3B-043-P,GRO,Mazda MX-5,Amarillo,Remarcaje,Monica Valencia Velazquez,2024-11-04 22:38:11,H3B-043-P.jpg
H6W-548-U,GRO,Volkswagen Vento,Blanco,Recuperado,Daniel Del Valle Mejia,2022-03-18 16:53:28,H6W-548-U.jpg
H76-209-E,GRO,Nissan Versa,Rojo,Importacion Temporal,Paola Urbina Vargas,2026-04-27 01:49:34,H76-209-E.jpg
H6S-648-A,GRO,BMW X5,Plateado,Cancelado,Daniela Villanueva Villegas,2025-03-29 23:45:29,H6S-648-A.jpg
HAU-162-C,GRO,Honda Accord,Amarillo,Activo,Marisol Diaz Dominguez,2019-03-30 17:49:06,HAU-162-C.jpg
H53-179-E,GRO,Mazda 2,Morado,Remarcaje,Rocio Sepulveda Leal,2017-07-09 15:39:17,H53-179-E.jpg
HFA-006-L,GRO,Nissan NP300,Verde Oscuro,Remarcaje,Rocio Vazquez Quiroz,2023-07-16 02:31:36,HFA-006-L.jpg
HAE-581-G,GRO,Hyundai Tucson,Dorado,Activo,Isabel Ruiz Valdez,2023-04-08 15:14:20,HAE-581-G.jpg
HE2-878-Y,GRO,Peugeot 3008,Azul Marino,Irregular,Jorge Urbina Ruiz,2019-03-05 19:19:47,HE2-878-Y.jpg
H6V-475-Y,GRO,Hyundai Tucson,Azul Marino,Importacion Definitiva,Marisol Sandoval Castillo,2026-01-24 20:50:04,H6V-475-Y.jpg
HA1-067-J,GRO,Jeep Compass,Verde Oscuro,Recuperado,Sebastian Pacheco Pineda,2020-11-12 10:16:08,HA1-067-J.jpg
H29-222-Y,GRO,Kia Rio,Morado,Activo,Felipe Beltran Herrera,2024-06-19 14:56:21,H29-222-Y.jpg
H7L-928-K,GRO,Chevrolet Beat,Plateado,Activo,Patricia Navarro Serrano,2018-01-14 22:06:39,H7L-928-K.jpg
HA7-008-F,GRO,Jeep Grand Cherokee,Amarillo,Irregular,Leticia Ortega Zamora,2020-10-28 14:30:47,HA7-008-F.jpg
HC6-629-X,GRO,Volkswagen Golf,Gris Oscuro,Importacion Temporal,Victor Barajas Rivera,2024-12-07 21:13:17,HC6-629-X.jpg
HFU-394-L,GRO,Jeep Renegade,Verde Oscuro,Reposicion,Carolina Guerrero Fernandez,2020-06-16 10:16:21,HFU-394-L.jpg
H7E-599-F,GRO,Renault Duster,Rojo,Activo,Guadalupe Escobar Mora,2022-11-08 16:20:42,H7E-599-F.jpg
H38-609-V,GRO,Honda HR-V,Blanco Perlado,Cancelado,Jose Leal Rivera,2020-06-24 05:46:39,H38-609-V.jpg
H0G-523-D,GRO,Ford Fusion,Verde Oscuro,Baja Temporal,Ruben Barajas Quintero,2019-09-17 08:19:10,H0G-523-D.jpg
H3W-426-H,GRO,Hyundai Santa Fe,Blanco,Importacion Definitiva,Silvia Fuentes Carrillo,2017-11-16 12:56:00,H3W-426-H.jpg
HEB-427-T,GRO,Renault Logan,Vino,Baja Temporal,Liliana Nieto Silva,2021-07-05 20:54:56,HEB-427-T.jpg
H9B-420-B,GRO,Peugeot 208,Azul Marino,Importacion Definitiva,Antonio Valdez Gutierrez,2024-05-10 16:48:00,H9B-420-B.jpg
H27-528-E,GRO,Nissan Versa,Naranja,Activo,Jesus Palacios Fernandez,2021-01-05 05:56:39,H27-528-E.jpg
HAA-893-A,GRO,Peugeot 308,Naranja,Remarcaje,Mauricio Pacheco Contreras,2024-05-09 07:49:06,HAA-893-A.jpg
HAH-395-Y,GRO,Nissan March,Gris Oscuro,Activo,Benjamin Cabrera Ortega,2024-02-07 22:17:53,HAH-395-Y.jpg
HFC-685-J,GRO,Mercedes-Benz C-Class,Dorado,Activo,Estela Torres Contreras,2021-07-09 23:34:14,HFC-685-J.jpg
HEK-008-R,GRO,Mazda 2,Vino,Activo,Raul Castro Rivera,2025-01-06 01:55:13,HEK-008-R.jpg
HCG-652-R,GRO,Audi Q5,Vino,Reposicion,Silvia Soto Contreras,2017-07-04 16:37:18,HCG-652-R.jpg
H4W-664-U,GRO,Volkswagen Jetta,Cafe,En Proceso Legal,Marcos Izquierdo Cordero,2025-10-25 22:14:13,H4W-664-U.jpg
H46-889-N,GRO,Fiat Toro,Azul Marino,Homologacion,Raul Martinez Cruz,2023-01-04 09:33:53,H46-889-N.jpg
H62-887-X,GRO,Ford Fusion,Rojo,Importacion Definitiva,Fabiola Huerta Perez,2023-10-21 01:18:36,H62-887-X.jpg
H4Y-750-U,GRO,Hyundai Elantra,Azul Marino,Reposicion,Elsa Romero Lopez,2020-08-09 12:20:05,H4Y-750-U.jpg
H1S-127-P,GRO,Nissan March,Naranja,Remarcaje,Roberto Salazar Herrera,2018-11-17 03:37:59,H1S-127-P.jpg
HCU-091-E,GRO,BMW X5,Verde Oscuro,Irregular,Fabiola Perez Arroyo,2024-06-01 15:18:46,HCU-091-E.jpg
H67-248-J,GRO,Peugeot 3008,Verde Oscuro,Activo,Claudia Rivera Dominguez,2022-03-29 01:20:55,H67-248-J.jpg
HAY-334-H,GRO,Hyundai Elantra,Gris Oscuro,Importacion Temporal,Elsa Cabrera Portillo,2017-02-22 01:46:40,HAY-334-H.jpg
H2B-280-C,GRO,Mazda MX-5,Gris Oscuro,Importacion Temporal,Carlos Gonzalez Campos,2026-03-25 14:46:14,H2B-280-C.jpg
H8A-709-W,GRO,Renault Sandero,Gris,Recuperado,Jorge Diaz Barajas,2017-03-14 13:07:11,H8A-709-W.jpg
H2H-267-A,GRO,BMW X5,Dorado,Remarcaje,Sebastian Mendoza Leal,2024-12-27 22:15:13,H2H-267-A.jpg
HF3-355-F,GRO,Hyundai Accent,Dorado,Activo,Sandra Castillo Gutierrez,2018-07-16 12:40:38,HF3-355-F.jpg
GZG-879-N,GRO,Jeep Compass,Rojo,Robado,Ricardo Urbina Gonzalez,2023-03-02 05:00:37,GZG-879-N.jpg
HCF-259-C,GRO,Mazda CX-5,Azul,Homologacion,Elsa Villalobos Delgado,2021-12-24 04:11:34,HCF-259-C.jpg
HBL-640-Y,GRO,Jeep Grand Cherokee,Plateado,Homologacion,Mateo Fernandez Sandoval,2023-09-25 10:42:22,HBL-640-Y.jpg
H9F-760-E,GRO,Mercedes-Benz GLC,Beige,Recuperado,Veronica Escobar Espinoza,2020-07-15 20:17:06,H9F-760-E.jpg
H67-965-T,GRO,Chevrolet Spark,Blanco,Reposicion,Rosa Alvarez Flores,2020-10-09 13:16:56,H67-965-T.jpg
H0T-949-X,GRO,Audi A4,Plateado,Baja Temporal,Veronica Perez Navarro,2018-04-23 17:39:20,H0T-949-X.jpg
HA5-629-A,GRO,Nissan Sentra,Azul,Baja Definitiva,Carolina Castillo Izquierdo,2019-06-11 21:59:38,HA5-629-A.jpg
H3E-590-A,GRO,Audi A3,Rojo,Importacion Definitiva,Oscar Gonzalez De La Cruz,2024-04-04 05:00:17,H3E-590-A.jpg
H72-881-J,GRO,Renault Duster,Negro,Homologacion,Raul Villegas Izquierdo,2018-04-11 02:42:03,H72-881-J.jpg
H9E-730-J,GRO,Renault Kwid,Azul Marino,Homologacion,Camila Sandoval Ruiz,2025-01-13 06:59:56,H9E-730-J.jpg
H2A-907-Y,GRO,BMW 5 Series,Morado,Robado,Renata Herrera Hernandez,2017-05-13 00:09:10,H2A-907-Y.jpg
H7P-121-S,GRO,Ford Focus,Negro,Recuperado,Emilio Perez Torres,2020-04-22 06:30:25,H7P-121-S.jpg
HNT-052-T,HGO,Ford Fiesta,Azul,Recuperado,Ignacio Cordero Valdez,2018-01-26 13:28:28,HNT-052-T.jpg
HMY-927-T,HGO,Renault Logan,Beige,Importacion Temporal,Miguel Escobar Mora,2020-06-14 00:44:55,HMY-927-T.jpg
HL0-139-C,HGO,Audi A3,Rojo Oscuro,Robado,Adolfo Morales Fuentes,2021-10-06 09:16:10,HL0-139-C.jpg
HMM-702-L,HGO,Nissan NP300,Morado,Robado,Beatriz Tovar Fernandez,2025-04-23 09:14:21,HMM-702-L.jpg
HRH-778-V,HGO,Fiat Argo,Plateado,Reposicion,Sebastian Estrada Quintero,2019-11-26 11:13:19,HRH-778-V.jpg
HH6-267-H,HGO,Renault Duster,Azul Marino,Activo,Maria Mendoza Ramirez,2018-05-08 01:56:20,HH6-267-H.jpg
HGV-642-B,HGO,Peugeot 208,Naranja,En Proceso Legal,Daniel Ruiz Quiroz,2020-05-31 21:25:00,HGV-642-B.jpg
HN6-294-H,HGO,Audi A3,Morado,Cancelado,Cristian Maldonado Valdez,2024-05-24 15:11:47,HN6-294-H.jpg
HLK-035-W,HGO,Mazda CX-5,Blanco,Homologacion,Daniela Escobar Cruz,2022-04-05 01:31:51,HLK-035-W.jpg
HMD-306-W,HGO,Audi Q5,Blanco,Activo,Raul Juarez Suarez,2025-05-04 05:22:06,HMD-306-W.jpg
HL5-098-N,HGO,Kia Sportage,Rojo,Recuperado,Diego Medina Aguilar,2021-04-05 23:40:54,HL5-098-N.jpg
HGF-172-P,HGO,Chevrolet Spark,Rojo,Activo,Manuel Alvarez Avila,2019-03-29 06:11:10,HGF-172-P.jpg
HGX-331-T,HGO,Renault Logan,Blanco Perlado,Importacion Temporal,Oscar Alvarez Martinez,2021-01-02 08:01:43,HGX-331-T.jpg
HRG-987-P,HGO,Mazda CX-5,Beige,Activo,Martha Trejo Jimenez,2026-01-04 01:55:48,HRG-987-P.jpg
HRE-348-S,HGO,Toyota Corolla,Cafe,Recuperado,Victor Salazar Fuentes,2021-09-22 03:39:51,HRE-348-S.jpg
HJA-955-V,HGO,Ford Fiesta,Gris,Activo,Laura Olvera Montes,2025-08-08 18:18:51,HJA-955-V.jpg
HGC-010-T,HGO,Mazda 3,Plateado,Activo,Alejandro Salazar Jimenez,2017-12-13 14:15:52,HGC-010-T.jpg
HMT-977-J,HGO,Honda Accord,Rojo Oscuro,Activo,Jorge Cordero Cruz,2024-11-12 07:38:57,HMT-977-J.jpg
HPL-587-L,HGO,Audi A3,Dorado,Baja Temporal,Gabriela Acosta Zamora,2021-10-24 03:51:31,HPL-587-L.jpg
HRK-414-W,HGO,Fiat Toro,Cafe,Homologacion,Sergio Arroyo Leal,2021-10-05 04:16:53,HRK-414-W.jpg
HR2-582-T,HGO,Nissan NP300,Rojo Oscuro,Importacion Definitiva,Camila Rivera Garcia,2021-04-14 07:28:51,HR2-582-T.jpg
HJM-992-U,HGO,Kia Forte,Vino,Remarcaje,Liliana Espinoza Ramirez,2019-06-22 03:07:05,HJM-992-U.jpg
HNX-518-M,HGO,Volkswagen Golf,Amarillo,En Proceso Legal,Regina Suarez Sepulveda,2021-01-29 02:24:03,HNX-518-M.jpg
HK8-639-Y,HGO,Peugeot 308,Rojo Oscuro,Baja Definitiva,Alejandra Hernandez Castillo,2025-07-05 20:14:47,HK8-639-Y.jpg
HHY-242-B,HGO,Audi A4,Rojo Oscuro,Irregular,Diego Pacheco Torres,2025-01-05 14:35:28,HHY-242-B.jpg
HP8-741-F,HGO,Volkswagen Golf,Naranja,Baja Temporal,Sofia Zarate Juarez,2018-01-13 19:45:25,HP8-741-F.jpg
HM9-439-T,HGO,Ford Focus,Blanco,Activo,Felipe Tapia Ramos,2020-05-09 12:09:32,HM9-439-T.jpg
HGR-730-U,HGO,Fiat Cronos,Plateado,Recuperado,Jesus Beltran Alvarez,2020-10-04 23:45:33,HGR-730-U.jpg
HK5-853-H,HGO,Peugeot 3008,Negro,Robado,Claudia Arroyo Tovar,2023-12-03 22:58:15,HK5-853-H.jpg
HRW-044-H,HGO,Audi Q3,Azul,Homologacion,Alberto Chavez Suarez,2017-02-01 00:19:53,HRW-044-H.jpg
HJT-233-G,HGO,Mazda CX-5,Blanco,Recuperado,Javier Alvarez Villegas,2019-04-02 15:37:10,HJT-233-G.jpg
HGS-426-V,HGO,Fiat Argo,Plateado,Recuperado,Sergio Arellano Vargas,2023-12-20 15:23:16,HGS-426-V.jpg
HML-803-C,HGO,BMW X5,Beige,Activo,Teresa Moya Perez,2022-09-06 11:29:18,HML-803-C.jpg
HMK-819-P,HGO,Renault Duster,Gris Oscuro,Activo,Monica Morales Rodriguez,2025-12-14 21:46:48,HMK-819-P.jpg
HGB-698-U,HGO,Kia Rio,Cafe,Activo,Victor Nieto Beltran,2020-06-01 12:06:39,HGB-698-U.jpg
HH5-945-R,HGO,Mazda MX-5,Azul,Importacion Temporal,Maria Hernandez Izquierdo,2020-02-12 03:05:31,HH5-945-R.jpg
HJT-431-A,HGO,Volkswagen Amarok,Gris,Importacion Temporal,Noe Valdez Gutierrez,2019-12-01 11:06:41,HJT-431-A.jpg
HMR-796-C,HGO,Renault Logan,Morado,Remarcaje,Carmen Arroyo Gonzalez,2017-01-31 03:38:22,HMR-796-C.jpg
HRJ-304-Z,HGO,Renault Duster,Vino,Activo,Jorge Martinez Tovar,2017-05-21 03:01:11,HRJ-304-Z.jpg
HKF-874-N,HGO,Fiat Argo,Naranja,Activo,Eduardo Diaz Huerta,2025-03-25 12:20:16,HKF-874-N.jpg
HGT-433-H,HGO,Peugeot 308,Vino,Activo,Renata Quintero Trejo,2021-11-19 10:12:40,HGT-433-H.jpg
HRP-840-K,HGO,BMW 3 Series,Cafe,Remarcaje,Lorena Suarez Flores,2023-03-04 15:38:51,HRP-840-K.jpg
HPM-295-E,HGO,Ford Ranger,Blanco,Activo,Rebeca Romero Cervantes,2021-04-30 12:44:56,HPM-295-E.jpg
HRF-663-Z,HGO,Jeep Renegade,Azul,Activo,Raul Orozco Rosales,2020-04-18 12:50:12,HRF-663-Z.jpg
HNF-255-H,HGO,Fiat 500,Blanco Perlado,Activo,Victor Rosales Perez,2024-09-26 23:08:21,HNF-255-H.jpg
HMH-079-L,HGO,Fiat 500,Gris,Robado,Felipe Quintero Jimenez,2021-03-27 06:46:43,HMH-079-L.jpg
HH8-977-A,HGO,Chevrolet Aveo,Blanco Perlado,Importacion Temporal,Alberto Castro Contreras,2025-10-04 20:06:10,HH8-977-A.jpg
HP7-837-M,HGO,Peugeot 3008,Morado,En Proceso Legal,Yolanda Sandoval Solano,2024-05-03 01:09:26,HP7-837-M.jpg
HPD-960-E,HGO,Mercedes-Benz C-Class,Morado,Robado,Jesus Urbina Maldonado,2025-01-14 20:38:27,HPD-960-E.jpg
HNA-232-Y,HGO,Jeep Compass,Rojo,Reposicion,Ernesto Alvarez Solano,2019-01-14 02:48:50,HNA-232-Y.jpg
HGZ-148-B,HGO,Nissan Versa,Verde Oscuro,Importacion Definitiva,Angela Ramos Hernandez,2026-02-28 05:34:49,HGZ-148-B.jpg
HGY-837-P,HGO,Renault Duster,Vino,Activo,Rebeca Torres Camacho,2017-11-23 23:19:57,HGY-837-P.jpg
HLF-348-U,HGO,Audi Q3,Verde,Baja Temporal,Roberto Plascencia Ramos,2021-02-10 22:00:55,HLF-348-U.jpg
HLL-022-F,HGO,BMW X5,Morado,Activo,Raul Jimenez Salazar,2025-11-17 11:36:45,HLL-022-F.jpg
HR8-057-E,HGO,BMW 3 Series,Azul,Baja Definitiva,Estela Castro Zamora,2018-05-15 02:39:38,HR8-057-E.jpg
HMX-950-Y,HGO,Honda HR-V,Azul Marino,Activo,Noe Lopez Aguilar,2021-09-21 05:22:08,HMX-950-Y.jpg
HNJ-625-W,HGO,BMW X3,Verde,Activo,Jorge Estrada Diaz,2017-07-02 13:51:07,HNJ-625-W.jpg
HHT-546-C,HGO,Ford Fusion,Negro,Reposicion,Norma Cordero Luna,2025-11-26 01:29:52,HHT-546-C.jpg
HM3-543-C,HGO,Honda HR-V,Blanco Perlado,Activo,Angela Sanchez Villalobos,2025-04-05 19:32:44,HM3-543-C.jpg
HP5-210-J,HGO,BMW X5,Morado,Baja Temporal,Alberto Juarez Silva,2019-06-23 10:47:25,HP5-210-J.jpg
HJ7-648-W,HGO,BMW X5,Plateado,Remarcaje,Emilio Acosta Vargas,2018-12-22 21:15:33,HJ7-648-W.jpg
HN0-396-G,HGO,Renault Duster,Blanco Perlado,Recuperado,Roberto De La Cruz Urbina,2020-11-09 08:23:26,HN0-396-G.jpg
HM5-412-R,HGO,Audi Q5,Gris Oscuro,Activo,Juan Rivera Garcia,2024-04-07 15:39:34,HM5-412-R.jpg
HPZ-708-E,HGO,Jeep Wrangler,Blanco,Cancelado,Leticia Montes Silva,2019-12-12 03:05:19,HPZ-708-E.jpg
HPJ-883-W,HGO,BMW 5 Series,Gris Oscuro,Activo,Ignacio Fuentes Reyes,2018-06-13 05:29:12,HPJ-883-W.jpg
HJ5-813-W,HGO,Ford Ranger,Azul,Baja Definitiva,Oscar Soto Velazquez,2018-04-29 03:30:32,HJ5-813-W.jpg
HJZ-163-G,HGO,Jeep Wrangler,Azul,Robado,Liliana Palacios Juarez,2019-04-09 08:30:02,HJZ-163-G.jpg
HMN-742-E,HGO,Peugeot 308,Verde,Importacion Temporal,Sebastian Gutierrez Soto,2021-02-12 05:19:29,HMN-742-E.jpg
HKY-702-K,HGO,Fiat Cronos,Beige,Activo,David Quiroz Perez,2018-02-05 04:55:15,HKY-702-K.jpg
HM1-605-J,HGO,Fiat 500,Rojo,Importacion Definitiva,Martha Barajas Juarez,2025-03-11 21:57:00,HM1-605-J.jpg
HM0-201-X,HGO,Jeep Renegade,Vino,Activo,Carolina Aguilar Valencia,2025-04-26 21:08:37,HM0-201-X.jpg
HGL-185-E,HGO,Hyundai Tucson,Amarillo,Activo,Ana Luna Rodriguez,2022-11-09 18:18:13,HGL-185-E.jpg
HNX-098-K,HGO,Audi A4,Dorado,Baja Temporal,Carlos Izquierdo Ruiz,2023-10-15 12:13:03,HNX-098-K.jpg
HHU-334-D,HGO,Volkswagen Jetta,Gris Oscuro,Remarcaje,Benjamin Ramos Cordero,2021-01-01 06:06:30,HHU-334-D.jpg
HN6-828-N,HGO,Hyundai Elantra,Dorado,Importacion Definitiva,Eduardo Carrillo Villegas,2018-11-08 04:28:44,HN6-828-N.jpg
HJU-174-F,HGO,Volkswagen Golf,Vino,Importacion Definitiva,Regina Ramirez Plascencia,2018-01-01 02:57:30,HJU-174-F.jpg
HKN-910-R,HGO,BMW X3,Naranja,Importacion Definitiva,Sofia Esquivel Orozco,2017-08-23 08:04:29,HKN-910-R.jpg
HGE-248-V,HGO,Honda Accord,Beige,Irregular,Alejandra Zarate Gallegos,2018-08-29 03:58:11,HGE-248-V.jpg
HLV-187-Z,HGO,Jeep Wrangler,Verde Oscuro,Importacion Temporal,Marina Moya Palacios,2020-09-24 06:37:57,HLV-187-Z.jpg
HLG-581-J,HGO,Nissan NP300,Blanco,Recuperado,Claudia Solano Velazquez,2019-02-24 00:25:45,HLG-581-J.jpg
HK5-047-R,HGO,Mazda 2,Verde,Baja Temporal,Renata Tovar Villegas,2025-01-15 02:34:16,HK5-047-R.jpg
HJV-819-X,HGO,Audi A4,Blanco Perlado,Baja Definitiva,Adolfo Rivera Camacho,2025-08-08 13:26:13,HJV-819-X.jpg
HML-535-D,HGO,Toyota Corolla,Beige,Baja Temporal,Eduardo Carrillo Torres,2021-08-01 00:11:58,HML-535-D.jpg
HGC-290-L,HGO,Nissan NP300,Azul Marino,En Proceso Legal,Jesus Palacios Mendoza,2020-08-01 00:36:54,HGC-290-L.jpg
HM2-634-M,HGO,Renault Sandero,Blanco Perlado,Baja Temporal,Isabel Barajas Portillo,2022-02-10 22:51:05,HM2-634-M.jpg
HJU-786-Z,HGO,Nissan March,Gris,Robado,Fabiola Avila Pacheco,2024-07-25 06:58:59,HJU-786-Z.jpg
HM7-864-X,HGO,Volkswagen Jetta,Gris Oscuro,Cancelado,Ricardo Ramos Rodriguez,2017-08-26 18:42:48,HM7-864-X.jpg
HNC-774-K,HGO,Nissan Versa,Azul Marino,Recuperado,Silvia Peña Tovar,2017-06-24 15:10:35,HNC-774-K.jpg
HNW-376-P,HGO,Renault Kwid,Azul Marino,Activo,Fernando Esquivel Gonzalez,2025-05-29 12:29:19,HNW-376-P.jpg
HPY-588-J,HGO,Chevrolet Beat,Plateado,Cancelado,Luis Avila Pineda,2023-07-23 08:23:36,HPY-588-J.jpg
HHF-226-M,HGO,Peugeot 308,Beige,Baja Temporal,Eduardo Arroyo Espinoza,2017-09-19 11:16:03,HHF-226-M.jpg
HPK-490-E,HGO,Fiat Cronos,Gris,Homologacion,Miguel Cabrera Soto,2025-02-07 20:44:31,HPK-490-E.jpg
HJY-377-H,HGO,BMW 3 Series,Rojo,Baja Definitiva,Ana Torres Ramirez,2020-06-10 17:26:48,HJY-377-H.jpg
HNC-710-A,HGO,Fiat Cronos,Rojo,Recuperado,Norma Moya Castillo,2021-04-17 10:51:36,HNC-710-A.jpg
HND-496-S,HGO,Jeep Grand Cherokee,Verde,Irregular,Guadalupe Rios Romero,2022-11-26 15:58:51,HND-496-S.jpg
HP0-640-J,HGO,Renault Logan,Rojo Oscuro,Activo,Renata Carrillo Aguilar,2020-12-26 23:57:33,HP0-640-J.jpg
HMU-354-Y,HGO,Chevrolet Cruze,Plateado,Activo,Elias Zamora Montes,2017-01-07 19:03:28,HMU-354-Y.jpg
HLW-894-E,HGO,Nissan NP300,Blanco,Remarcaje,Antonio Reyes Aguilar,2017-03-19 21:51:31,HLW-894-E.jpg
HJ1-879-G,HGO,Renault Sandero,Naranja,Activo,German Gonzalez Valencia,2018-12-01 06:27:46,HJ1-879-G.jpg
HKN-608-N,HGO,BMW 5 Series,Verde Oscuro,Irregular,Sergio Avila Camacho,2024-10-11 04:16:10,HKN-608-N.jpg
HPP-993-P,HGO,Honda CR-V,Azul Marino,Importacion Definitiva,Mateo Lopez Solano,2017-11-03 04:45:47,HPP-993-P.jpg
HLX-234-J,HGO,Kia Rio,Vino,Baja Definitiva,Beatriz Fuentes Sandoval,2019-12-15 04:35:15,HLX-234-J.jpg
HK2-460-S,HGO,Jeep Renegade,Azul,Activo,Teresa Herrera Zamora,2023-02-26 20:27:51,HK2-460-S.jpg
HJZ-290-W,HGO,Ford Fiesta,Plateado,Baja Definitiva,Elizabeth Quiroz Estrada,2019-07-05 06:33:36,HJZ-290-W.jpg
HPN-026-Y,HGO,Chevrolet Spark,Blanco Perlado,Activo,Liliana Morales Rivera,2026-02-17 11:30:03,HPN-026-Y.jpg
HK8-424-J,HGO,Mercedes-Benz C-Class,Negro,Baja Temporal,Armando Juarez Reyes,2018-04-20 09:44:03,HK8-424-J.jpg
HH7-159-D,HGO,Jeep Compass,Plateado,Activo,Alejandra Zarate Arellano,2024-05-12 03:39:41,HH7-159-D.jpg
HL8-022-B,HGO,Toyota Yaris,Azul,Activo,Luis Ruiz Escobar,2019-03-29 03:49:52,HL8-022-B.jpg
HPL-041-K,HGO,Mercedes-Benz GLA,Morado,Activo,Guadalupe Tapia Morales,2022-11-02 20:06:02,HPL-041-K.jpg
HPA-704-F,HGO,Hyundai Santa Fe,Beige,Importacion Definitiva,Juan Medina Zamora,2017-07-04 12:29:46,HPA-704-F.jpg
HNF-317-R,HGO,Nissan Versa,Verde,Activo,Guadalupe Moya Solano,2025-03-25 21:09:42,HNF-317-R.jpg
HRC-441-N,HGO,Jeep Renegade,Dorado,Irregular,Regina Rosales Gallegos,2018-05-12 08:26:18,HRC-441-N.jpg
HNT-197-H,HGO,Nissan Versa,Gris,Homologacion,David Fuentes Huerta,2025-10-19 09:31:14,HNT-197-H.jpg
HGX-200-P,HGO,Renault Duster,Amarillo,Activo,Daniel Sanchez Palacios,2020-08-16 08:34:44,HGX-200-P.jpg
HKT-338-T,HGO,Ford Fusion,Gris Oscuro,Reposicion,Victor Salazar Del Valle,2021-07-04 04:39:16,HKT-338-T.jpg
HM9-588-Y,HGO,Honda Accord,Negro,Irregular,Armando Torres Correa,2024-10-04 23:36:13,HM9-588-Y.jpg
HL4-321-R,HGO,Hyundai Elantra,Amarillo,Cancelado,Guillermo Tapia Zarate,2021-03-19 15:39:15,HL4-321-R.jpg
HMN-080-B,HGO,Fiat Toro,Negro,Activo,Liliana Morales Bravo,2021-09-29 01:42:35,HMN-080-B.jpg
HGX-216-T,HGO,Jeep Compass,Gris,Irregular,Andres Ortega Montes,2025-12-19 16:32:52,HGX-216-T.jpg
HM2-919-U,HGO,Fiat Argo,Beige,Irregular,Cristian Solano Mendoza,2017-05-14 22:35:01,HM2-919-U.jpg
HKJ-449-B,HGO,Audi Q3,Cafe,Importacion Temporal,Estela Villalobos Salazar,2019-06-18 11:53:46,HKJ-449-B.jpg
HHS-998-X,HGO,Ford Fiesta,Rojo Oscuro,Activo,Ana Olvera Rivera,2025-06-26 00:32:44,HHS-998-X.jpg
HHL-666-K,HGO,Mercedes-Benz A-Class,Dorado,Robado,Jose Delgado Castillo,2023-09-26 12:17:16,HHL-666-K.jpg
HJ8-432-F,HGO,Mercedes-Benz GLC,Blanco Perlado,Homologacion,Ruben Pineda Pineda,2018-11-02 07:47:11,HJ8-432-F.jpg
HKD-699-B,HGO,Peugeot 308,Rojo Oscuro,Remarcaje,Jesus Herrera Lopez,2025-11-07 00:40:47,HKD-699-B.jpg
HLY-553-A,HGO,Nissan Versa,Azul Marino,En Proceso Legal,Martha Ortega Carrillo,2018-01-08 06:01:49,HLY-553-A.jpg
HRA-151-L,HGO,Mercedes-Benz GLC,Cafe,Reposicion,Ernesto Delgado Villalobos,2025-04-11 10:37:49,HRA-151-L.jpg
HPE-367-H,HGO,Peugeot 208,Plateado,Baja Definitiva,Patricia Mendoza Figueroa,2018-05-20 10:21:14,HPE-367-H.jpg
HJF-874-C,HGO,Toyota Hilux,Gris,Reposicion,Ruben Navarro Rosales,2023-11-09 04:04:53,HJF-874-C.jpg
HJ3-337-D,HGO,Ford Fusion,Vino,Baja Definitiva,Patricia Garcia Medina,2026-04-23 21:58:27,HJ3-337-D.jpg
HR7-871-D,HGO,Audi Q3,Azul Marino,Homologacion,Ricardo Estrada Zarate,2017-04-01 05:48:41,HR7-871-D.jpg
HRR-928-R,HGO,Audi Q3,Verde Oscuro,Reposicion,Carmen Ramirez Camacho,2022-05-16 20:22:05,HRR-928-R.jpg
HLK-041-K,HGO,Kia Sorento,Negro,Importacion Temporal,Lucia Medina Zamora,2022-05-02 22:48:51,HLK-041-K.jpg
HH8-865-R,HGO,Ford Fiesta,Beige,Homologacion,Mateo Ramirez Mora,2020-10-12 10:05:19,HH8-865-R.jpg
HJ4-998-R,HGO,Peugeot 3008,Amarillo,Robado,Elsa Romero Zamora,2020-02-26 07:16:37,HJ4-998-R.jpg
HPJ-478-X,HGO,Ford Ranger,Morado,Homologacion,Jorge Montes Flores,2018-06-03 01:57:23,HPJ-478-X.jpg
HJD-781-X,HGO,Nissan Sentra,Plateado,En Proceso Legal,Roberto Luna Pineda,2024-01-18 13:09:54,HJD-781-X.jpg
HKR-529-A,HGO,Mazda 3,Dorado,Activo,Hector Suarez Mejia,2019-12-23 07:15:00,HKR-529-A.jpg
HLF-916-Y,HGO,BMW X3,Beige,Importacion Definitiva,Norma Garcia Orozco,2022-03-30 20:41:34,HLF-916-Y.jpg
HGP-204-U,HGO,Renault Kwid,Verde Oscuro,Baja Temporal,Marina Romero Jimenez,2023-09-07 01:04:26,HGP-204-U.jpg
HMJ-207-V,HGO,Ford Fiesta,Verde,Homologacion,Camila Lopez Silva,2024-02-04 01:48:50,HMJ-207-V.jpg
HNT-794-F,HGO,Audi Q5,Azul,Activo,Lorena Olvera Suarez,2024-08-12 16:59:46,HNT-794-F.jpg
HM8-239-D,HGO,Nissan Versa,Azul,Baja Definitiva,Marcos Romero Cervantes,2021-11-11 08:17:43,HM8-239-D.jpg
HM4-895-K,HGO,Chevrolet Cruze,Dorado,Irregular,Leticia Rosales Urbina,2024-11-23 20:41:37,HM4-895-K.jpg
HH9-516-Y,HGO,Peugeot 3008,Rojo Oscuro,En Proceso Legal,Julieta Pacheco Medina,2017-01-27 23:51:51,HH9-516-Y.jpg
HJH-611-Y,HGO,Mercedes-Benz GLA,Cafe,Activo,Cristian Escobar Plascencia,2025-06-08 07:01:14,HJH-611-Y.jpg
HJG-811-R,HGO,Peugeot 5008,Beige,Recuperado,Alejandro Ramos Villalobos,2022-04-17 07:27:06,HJG-811-R.jpg
HNA-311-F,HGO,Fiat Argo,Rojo,Activo,Leticia Correa Cordero,2024-08-19 18:49:41,HNA-311-F.jpg
HH2-052-W,HGO,Audi A4,Blanco Perlado,Importacion Definitiva,Felipe Avila Rios,2022-11-07 00:42:46,HH2-052-W.jpg
HMC-206-G,HGO,Volkswagen Jetta,Negro,Activo,Ruben Vazquez Salazar,2025-09-11 00:48:57,HMC-206-G.jpg
HHS-942-K,HGO,Audi A4,Azul,Remarcaje,Guadalupe De La Cruz Montoya,2019-08-16 11:30:31,HHS-942-K.jpg
HN2-742-V,HGO,Jeep Compass,Negro,Importacion Definitiva,Mateo Solano Ramirez,2018-07-27 12:44:52,HN2-742-V.jpg
HH2-635-U,HGO,Peugeot 5008,Naranja,Activo,Liliana Trejo Pineda,2020-10-02 13:10:59,HH2-635-U.jpg
HRS-762-Z,HGO,Mazda 3,Rojo Oscuro,Activo,Juan Quiroz Martinez,2025-05-01 18:06:24,HRS-762-Z.jpg
HKZ-760-K,HGO,Renault Duster,Negro,Baja Definitiva,Guadalupe Perez Mora,2025-05-30 13:26:30,HKZ-760-K.jpg
HHD-155-L,HGO,Ford Ranger,Rojo Oscuro,Baja Definitiva,Gabriela Montes Juarez,2026-01-23 20:33:28,HHD-155-L.jpg
HMD-779-J,HGO,Hyundai Elantra,Gris Oscuro,Activo,David Sanchez Acosta,2026-04-07 13:17:29,HMD-779-J.jpg
HR9-973-D,HGO,Ford Fusion,Gris,Importacion Temporal,Jorge Fuentes Soto,2020-07-12 14:03:52,HR9-973-D.jpg
HL8-184-U,HGO,Jeep Grand Cherokee,Azul,Cancelado,Miguel Ortega Tovar,2026-01-11 18:08:35,HL8-184-U.jpg
HH5-869-Y,HGO,Mercedes-Benz C-Class,Cafe,Irregular,Fernando Diaz Trejo,2022-05-30 05:48:05,HH5-869-Y.jpg
HGJ-381-E,HGO,Peugeot 5008,Beige,En Proceso Legal,Emilio Figueroa Ortega,2021-02-24 08:00:23,HGJ-381-E.jpg
HMY-007-W,HGO,BMW 5 Series,Cafe,Cancelado,Fabiola Montes Sanchez,2024-03-28 22:07:48,HMY-007-W.jpg
HNC-011-U,HGO,Renault Duster,Blanco Perlado,En Proceso Legal,Alberto Cabrera Camacho,2021-08-16 18:46:39,HNC-011-U.jpg
HMF-269-L,HGO,Renault Sandero,Verde,Baja Definitiva,Elias Olvera Quiroz,2022-07-07 20:49:28,HMF-269-L.jpg
HLN-495-C,HGO,Volkswagen Golf,Azul Marino,Homologacion,Norma Villegas Diaz,2017-10-19 16:19:39,HLN-495-C.jpg
HJG-387-G,HGO,Mercedes-Benz GLA,Vino,Baja Definitiva,Mauricio Torres Quiroz,2024-03-13 23:21:22,HJG-387-G.jpg
HP1-476-M,HGO,Peugeot 208,Blanco Perlado,Activo,Guadalupe Orozco Cruz,2020-12-02 13:52:27,HP1-476-M.jpg
HPB-429-R,HGO,BMW X5,Beige,En Proceso Legal,Ignacio Villalobos Gutierrez,2023-03-20 19:45:46,HPB-429-R.jpg
HLW-475-N,HGO,BMW 3 Series,Cafe,Irregular,Regina Mendoza Cordero,2023-11-07 01:03:40,HLW-475-N.jpg
HRK-591-N,HGO,Nissan Versa,Gris Oscuro,Importacion Definitiva,Ana Rivera Villalobos,2017-12-12 16:01:15,HRK-591-N.jpg
HND-939-X,HGO,Audi A4,Verde,Homologacion,Angela Cervantes Suarez,2025-05-16 22:18:28,HND-939-X.jpg
HR5-344-A,HGO,Mercedes-Benz GLA,Azul Marino,Importacion Definitiva,Alberto Cabrera Sanchez,2018-08-14 06:06:50,HR5-344-A.jpg
HML-621-E,HGO,Mazda CX-5,Vino,Importacion Definitiva,Salvador Figueroa Ramirez,2017-12-16 16:42:01,HML-621-E.jpg
HPM-200-A,HGO,Honda Accord,Cafe,Baja Definitiva,Andres Peña Villalobos,2019-10-30 20:44:21,HPM-200-A.jpg
HKK-797-E,HGO,Kia Rio,Naranja,Activo,Carmen Cervantes Alvarez,2019-12-24 21:30:55,HKK-797-E.jpg
HMS-618-M,HGO,Kia Sportage,Dorado,Activo,Gabriela Palacios Quintero,2018-03-16 15:22:40,HMS-618-M.jpg
HR7-602-T,HGO,Peugeot 208,Verde,Activo,Guadalupe Valencia Lopez,2025-05-20 21:37:09,HR7-602-T.jpg
HP0-680-J,HGO,Jeep Renegade,Naranja,Irregular,Renata Izquierdo Bravo,2021-10-29 20:25:40,HP0-680-J.jpg
HP6-224-X,HGO,Nissan Versa,Beige,Irregular,Lucia Medina Lopez,2022-12-14 14:11:25,HP6-224-X.jpg
HGT-936-Y,HGO,Ford Ranger,Verde,Importacion Definitiva,Rosa Estrada Huerta,2017-04-27 04:21:44,HGT-936-Y.jpg
HRE-182-X,HGO,Audi Q3,Blanco,Remarcaje,Alberto Arroyo Perez,2025-05-13 21:37:43,HRE-182-X.jpg
HNJ-530-U,HGO,Kia Sportage,Verde,Remarcaje,Diego Moya Juarez,2022-04-10 20:28:59,HNJ-530-U.jpg
HLL-908-H,HGO,Audi Q3,Gris Oscuro,Cancelado,Carmen Trejo Fernandez,2026-01-03 15:55:08,HLL-908-H.jpg
HPF-076-K,HGO,Renault Logan,Cafe,Activo,Raul Cervantes Gutierrez,2020-01-18 19:37:51,HPF-076-K.jpg
HP4-022-B,HGO,Honda CR-V,Vino,Activo,Arturo Portillo Pineda,2023-01-11 18:34:13,HP4-022-B.jpg
HRB-959-Y,HGO,Peugeot 5008,Negro,Activo,Luis Lopez Orozco,2026-05-27 14:32:58,HRB-959-Y.jpg
HR2-364-A,HGO,BMW 5 Series,Blanco Perlado,Cancelado,Susana Camacho Ruiz,2026-04-29 23:51:31,HR2-364-A.jpg
HNB-567-J,HGO,Ford Fiesta,Beige,Baja Definitiva,Beatriz Mendoza Esquivel,2025-08-27 14:57:51,HNB-567-J.jpg
HKJ-995-S,HGO,Kia Forte,Cafe,Activo,Elizabeth Valencia Trejo,2019-08-08 06:49:59,HKJ-995-S.jpg
HKL-006-V,HGO,Honda CR-V,Verde Oscuro,En Proceso Legal,Sebastian Portillo Portillo,2020-06-30 16:29:08,HKL-006-V.jpg
HP6-294-B,HGO,Mercedes-Benz C-Class,Blanco Perlado,Remarcaje,Rocio Reyes Aguilar,2025-04-16 02:21:36,HP6-294-B.jpg
HM1-661-A,HGO,Peugeot 208,Rojo Oscuro,Homologacion,Hector Plascencia Quintero,2024-06-07 11:26:28,HM1-661-A.jpg
HHD-048-W,HGO,Honda CR-V,Verde,Importacion Definitiva,Alberto Gallegos Acosta,2020-12-07 13:43:43,HHD-048-W.jpg
HMR-646-K,HGO,Audi Q5,Rojo Oscuro,Baja Definitiva,Emilio Castro Maldonado,2020-04-02 22:08:18,HMR-646-K.jpg
HHC-919-N,HGO,Jeep Wrangler,Beige,Importacion Temporal,Sergio Del Valle Tapia,2020-07-13 08:39:53,HHC-919-N.jpg
HPH-327-E,HGO,Mazda MX-5,Gris Oscuro,Baja Temporal,Felipe Castro Palacios,2017-07-01 03:42:48,HPH-327-E.jpg
HNC-442-A,HGO,Hyundai Accent,Negro,Importacion Definitiva,Beatriz Barajas Huerta,2024-05-08 19:04:06,HNC-442-A.jpg
HK3-198-T,HGO,Hyundai Elantra,Verde,Cancelado,German Sandoval Gallegos,2019-05-27 09:32:46,HK3-198-T.jpg
HJL-513-K,HGO,Hyundai Santa Fe,Negro,Irregular,Susana Plascencia Barajas,2025-03-19 17:17:09,HJL-513-K.jpg
HR9-612-N,HGO,Mercedes-Benz C-Class,Vino,Activo,Patricia Cruz Silva,2019-06-06 12:17:15,HR9-612-N.jpg
HGK-086-M,HGO,Mercedes-Benz A-Class,Verde,Baja Definitiva,Marina Cervantes Portillo,2019-12-31 18:18:01,HGK-086-M.jpg
HHD-839-C,HGO,Fiat Toro,Naranja,En Proceso Legal,Mauricio Plascencia Moya,2023-10-17 20:04:33,HHD-839-C.jpg
HMD-647-Y,HGO,Hyundai Elantra,Naranja,Baja Temporal,Marcos Medina Serrano,2022-06-11 18:36:36,HMD-647-Y.jpg
HHD-440-F,HGO,BMW 3 Series,Vino,Recuperado,Victor Jimenez Flores,2025-05-16 11:33:45,HHD-440-F.jpg
HP8-004-Y,HGO,Audi A4,Vino,Cancelado,Adriana Romero Carrillo,2026-01-22 04:29:29,HP8-004-Y.jpg
HR4-477-C,HGO,BMW 3 Series,Cafe,Activo,Diego Herrera Villalobos,2021-08-24 14:26:34,HR4-477-C.jpg
HJP-314-E,HGO,Kia Rio,Beige,Robado,Maria Hernandez Pineda,2017-06-28 12:39:16,HJP-314-E.jpg
HMV-996-C,HGO,Peugeot 5008,Dorado,Baja Definitiva,Miguel Gutierrez Mendoza,2023-09-11 03:44:17,HMV-996-C.jpg
HM3-188-E,HGO,Hyundai Accent,Blanco,Baja Temporal,Oscar Soto Palacios,2025-08-05 01:50:10,HM3-188-E.jpg
HNR-233-X,HGO,Peugeot 208,Azul,Recuperado,Daniela Sandoval Plascencia,2018-04-19 03:54:21,HNR-233-X.jpg
HNZ-831-G,HGO,Audi A3,Vino,Irregular,Rebeca Gutierrez Cruz,2021-08-04 02:06:04,HNZ-831-G.jpg
HRD-524-W,HGO,Mazda MX-5,Verde Oscuro,Recuperado,Armando Perez Valencia,2021-10-06 17:12:20,HRD-524-W.jpg
HGT-889-K,HGO,Honda Accord,Cafe,Homologacion,Estela Tovar Villegas,2019-02-01 08:23:52,HGT-889-K.jpg
HPT-290-L,HGO,Mercedes-Benz GLC,Verde,Reposicion,Susana Urbina Pacheco,2023-11-24 10:19:50,HPT-290-L.jpg
HMN-521-Y,HGO,Mercedes-Benz GLC,Plateado,Activo,Martha Figueroa Gonzalez,2025-01-02 21:53:56,HMN-521-Y.jpg
HRE-930-U,HGO,Peugeot 308,Beige,Activo,Noe Diaz Flores,2025-01-04 14:52:12,HRE-930-U.jpg
HP1-789-D,HGO,Volkswagen Amarok,Morado,Activo,Guillermo Orozco Juarez,2017-09-17 22:40:19,HP1-789-D.jpg
HPP-409-C,HGO,Chevrolet Cruze,Rojo Oscuro,Irregular,Guillermo Rodriguez Acosta,2019-06-16 13:03:12,HPP-409-C.jpg
HJJ-176-A,HGO,Renault Kwid,Vino,En Proceso Legal,Veronica Garcia Escobar,2018-04-25 13:47:39,HJJ-176-A.jpg
HLM-470-V,HGO,Jeep Compass,Blanco Perlado,Activo,Fernando Espinoza Rodriguez,2018-09-01 20:58:13,HLM-470-V.jpg
HMC-859-E,HGO,Chevrolet Spark,Rojo,Cancelado,Daniela Juarez Huerta,2023-05-24 01:59:45,HMC-859-E.jpg
HJA-783-G,HGO,Audi Q5,Negro,Baja Temporal,Beatriz Montes Morales,2023-03-10 22:29:09,HJA-783-G.jpg
HPE-717-L,HGO,Ford Fusion,Gris,Activo,Patricia Campos Flores,2017-02-18 13:20:18,HPE-717-L.jpg
HNZ-290-T,HGO,Peugeot 3008,Verde Oscuro,Irregular,Patricia Maldonado Dominguez,2018-05-01 22:29:53,HNZ-290-T.jpg
HKD-872-P,HGO,Honda HR-V,Rojo Oscuro,En Proceso Legal,Sofia Luna Romero,2024-05-31 22:30:13,HKD-872-P.jpg
HRZ-828-D,HGO,Jeep Renegade,Naranja,Importacion Definitiva,Susana Tovar Soto,2018-11-26 09:21:27,HRZ-828-D.jpg
HMF-433-J,HGO,Toyota Hilux,Beige,Importacion Temporal,Mateo Ortega Zamora,2020-12-01 02:35:11,HMF-433-J.jpg
HRW-571-C,HGO,Mercedes-Benz GLA,Verde,Baja Definitiva,Laura Serrano Lopez,2025-09-02 08:49:17,HRW-571-C.jpg
HMM-716-Z,HGO,Honda HR-V,Rojo Oscuro,Baja Definitiva,Felipe Cordero Esquivel,2019-09-05 00:08:12,HMM-716-Z.jpg
HR3-874-R,HGO,Jeep Compass,Beige,Importacion Definitiva,Rosa Jimenez Velazquez,2023-03-29 03:17:45,HR3-874-R.jpg
HHJ-617-G,HGO,Mazda 3,Beige,Remarcaje,Veronica Maldonado Escobar,2021-06-18 21:19:32,HHJ-617-G.jpg
HKG-941-K,HGO,Renault Duster,Rojo Oscuro,Recuperado,Ana Alvarez Mora,2025-01-05 12:49:30,HKG-941-K.jpg
HRP-847-W,HGO,Toyota Hilux,Blanco Perlado,Importacion Temporal,Miguel Silva Palacios,2019-11-11 11:13:13,HRP-847-W.jpg
HRX-057-C,HGO,Chevrolet Aveo,Cafe,Baja Temporal,Daniela Jimenez Solano,2019-12-22 12:22:31,HRX-057-C.jpg
HH9-239-X,HGO,Mazda 2,Azul,Importacion Definitiva,Roberto Solano Camacho,2025-07-05 03:38:43,HH9-239-X.jpg
HLW-013-B,HGO,Nissan March,Gris,Cancelado,Angela Castro Diaz,2025-07-29 05:32:07,HLW-013-B.jpg
HGY-359-W,HGO,Chevrolet Spark,Verde Oscuro,Activo,Liliana De La Cruz Sepulveda,2026-03-30 19:53:17,HGY-359-W.jpg
HPP-156-M,HGO,Honda HR-V,Blanco,Irregular,Elsa Izquierdo Serrano,2020-01-26 00:32:31,HPP-156-M.jpg
HNU-819-S,HGO,Chevrolet Cruze,Vino,En Proceso Legal,Guadalupe Villanueva Villegas,2019-05-28 23:02:34,HNU-819-S.jpg
HRD-516-F,HGO,Nissan NP300,Dorado,Activo,Manuel Cordero Salazar,2023-07-06 08:47:08,HRD-516-F.jpg
HM6-741-A,HGO,BMW 3 Series,Blanco Perlado,Activo,Camila Ruiz Ramos,2017-07-29 07:14:21,HM6-741-A.jpg
HL1-984-C,HGO,Audi A3,Morado,Recuperado,Antonio Romero Romero,2023-12-27 15:15:37,HL1-984-C.jpg
HL1-198-P,HGO,Renault Duster,Verde,Activo,Patricia Aguilar Valencia,2024-06-25 11:17:40,HL1-198-P.jpg
HKP-752-Y,HGO,Mercedes-Benz C-Class,Gris Oscuro,Remarcaje,Susana Silva Quiroz,2019-08-13 06:27:33,HKP-752-Y.jpg
HGE-954-F,HGO,Jeep Wrangler,Plateado,En Proceso Legal,Jose Luna Carrillo,2024-04-28 08:53:51,HGE-954-F.jpg
HRW-455-N,HGO,Peugeot 208,Rojo,Importacion Definitiva,Mauricio Pineda Herrera,2018-09-24 06:19:44,HRW-455-N.jpg
HGY-014-X,HGO,Peugeot 208,Rojo Oscuro,Baja Definitiva,Rebeca Garcia Ruiz,2017-07-23 13:23:47,HGY-014-X.jpg
HL6-290-X,HGO,Hyundai Elantra,Azul,Recuperado,Lorena Gutierrez Estrada,2017-04-07 21:33:24,HL6-290-X.jpg
HH0-442-E,HGO,Renault Duster,Blanco,Activo,Carlos Fernandez Beltran,2025-01-05 12:01:14,HH0-442-E.jpg
HGM-310-K,HGO,Hyundai Tucson,Verde,Cancelado,Leticia Cervantes Maldonado,2020-03-02 09:51:10,HGM-310-K.jpg
LCK-605-Y,JAL,Ford Fiesta,Blanco Perlado,Activo,Hugo Fuentes Jimenez,2022-03-21 15:12:50,LCK-605-Y.jpg
KTR-545-L,JAL,Volkswagen Vento,Rojo Oscuro,Baja Temporal,Elizabeth Soto Soto,2020-05-14 16:00:47,KTR-545-L.jpg
HWU-465-W,JAL,Toyota Prius,Naranja,Reposicion,Daniela Guerrero Espinoza,2023-05-26 13:43:24,HWU-465-W.jpg
JU7-986-D,JAL,Kia Sportage,Blanco,Remarcaje,Armando Salazar Moya,2017-09-19 23:03:55,JU7-986-D.jpg
KEL-636-U,JAL,Chevrolet Cruze,Rojo,Activo,Yolanda Figueroa Luna,2026-02-08 23:07:47,KEL-636-U.jpg
HSF-590-F,JAL,Ford Fusion,Rojo Oscuro,Importacion Temporal,Carlos Gonzalez Fernandez,2023-09-19 22:55:54,HSF-590-F.jpg
J66-088-D,JAL,Kia Sorento,Gris,Remarcaje,Lorena Villegas Nieto,2025-09-19 08:43:14,J66-088-D.jpg
JV0-668-W,JAL,Toyota Yaris,Naranja,En Proceso Legal,Jose Arellano Urbina,2018-01-17 04:06:40,JV0-668-W.jpg
KVC-062-W,JAL,Audi A4,Blanco,Reposicion,Lorena Correa Alvarez,2019-12-29 16:49:47,KVC-062-W.jpg
JVH-198-Y,JAL,Mazda 3,Blanco,Activo,Oscar Olvera Avila,2021-06-01 04:43:12,JVH-198-Y.jpg
J7C-997-L,JAL,BMW X3,Verde,Cancelado,Ana Mendoza Palacios,2024-01-03 23:49:07,J7C-997-L.jpg
L11-675-S,JAL,Nissan Versa,Vino,Activo,Juan Suarez Quintero,2020-09-13 16:53:44,L11-675-S.jpg
JDW-879-H,JAL,Audi Q5,Blanco Perlado,Baja Temporal,Daniel Arellano Vargas,2018-12-12 15:12:12,JDW-879-H.jpg
L3W-017-X,JAL,Mercedes-Benz A-Class,Vino,Irregular,Andres Sepulveda Zarate,2020-09-02 12:53:33,L3W-017-X.jpg
JRH-036-E,JAL,Mercedes-Benz C-Class,Negro,Activo,Lorena Guerrero Urbina,2018-05-15 23:46:04,JRH-036-E.jpg
LEZ-250-F,JAL,Nissan Sentra,Azul,Irregular,Ernesto Huerta Ruiz,2017-04-01 03:33:25,LEZ-250-F.jpg
KZV-218-N,JAL,Kia Forte,Negro,En Proceso Legal,Regina Contreras Suarez,2025-12-11 14:46:05,KZV-218-N.jpg
KTM-089-F,JAL,Mazda MX-5,Blanco Perlado,Homologacion,Carolina Aguilar Luna,2025-07-28 05:21:17,KTM-089-F.jpg
LBU-131-L,JAL,Renault Kwid,Dorado,Reposicion,Cecilia Ramos Perez,2019-07-22 18:29:28,LBU-131-L.jpg
KTZ-655-L,JAL,Nissan NP300,Plateado,Baja Temporal,Ernesto Villegas Ramos,2024-07-29 18:44:20,KTZ-655-L.jpg
K9H-218-N,JAL,Fiat Argo,Vino,Importacion Temporal,Ignacio Sanchez Urbina,2022-03-16 06:32:11,K9H-218-N.jpg
JHP-269-J,JAL,Jeep Renegade,Azul Marino,Importacion Temporal,Marcos Leal Valdez,2019-01-01 00:29:50,JHP-269-J.jpg
KL1-071-K,JAL,Toyota Hilux,Azul Marino,Robado,Mateo Ortega Hernandez,2026-03-06 05:22:32,KL1-071-K.jpg
K1G-282-R,JAL,Volkswagen Amarok,Beige,Baja Definitiva,Mateo Cabrera Gutierrez,2024-06-28 22:25:05,K1G-282-R.jpg
KRX-839-X,JAL,Mazda 2,Verde,Activo,Regina Medina Leal,2022-06-04 20:50:54,KRX-839-X.jpg
KA0-689-U,JAL,Fiat Toro,Verde,Activo,Fabiola Espinoza Velazquez,2023-04-11 01:57:41,KA0-689-U.jpg
JH6-156-J,JAL,Fiat Cronos,Morado,Activo,Daniela Estrada Campos,2026-01-14 20:10:39,JH6-156-J.jpg
JCL-765-L,JAL,Volkswagen Vento,Dorado,Cancelado,Jose Orozco Maldonado,2017-10-02 09:12:16,JCL-765-L.jpg
JPE-564-E,JAL,Jeep Wrangler,Blanco Perlado,Robado,Marco Ruiz Aguilar,2025-09-22 07:36:48,JPE-564-E.jpg
HWL-802-A,JAL,Mercedes-Benz GLA,Gris,Robado,Laura Tapia Zarate,2017-02-03 11:45:06,HWL-802-A.jpg
L84-669-P,JAL,Mazda 2,Gris Oscuro,Activo,Carlos Ortega Romero,2019-01-19 18:25:46,L84-669-P.jpg
J31-292-J,JAL,Fiat Toro,Rojo Oscuro,Baja Temporal,Roberto Avila Romero,2025-05-28 13:21:47,J31-292-J.jpg
JR9-296-F,JAL,Honda Civic,Azul Marino,Activo,Regina Jimenez Pacheco,2022-03-02 17:37:29,JR9-296-F.jpg
HUE-166-C,JAL,Mercedes-Benz GLC,Rojo,En Proceso Legal,Marina Urbina Estrada,2025-10-02 22:33:58,HUE-166-C.jpg
HSY-611-D,JAL,Mercedes-Benz A-Class,Vino,Homologacion,Carlos De La Cruz Jimenez,2023-07-03 09:25:31,HSY-611-D.jpg
JDJ-835-D,JAL,Audi Q3,Rojo,Baja Temporal,Marisol Villalobos Figueroa,2018-12-23 19:50:35,JDJ-835-D.jpg
HVC-696-P,JAL,Mazda 3,Cafe,Baja Definitiva,Teresa Izquierdo Cruz,2024-04-29 18:56:13,HVC-696-P.jpg
JE5-901-C,JAL,BMW X5,Rojo Oscuro,Irregular,Noe Zarate Mejia,2020-03-18 10:56:19,JE5-901-C.jpg
KDK-997-T,JAL,Toyota Yaris,Blanco Perlado,En Proceso Legal,Marco Nieto Nieto,2021-06-27 04:34:43,KDK-997-T.jpg
L7B-768-G,JAL,Honda Accord,Morado,Importacion Definitiva,Mateo Portillo Vargas,2019-04-28 16:11:03,L7B-768-G.jpg
JWA-071-D,JAL,Renault Duster,Verde Oscuro,Baja Definitiva,Pedro Silva Trejo,2025-08-10 12:38:01,JWA-071-D.jpg
HTV-042-W,JAL,Peugeot 308,Gris,Baja Definitiva,Marcos Martinez Jimenez,2023-09-18 11:37:55,HTV-042-W.jpg
KWR-335-Z,JAL,Hyundai Elantra,Blanco Perlado,Recuperado,Maria Reyes Juarez,2022-05-15 09:12:52,KWR-335-Z.jpg
LDT-239-B,JAL,Honda Civic,Gris Oscuro,Activo,Rebeca Villalobos Villanueva,2024-12-17 10:44:52,LDT-239-B.jpg
K7P-068-L,JAL,Hyundai Santa Fe,Naranja,Activo,Benjamin Ruiz Figueroa,2022-06-18 09:40:38,K7P-068-L.jpg
JPC-404-K,JAL,Hyundai Santa Fe,Rojo,Importacion Definitiva,Sergio Salazar Hernandez,2023-10-27 12:34:07,JPC-404-K.jpg
KBZ-057-W,JAL,Volkswagen Vento,Rojo,Robado,Martha Acosta Olvera,2018-07-08 23:09:20,KBZ-057-W.jpg
L59-650-G,JAL,Fiat Cronos,Verde Oscuro,Activo,Sergio Gonzalez Garcia,2021-03-02 09:49:47,L59-650-G.jpg
J30-241-W,JAL,Toyota Hilux,Gris,Activo,Rebeca Palacios Mora,2022-08-04 06:25:31,J30-241-W.jpg
J2T-262-P,JAL,Volkswagen Golf,Beige,Activo,German Chavez Cordero,2018-12-06 03:33:00,J2T-262-P.jpg
KN0-409-M,JAL,Hyundai Santa Fe,Azul,En Proceso Legal,Laura Cordero Peña,2024-03-02 03:23:56,KN0-409-M.jpg
L8E-482-R,JAL,Honda Accord,Negro,Cancelado,Guadalupe Leal Herrera,2023-01-02 11:28:08,L8E-482-R.jpg
JFF-343-G,JAL,Peugeot 5008,Gris,Activo,Ricardo Zamora Rosales,2017-01-03 06:06:57,JFF-343-G.jpg
KMY-492-X,JAL,BMW X3,Amarillo,Activo,Monica Tovar Tovar,2023-07-03 20:18:30,KMY-492-X.jpg
KMZ-986-J,JAL,Mazda CX-5,Blanco Perlado,Importacion Temporal,Felipe Beltran Beltran,2023-09-30 05:19:59,KMZ-986-J.jpg
J55-195-E,JAL,BMW 3 Series,Verde Oscuro,Baja Temporal,Adolfo Gonzalez Barajas,2022-03-01 13:10:23,J55-195-E.jpg
KF8-961-M,JAL,Chevrolet Aveo,Beige,Activo,Guillermo Fuentes Montoya,2022-12-01 09:38:24,KF8-961-M.jpg
LC3-014-V,JAL,Mercedes-Benz A-Class,Naranja,Baja Temporal,Oscar Vargas Hernandez,2017-11-10 08:05:44,LC3-014-V.jpg
K4Y-948-U,JAL,Honda HR-V,Morado,Reposicion,Alejandra Leal Castillo,2025-01-05 06:35:16,K4Y-948-U.jpg
KFU-266-E,JAL,Fiat Argo,Azul,Importacion Definitiva,Oscar Cordero Sanchez,2019-03-08 17:40:40,KFU-266-E.jpg
KAG-847-E,JAL,Nissan March,Rojo Oscuro,Activo,Laura Alvarez Cruz,2024-07-12 07:45:51,KAG-847-E.jpg
JR2-411-N,JAL,BMW 5 Series,Morado,Reposicion,Lorena Villalobos Martinez,2017-05-23 16:10:50,JR2-411-N.jpg
K61-723-G,JAL,Jeep Wrangler,Rojo,Baja Temporal,Carlos Figueroa Figueroa,2025-08-28 12:02:23,K61-723-G.jpg
KFX-748-C,JAL,Kia Sorento,Cafe,Remarcaje,Sandra Valencia Cabrera,2025-03-26 07:51:32,KFX-748-C.jpg
L2J-458-G,JAL,Toyota Yaris,Gris Oscuro,Cancelado,Ignacio Campos Cruz,2025-02-07 22:40:02,L2J-458-G.jpg
LF0-033-N,JAL,Toyota Corolla,Blanco,Remarcaje,Teresa Gonzalez Gutierrez,2021-10-15 18:59:49,LF0-033-N.jpg
JUZ-532-N,JAL,Mazda 3,Negro,Homologacion,Liliana Montes Ortega,2026-03-30 15:43:53,JUZ-532-N.jpg
J9P-056-W,JAL,Honda Accord,Cafe,Irregular,Adriana Huerta Nieto,2018-04-30 02:25:00,J9P-056-W.jpg
J0R-242-Z,JAL,Kia Rio,Rojo Oscuro,Reposicion,Martha Rivera Serrano,2019-10-15 00:52:47,J0R-242-Z.jpg
KL5-115-G,JAL,Volkswagen Amarok,Dorado,Baja Temporal,Estela Jimenez Rosales,2024-12-03 06:38:32,KL5-115-G.jpg
JSC-884-G,JAL,Nissan NP300,Vino,Baja Definitiva,Raul Arroyo Del Valle,2017-03-15 09:33:01,JSC-884-G.jpg
JC7-917-P,JAL,Honda Civic,Gris,Activo,Marco Acosta Jimenez,2020-08-23 02:28:46,JC7-917-P.jpg
LBS-921-A,JAL,Honda Accord,Dorado,Activo,Jesus Navarro Morales,2026-01-15 23:13:57,LBS-921-A.jpg
K4P-305-K,JAL,Chevrolet Cruze,Rojo,Cancelado,Ana Medina Perez,2019-08-31 18:10:30,K4P-305-K.jpg
LCA-723-K,JAL,Volkswagen Golf,Verde,Irregular,Mauricio Zarate Del Valle,2025-03-26 13:51:11,LCA-723-K.jpg
K8W-339-W,JAL,Jeep Grand Cherokee,Rojo,Baja Temporal,Victor Reyes Contreras,2022-12-20 18:00:22,K8W-339-W.jpg
KKT-368-R,JAL,Jeep Grand Cherokee,Naranja,Cancelado,Camila Correa Orozco,2019-03-10 06:26:02,KKT-368-R.jpg
KUH-155-T,JAL,Mercedes-Benz GLC,Azul Marino,Recuperado,Arturo Solano Escobar,2019-12-20 14:33:24,KUH-155-T.jpg
JZ2-367-P,JAL,Renault Sandero,Azul,Robado,Susana Figueroa Acosta,2024-11-16 21:54:07,JZ2-367-P.jpg
KVV-227-Y,JAL,Fiat Toro,Dorado,Activo,Gabriela Reyes Delgado,2021-08-27 02:51:15,KVV-227-Y.jpg
KP5-317-S,JAL,Ford Focus,Azul Marino,Baja Definitiva,Elizabeth Morales Rios,2017-11-06 17:52:08,KP5-317-S.jpg
KDK-536-N,JAL,Mazda 3,Verde,Baja Definitiva,Claudia Rivera Urbina,2020-05-26 16:11:15,KDK-536-N.jpg
HY5-958-W,JAL,Jeep Grand Cherokee,Vino,Activo,Lucia Castro Dominguez,2019-06-02 11:57:02,HY5-958-W.jpg
JP2-121-W,JAL,BMW 3 Series,Rojo,Activo,Jesus Rodriguez Plascencia,2019-10-05 11:00:52,JP2-121-W.jpg
JDE-610-H,JAL,Jeep Renegade,Rojo Oscuro,Recuperado,Antonio Gallegos Quiroz,2025-02-21 19:29:11,JDE-610-H.jpg
KYZ-549-C,JAL,Ford Fiesta,Vino,Activo,Julieta Huerta Delgado,2025-10-01 10:52:37,KYZ-549-C.jpg
KPA-650-K,JAL,Mazda MX-5,Rojo Oscuro,Activo,Isabel Cordero Portillo,2019-06-02 19:23:17,KPA-650-K.jpg
KS9-822-W,JAL,Nissan NP300,Rojo Oscuro,Homologacion,Alicia Flores Navarro,2023-07-30 18:03:38,KS9-822-W.jpg
JJN-683-P,JAL,Toyota Prius,Vino,Activo,Benjamin Serrano Maldonado,2024-08-08 15:40:21,JJN-683-P.jpg
KCE-332-J,JAL,Mercedes-Benz A-Class,Blanco Perlado,Remarcaje,Silvia Olvera Dominguez,2024-12-07 03:48:54,KCE-332-J.jpg
K3V-348-L,JAL,BMW X5,Blanco Perlado,Recuperado,Eduardo Cruz Ortega,2022-06-07 11:41:36,K3V-348-L.jpg
L6T-973-R,JAL,Chevrolet Beat,Rojo,Baja Definitiva,Noe Gutierrez Dominguez,2019-10-12 16:41:30,L6T-973-R.jpg
J3U-575-S,JAL,Jeep Wrangler,Blanco Perlado,Importacion Temporal,Benjamin Palacios Acosta,2018-08-12 04:34:38,J3U-575-S.jpg
JF7-164-V,JAL,Kia Forte,Azul Marino,Activo,Luis Castillo Serrano,2019-11-09 21:05:31,JF7-164-V.jpg
JCP-154-X,JAL,BMW X3,Verde Oscuro,Baja Temporal,Miguel Cordero Gonzalez,2024-03-01 12:36:09,JCP-154-X.jpg
JBJ-245-J,JAL,Volkswagen Vento,Rojo,Cancelado,Camila Olvera Moya,2024-09-14 10:09:10,JBJ-245-J.jpg
KMR-788-Z,JAL,Peugeot 308,Plateado,En Proceso Legal,Marisol Zarate Ortega,2022-10-21 20:47:00,KMR-788-Z.jpg
L06-857-K,JAL,Peugeot 3008,Dorado,Activo,Alejandro Torres Silva,2017-02-11 15:27:15,L06-857-K.jpg
J1Y-072-W,JAL,Toyota Hilux,Vino,Remarcaje,Rebeca Garcia Gallegos,2023-09-02 06:05:12,J1Y-072-W.jpg
J2G-336-S,JAL,Toyota Hilux,Azul,Activo,Francisco Solano Soto,2022-09-17 10:18:15,J2G-336-S.jpg
JUU-304-W,JAL,Mazda 3,Dorado,Robado,Cecilia Carrillo Vargas,2018-09-30 08:05:06,JUU-304-W.jpg
J80-858-D,JAL,Kia Sorento,Blanco Perlado,Recuperado,David Plascencia Sandoval,2019-10-07 06:51:04,J80-858-D.jpg
KJG-016-T,JAL,Mercedes-Benz C-Class,Blanco Perlado,Cancelado,Rocio Valdez Urbina,2017-12-25 07:46:53,KJG-016-T.jpg
J5S-719-S,JAL,Chevrolet Beat,Blanco Perlado,Cancelado,Raul Villegas Figueroa,2023-06-25 08:36:34,J5S-719-S.jpg
K1S-614-W,JAL,BMW 5 Series,Azul Marino,Importacion Definitiva,Oscar Solano Villanueva,2020-04-24 16:16:03,K1S-614-W.jpg
KDF-131-U,JAL,Fiat Argo,Vino,Robado,Juan Castro Del Valle,2018-02-06 21:41:13,KDF-131-U.jpg
KHZ-679-M,JAL,Renault Logan,Dorado,Reposicion,German Zamora Perez,2025-01-04 08:37:09,KHZ-679-M.jpg
JC1-647-J,JAL,Honda Civic,Cafe,Irregular,Guillermo Del Valle Cervantes,2022-08-05 02:26:12,JC1-647-J.jpg
L8H-866-K,JAL,Peugeot 208,Verde,Activo,Adriana Chavez Ruiz,2024-09-21 17:26:17,L8H-866-K.jpg
JMJ-435-Z,JAL,Honda HR-V,Morado,Irregular,Beatriz Maldonado Jimenez,2018-05-26 20:57:20,JMJ-435-Z.jpg
JS5-244-E,JAL,Peugeot 208,Gris Oscuro,Robado,Fabiola Navarro Figueroa,2021-12-10 18:38:17,JS5-244-E.jpg
JC3-273-C,JAL,Mercedes-Benz GLC,Amarillo,Homologacion,Noe Acosta De La Cruz,2025-12-17 12:11:10,JC3-273-C.jpg
K4K-355-T,JAL,Hyundai Santa Fe,Amarillo,Activo,Elizabeth Tovar Peña,2024-05-16 11:46:18,K4K-355-T.jpg
L5E-737-B,JAL,Renault Logan,Azul Marino,En Proceso Legal,Hugo Flores Mora,2021-09-14 12:40:52,L5E-737-B.jpg
JUA-420-V,JAL,Ford Fiesta,Gris,Importacion Temporal,Roberto Urbina Morales,2025-10-07 16:26:28,JUA-420-V.jpg
L75-958-J,JAL,Audi Q3,Blanco Perlado,En Proceso Legal,Liliana Peña Pineda,2020-06-24 23:18:54,L75-958-J.jpg
J1Z-240-J,JAL,Jeep Compass,Dorado,Importacion Temporal,Valeria Mendoza Velazquez,2025-09-20 21:59:18,J1Z-240-J.jpg
K53-839-P,JAL,Nissan Sentra,Gris Oscuro,Robado,Francisco Pineda Palacios,2021-02-12 11:45:21,K53-839-P.jpg
K6S-618-V,JAL,Ford Fusion,Gris Oscuro,Reposicion,Manuel Carrillo Figueroa,2020-10-12 07:20:24,K6S-618-V.jpg
JG3-899-J,JAL,Ford Focus,Verde,Activo,Guadalupe Morales Delgado,2018-10-29 12:18:31,JG3-899-J.jpg
J4M-617-D,JAL,Peugeot 208,Morado,Irregular,Alejandro Correa Silva,2025-07-03 19:31:30,J4M-617-D.jpg
KMY-901-V,JAL,Mercedes-Benz GLA,Azul Marino,Importacion Temporal,Marisol Jimenez Moya,2025-02-05 13:30:56,KMY-901-V.jpg
JX8-386-U,JAL,Volkswagen Vento,Rojo,Recuperado,Martha Mendoza Serrano,2025-09-17 12:49:37,JX8-386-U.jpg
KEN-221-X,JAL,Audi A4,Morado,Baja Definitiva,Carolina Alvarez Olvera,2019-04-20 12:01:58,KEN-221-X.jpg
HWU-550-Z,JAL,Toyota Corolla,Morado,Homologacion,Alicia Barajas Aguilar,2020-05-11 06:09:02,HWU-550-Z.jpg
J6M-368-P,JAL,Mercedes-Benz C-Class,Verde Oscuro,Activo,Laura Dominguez Cruz,2021-05-03 23:52:04,J6M-368-P.jpg
JEG-872-J,JAL,Kia Sorento,Morado,Importacion Definitiva,Camila Mejia Rivera,2021-07-30 12:27:11,JEG-872-J.jpg
HX7-747-Z,JAL,Mazda CX-5,Vino,Activo,Ruben Jimenez Navarro,2024-01-28 06:33:21,HX7-747-Z.jpg
L6J-731-Y,JAL,BMW X3,Rojo Oscuro,Importacion Definitiva,Fernando Gonzalez Mejia,2024-12-27 09:28:28,L6J-731-Y.jpg
J5N-850-R,JAL,Volkswagen Amarok,Gris Oscuro,Reposicion,Mateo Camacho Sepulveda,2022-02-03 12:15:29,J5N-850-R.jpg
K1T-412-F,JAL,Nissan March,Beige,Irregular,Beatriz Martinez Esquivel,2021-02-15 07:11:30,K1T-412-F.jpg
K1T-647-D,JAL,Nissan Sentra,Cafe,Homologacion,Martha Navarro Cabrera,2022-12-18 09:44:54,K1T-647-D.jpg
JA3-558-E,JAL,Renault Logan,Beige,Activo,Carolina Esquivel Ruiz,2017-11-01 10:50:00,JA3-558-E.jpg
JRR-075-R,JAL,Ford Focus,Azul,Activo,Rocio Palacios Juarez,2020-11-21 17:49:32,JRR-075-R.jpg
J34-957-J,JAL,Honda Civic,Dorado,Reposicion,Victor Chavez Sepulveda,2018-09-27 20:06:49,J34-957-J.jpg
HSY-697-U,JAL,Kia Sportage,Rojo Oscuro,Activo,Rosa Beltran Solano,2019-11-08 04:12:41,HSY-697-U.jpg
KXC-418-A,JAL,Volkswagen Vento,Vino,Baja Temporal,Adriana Cordero Acosta,2020-10-28 11:16:40,KXC-418-A.jpg
JMX-939-B,JAL,Audi Q3,Cafe,En Proceso Legal,Guadalupe Ruiz Camacho,2019-12-16 02:00:24,JMX-939-B.jpg
L0W-188-B,JAL,Volkswagen Jetta,Rojo,Baja Temporal,Cecilia Villanueva Plascencia,2021-11-07 02:26:03,L0W-188-B.jpg
HYZ-273-T,JAL,Audi A3,Verde Oscuro,Activo,Gabriela Nieto Suarez,2024-05-09 19:32:07,HYZ-273-T.jpg
HTF-482-K,JAL,Honda Accord,Naranja,En Proceso Legal,Alejandro Guerrero Reyes,2017-11-24 01:38:11,HTF-482-K.jpg
JHL-860-X,JAL,Peugeot 3008,Gris,Cancelado,Angela Torres Martinez,2017-04-21 03:37:44,JHL-860-X.jpg
J40-270-F,JAL,Peugeot 208,Verde Oscuro,Activo,Sofia Martinez Herrera,2018-08-17 20:30:24,J40-270-F.jpg
LAR-956-E,JAL,Renault Duster,Gris Oscuro,En Proceso Legal,Javier Ramos Quiroz,2020-07-20 02:09:19,LAR-956-E.jpg
JY2-131-P,JAL,Audi Q3,Verde Oscuro,Reposicion,Marco Ruiz Peña,2020-09-10 03:50:57,JY2-131-P.jpg
K3G-794-H,JAL,Chevrolet Cruze,Blanco,Cancelado,Carolina Herrera Villegas,2018-04-04 11:54:17,K3G-794-H.jpg
L56-198-J,JAL,Jeep Grand Cherokee,Blanco Perlado,En Proceso Legal,Adriana Peña Gallegos,2022-05-21 06:03:18,L56-198-J.jpg
L3Z-293-X,JAL,Toyota Corolla,Verde Oscuro,Activo,Regina Sandoval Lopez,2025-04-15 21:05:23,L3Z-293-X.jpg
KNW-249-V,JAL,Kia Sportage,Naranja,Irregular,Silvia Del Valle Chavez,2020-04-23 00:15:22,KNW-249-V.jpg
HZ5-227-W,JAL,Hyundai Santa Fe,Dorado,Homologacion,Teresa Ortega Fuentes,2026-03-22 10:19:24,HZ5-227-W.jpg
KF7-829-C,JAL,Hyundai Santa Fe,Morado,Baja Definitiva,Laura Maldonado Espinoza,2025-10-24 09:58:33,KF7-829-C.jpg
L1X-778-G,JAL,Nissan March,Rojo,Robado,Raul Mora Cabrera,2018-08-05 09:58:52,L1X-778-G.jpg
JUB-137-F,JAL,Nissan Sentra,Gris,Activo,Manuel Rodriguez Campos,2018-12-28 21:18:27,JUB-137-F.jpg
K74-153-J,JAL,Chevrolet Beat,Verde Oscuro,Irregular,Oscar De La Cruz Avila,2017-11-14 09:23:56,K74-153-J.jpg
J3U-318-R,JAL,Hyundai Accent,Morado,Cancelado,Roberto Lopez Chavez,2020-06-11 01:07:23,J3U-318-R.jpg
LEZ-675-D,JAL,Ford Focus,Rojo,Baja Definitiva,Hector Juarez Gallegos,2022-04-14 08:13:50,LEZ-675-D.jpg
L62-248-D,JAL,Kia Rio,Naranja,Activo,Camila Palacios Herrera,2025-02-12 07:43:12,L62-248-D.jpg
KXU-353-A,JAL,Audi Q5,Beige,Importacion Definitiva,Daniela Beltran Espinoza,2023-07-26 08:41:44,KXU-353-A.jpg
LAJ-217-J,JAL,Audi A3,Blanco,Importacion Temporal,Susana Alvarez Torres,2022-12-01 14:10:24,LAJ-217-J.jpg
HX5-317-H,JAL,Fiat Cronos,Naranja,Baja Temporal,Lucia Hernandez Valdez,2019-04-16 20:51:29,HX5-317-H.jpg
J1F-620-K,JAL,Renault Duster,Verde Oscuro,Activo,Raul Perez Palacios,2022-08-30 09:40:31,J1F-620-K.jpg
JEB-810-D,JAL,Peugeot 208,Gris Oscuro,En Proceso Legal,Carlos Mora Juarez,2019-05-27 14:32:00,JEB-810-D.jpg
JHH-211-N,JAL,Honda HR-V,Dorado,Cancelado,Susana Rosales Fernandez,2024-02-29 21:33:01,JHH-211-N.jpg
HXS-172-F,JAL,Peugeot 308,Negro,Remarcaje,Sofia Cabrera Izquierdo,2025-04-13 14:10:38,HXS-172-F.jpg
KYR-412-P,JAL,Mazda MX-5,Rojo,Importacion Definitiva,Manuel Hernandez Estrada,2025-09-03 15:39:59,KYR-412-P.jpg
JM4-283-V,JAL,Kia Forte,Blanco,Reposicion,Angela Esquivel Garcia,2020-05-10 11:00:51,JM4-283-V.jpg
LE5-388-E,JAL,Mercedes-Benz A-Class,Beige,En Proceso Legal,Lorena Orozco Jimenez,2023-11-27 21:31:04,LE5-388-E.jpg
JE8-255-R,JAL,Mercedes-Benz A-Class,Gris,Irregular,Claudia Barajas Valdez,2020-02-02 07:52:28,JE8-255-R.jpg
K7W-191-E,JAL,Audi Q3,Verde,Irregular,Cecilia Arellano Mejia,2021-05-14 09:13:33,K7W-191-E.jpg
HVE-159-S,JAL,Jeep Compass,Azul,Remarcaje,Benjamin Vargas Cordero,2018-05-04 13:33:50,HVE-159-S.jpg
KNW-832-S,JAL,Chevrolet Aveo,Naranja,En Proceso Legal,Hugo Figueroa Romero,2020-11-26 23:12:29,KNW-832-S.jpg
KA6-067-J,JAL,Ford Focus,Negro,Remarcaje,Camila Ortega Moya,2022-06-17 06:03:45,KA6-067-J.jpg
J04-665-J,JAL,Mercedes-Benz GLC,Plateado,Activo,Valeria Moya Rios,2018-03-23 04:10:57,J04-665-J.jpg
L5E-571-E,JAL,Fiat Toro,Verde Oscuro,Cancelado,Carolina Perez Silva,2017-08-31 15:22:59,L5E-571-E.jpg
L78-710-C,JAL,Chevrolet Spark,Verde Oscuro,Robado,Regina Salazar Pacheco,2022-08-10 13:13:05,L78-710-C.jpg
JYN-535-M,JAL,BMW X5,Rojo Oscuro,Baja Temporal,Sofia Camacho Cordero,2023-01-30 05:19:17,JYN-535-M.jpg
KL8-351-A,JAL,Renault Sandero,Verde Oscuro,En Proceso Legal,Juan Valdez Urbina,2023-11-09 10:52:08,KL8-351-A.jpg
JMX-136-Z,JAL,Volkswagen Jetta,Gris,Reposicion,Martha Tovar Silva,2021-05-03 15:45:20,JMX-136-Z.jpg
JM3-111-N,JAL,Renault Logan,Negro,Importacion Definitiva,Emilio Jimenez Pacheco,2020-05-14 07:21:52,JM3-111-N.jpg
JZ7-830-Y,JAL,Toyota Prius,Morado,Baja Temporal,Sofia Esquivel Gonzalez,2021-07-31 12:09:01,JZ7-830-Y.jpg
JR4-135-S,JAL,Ford Fusion,Vino,Activo,Marcos Martinez Martinez,2022-11-30 02:53:51,JR4-135-S.jpg
HYT-798-W,JAL,Toyota Yaris,Azul,Baja Temporal,Marcos Diaz Urbina,2019-11-17 19:44:03,HYT-798-W.jpg
K0L-564-V,JAL,Volkswagen Jetta,Gris,Activo,Teresa Solano Escobar,2026-02-12 21:48:20,K0L-564-V.jpg
J8D-112-L,JAL,Chevrolet Spark,Negro,Robado,Teresa Suarez Mora,2026-02-23 19:26:54,J8D-112-L.jpg
KLF-953-X,JAL,Honda Civic,Vino,Robado,Alicia Garcia Rodriguez,2019-05-24 03:41:31,KLF-953-X.jpg
LDV-993-J,JAL,Audi Q5,Azul,Importacion Definitiva,Ana Barajas Guerrero,2025-09-14 02:25:40,LDV-993-J.jpg
KNK-715-M,JAL,Renault Sandero,Blanco,Irregular,Francisco Sandoval Vazquez,2026-03-09 17:53:46,KNK-715-M.jpg
JLP-628-R,JAL,Kia Sorento,Gris,Activo,Fabiola Herrera Gutierrez,2022-06-09 04:40:41,JLP-628-R.jpg
KLJ-344-Y,JAL,Toyota Yaris,Dorado,Importacion Definitiva,Roberto Villanueva Izquierdo,2022-11-01 20:27:25,KLJ-344-Y.jpg
KBU-754-J,JAL,Toyota Corolla,Beige,Importacion Temporal,Emilio Quintero Del Valle,2025-08-01 17:20:26,KBU-754-J.jpg
JFD-726-R,JAL,Fiat 500,Amarillo,Activo,Raul Navarro Campos,2017-06-29 21:52:52,JFD-726-R.jpg
HZ2-265-N,JAL,Volkswagen Golf,Plateado,Irregular,Luis Herrera Acosta,2022-12-13 07:45:12,HZ2-265-N.jpg
KFJ-744-T,JAL,Mercedes-Benz A-Class,Beige,Recuperado,Estela Flores Zarate,2019-05-15 04:56:17,KFJ-744-T.jpg
L0M-956-X,JAL,Ford Fiesta,Cafe,Importacion Definitiva,Cristian Cabrera Pineda,2019-11-05 19:53:01,L0M-956-X.jpg
JGJ-454-S,JAL,Mercedes-Benz GLC,Gris Oscuro,Reposicion,Marisol Navarro Salazar,2020-11-12 02:52:31,JGJ-454-S.jpg
JHR-997-N,JAL,Peugeot 208,Plateado,Baja Temporal,Ana Correa Trejo,2023-05-20 03:38:57,JHR-997-N.jpg
JZP-403-L,JAL,Hyundai Tucson,Blanco,Activo,Noe Silva Avila,2018-03-05 03:47:20,JZP-403-L.jpg
KFL-564-J,JAL,Chevrolet Spark,Blanco Perlado,Reposicion,Pedro Fernandez Lopez,2018-10-02 07:17:10,KFL-564-J.jpg
J8Y-804-P,JAL,Renault Kwid,Beige,Homologacion,Andres Herrera Jimenez,2025-05-14 19:19:28,J8Y-804-P.jpg
JZL-789-M,JAL,Kia Forte,Rojo,Remarcaje,Maria Villalobos Fuentes,2025-05-02 20:22:54,JZL-789-M.jpg
J92-191-P,JAL,Nissan Sentra,Verde,Activo,Mauricio Sepulveda Bravo,2018-12-18 23:47:09,J92-191-P.jpg
KXX-944-F,JAL,Ford Fusion,Rojo,Activo,Jorge Cervantes Vargas,2019-04-23 09:54:54,KXX-944-F.jpg
KGS-444-Y,JAL,Ford Fusion,Dorado,Baja Temporal,Valeria Jimenez Serrano,2026-05-09 08:37:40,KGS-444-Y.jpg
K4H-773-R,JAL,Honda Civic,Verde Oscuro,Reposicion,Carmen Valencia Velazquez,2025-06-02 06:51:16,K4H-773-R.jpg
K59-009-V,JAL,Mazda 3,Gris,Importacion Temporal,Jorge Solano Juarez,2020-06-08 04:11:13,K59-009-V.jpg
LCE-908-J,JAL,Volkswagen Golf,Azul,Importacion Definitiva,Sandra Gonzalez Navarro,2023-01-18 11:28:28,LCE-908-J.jpg
L3C-092-E,JAL,Hyundai Accent,Dorado,Cancelado,Salvador Urbina Ruiz,2021-10-16 12:01:21,L3C-092-E.jpg
J8C-697-J,JAL,Peugeot 5008,Rojo Oscuro,Importacion Temporal,Antonio Reyes Vargas,2022-04-08 18:18:03,J8C-697-J.jpg
JV0-981-M,JAL,Nissan NP300,Negro,Cancelado,Valeria Campos Sepulveda,2020-08-14 01:06:00,JV0-981-M.jpg
L2G-078-A,JAL,Mercedes-Benz GLC,Blanco,Activo,Andres Reyes Suarez,2024-01-19 09:54:37,L2G-078-A.jpg
KGT-321-J,JAL,Kia Rio,Rojo,Activo,Alejandra Montes Arroyo,2019-08-28 00:42:51,KGT-321-J.jpg
JDV-465-R,JAL,Nissan Versa,Azul,Activo,Sebastian Reyes Ramos,2025-01-11 19:29:31,JDV-465-R.jpg
LD2-122-A,JAL,Jeep Renegade,Rojo,Importacion Definitiva,Manuel Pacheco Sanchez,2019-06-25 05:57:40,LD2-122-A.jpg
JX5-636-E,JAL,Toyota Yaris,Vino,Importacion Definitiva,Gabriela Ruiz Pacheco,2022-09-19 05:14:05,JX5-636-E.jpg
HTY-929-G,JAL,BMW 3 Series,Azul Marino,Irregular,Renata Camacho Villalobos,2022-06-25 06:32:21,HTY-929-G.jpg
J27-544-R,JAL,Peugeot 5008,Azul Marino,Cancelado,Noe Gallegos Torres,2024-01-02 03:10:41,J27-544-R.jpg
KWD-535-N,JAL,Honda Accord,Vino,Importacion Definitiva,German Navarro Jimenez,2022-03-04 16:10:11,KWD-535-N.jpg
J2L-708-A,JAL,Renault Duster,Azul Marino,Reposicion,Renata Cruz Mejia,2022-01-23 17:57:03,J2L-708-A.jpg
K65-370-R,JAL,Volkswagen Vento,Azul,Baja Temporal,Ricardo Avila Reyes,2025-05-26 19:01:00,K65-370-R.jpg
JMS-638-B,JAL,Hyundai Santa Fe,Naranja,Recuperado,Pedro Zamora Campos,2021-03-11 15:30:39,JMS-638-B.jpg
KBE-192-A,JAL,Mercedes-Benz GLA,Beige,Baja Temporal,German Zamora Trejo,2025-01-12 21:01:49,KBE-192-A.jpg
KJ8-106-J,JAL,Volkswagen Jetta,Cafe,Importacion Definitiva,Marisol Tapia Rivera,2022-09-25 02:41:05,KJ8-106-J.jpg
L0V-765-K,JAL,BMW 3 Series,Verde Oscuro,Reposicion,Isabel Tapia Ruiz,2025-02-18 06:22:36,L0V-765-K.jpg
LE0-410-U,JAL,Peugeot 208,Vino,Irregular,Pedro Figueroa Urbina,2021-01-26 02:19:03,LE0-410-U.jpg
J3E-885-G,JAL,Ford Fusion,Negro,Activo,Norma Silva Montoya,2023-02-21 05:45:50,J3E-885-G.jpg
L4T-642-R,JAL,Renault Kwid,Amarillo,Activo,Renata Castillo Moya,2026-05-08 19:45:55,L4T-642-R.jpg
KKK-676-F,JAL,Ford Focus,Beige,Robado,Renata De La Cruz Rivera,2025-09-08 22:32:16,KKK-676-F.jpg
LBC-149-D,JAL,Mazda 2,Beige,Activo,Luis Sepulveda Cordero,2021-07-11 14:17:15,LBC-149-D.jpg
KX3-040-N,JAL,Kia Sorento,Beige,Activo,Elizabeth Fuentes Figueroa,2024-11-14 03:27:39,KX3-040-N.jpg
KNK-948-W,JAL,Hyundai Santa Fe,Vino,Robado,Marina Garcia Alvarez,2018-11-11 08:41:06,KNK-948-W.jpg
L9T-847-S,JAL,Audi Q3,Negro,Activo,Rosa Jimenez Lopez,2019-09-13 09:12:26,L9T-847-S.jpg
JBU-708-Y,JAL,Kia Forte,Verde,Recuperado,Sergio Sandoval Montes,2025-04-06 00:53:22,JBU-708-Y.jpg
JXX-233-F,JAL,BMW 5 Series,Naranja,Activo,Carlos Espinoza Cervantes,2022-05-25 15:53:28,JXX-233-F.jpg
HVV-558-W,JAL,Kia Sorento,Beige,En Proceso Legal,Francisco Pineda Villanueva,2023-02-23 13:58:17,HVV-558-W.jpg
KS2-990-F,JAL,Ford Fusion,Azul Marino,Baja Definitiva,Alberto Maldonado Avila,2021-10-26 21:33:23,KS2-990-F.jpg
JSY-044-N,JAL,Fiat Argo,Verde Oscuro,Robado,Susana Chavez Quintero,2025-05-03 00:22:11,JSY-044-N.jpg
L89-797-Y,JAL,Renault Logan,Naranja,Activo,Ana Del Valle Leal,2019-03-09 01:42:54,L89-797-Y.jpg
KJA-688-A,JAL,Nissan Sentra,Dorado,Baja Definitiva,Lorena Fernandez Rivera,2025-01-25 20:07:59,KJA-688-A.jpg
JEY-458-H,JAL,Peugeot 308,Morado,Activo,Eduardo Del Valle Orozco,2025-07-19 16:47:53,JEY-458-H.jpg
L6W-754-C,JAL,Ford Fusion,Blanco Perlado,Activo,Paola Velazquez Diaz,2022-06-13 19:13:50,L6W-754-C.jpg
J1L-189-Z,JAL,Kia Forte,Rojo Oscuro,Baja Temporal,Claudia Alvarez Estrada,2021-03-13 05:51:06,J1L-189-Z.jpg
KYM-951-J,JAL,Toyota Corolla,Verde,En Proceso Legal,Estela Reyes Villanueva,2025-02-13 21:30:33,KYM-951-J.jpg
HYG-855-E,JAL,Renault Sandero,Blanco Perlado,Irregular,Luis Alvarez Pacheco,2025-09-17 16:09:21,HYG-855-E.jpg
LF0-102-Z,JAL,Mazda 2,Gris,Recuperado,Yolanda Herrera Herrera,2024-04-26 03:09:10,LF0-102-Z.jpg
K6E-115-K,JAL,Ford Ranger,Morado,En Proceso Legal,Ignacio Ortega Soto,2018-03-01 12:40:35,K6E-115-K.jpg
L2P-952-B,JAL,Toyota Yaris,Verde,Recuperado,Cristian Peña Sandoval,2018-02-01 17:19:51,L2P-952-B.jpg
L1N-537-H,JAL,Mercedes-Benz GLC,Beige,Reposicion,Alejandro Vazquez Esquivel,2024-11-23 13:18:37,L1N-537-H.jpg
HXH-167-A,JAL,Nissan NP300,Azul,Cancelado,Lorena Quiroz Castro,2018-12-16 18:30:47,HXH-167-A.jpg
JD1-736-A,JAL,Honda HR-V,Verde,Robado,Jesus Montoya Juarez,2017-11-08 17:17:51,JD1-736-A.jpg
JMB-691-N,JAL,Jeep Renegade,Gris,Reposicion,Rosa Soto Pacheco,2019-06-16 05:17:24,JMB-691-N.jpg
N08-941-P,MEX,Chevrolet Spark,Negro,Importacion Definitiva,Julieta Ruiz Torres,2025-11-07 12:07:09,N08-941-P.jpg
M3N-702-A,MEX,Hyundai Tucson,Vino,Activo,Antonio Mejia Quiroz,2023-06-07 12:31:45,M3N-702-A.jpg
MU8-168-J,MEX,Jeep Renegade,Gris Oscuro,Activo,Marco Fernandez Ortega,2018-06-28 00:03:17,MU8-168-J.jpg
P1P-771-U,MEX,Toyota Hilux,Gris Oscuro,Reposicion,Salvador Gallegos Fuentes,2020-02-20 13:33:15,P1P-771-U.jpg
MM1-385-T,MEX,Audi A3,Negro,Baja Temporal,Rocio Plascencia Castillo,2020-03-10 01:13:59,MM1-385-T.jpg
NNC-475-E,MEX,Toyota Hilux,Vino,Baja Definitiva,Javier Arroyo Valencia,2022-10-01 06:13:31,NNC-475-E.jpg
NLT-350-A,MEX,Honda CR-V,Verde Oscuro,Recuperado,Jose Moya Aguilar,2019-06-08 13:00:43,NLT-350-A.jpg
P48-638-E,MEX,Kia Rio,Cafe,Reposicion,Leticia Izquierdo Quiroz,2018-11-16 14:49:40,P48-638-E.jpg
NFH-429-X,MEX,Chevrolet Beat,Negro,Activo,Victor Cabrera Moya,2017-05-03 17:28:04,NFH-429-X.jpg
MKD-595-J,MEX,Jeep Wrangler,Naranja,Recuperado,Antonio Tapia Acosta,2019-01-25 16:00:53,MKD-595-J.jpg
LNR-176-M,MEX,Honda Accord,Vino,En Proceso Legal,Javier Lopez Valencia,2023-10-05 08:51:42,LNR-176-M.jpg
N0L-099-C,MEX,Hyundai Accent,Azul,Importacion Definitiva,Mateo Solano Orozco,2026-01-02 10:28:50,N0L-099-C.jpg
P6H-160-Z,MEX,Mazda CX-5,Dorado,Robado,Jesus Cruz Gonzalez,2018-01-02 10:42:21,P6H-160-Z.jpg
MSD-210-V,MEX,Jeep Compass,Dorado,Remarcaje,Lucia Garcia Mejia,2018-08-01 16:07:54,MSD-210-V.jpg
PBE-715-G,MEX,Jeep Grand Cherokee,Negro,Importacion Temporal,Silvia Martinez Huerta,2021-02-06 00:30:52,PBE-715-G.jpg
M1P-045-D,MEX,Audi A3,Beige,Reposicion,Ernesto Cruz Portillo,2026-05-23 17:44:45,M1P-045-D.jpg
NS6-737-R,MEX,Fiat Cronos,Beige,Activo,Antonio Diaz Escobar,2023-09-13 07:03:34,NS6-737-R.jpg
MZ7-520-L,MEX,Jeep Compass,Plateado,Irregular,Silvia Torres Ramirez,2020-06-29 12:48:31,MZ7-520-L.jpg
PAA-373-H,MEX,Renault Duster,Amarillo,Activo,Sergio Flores Cruz,2022-02-10 17:28:37,PAA-373-H.jpg
LS0-581-W,MEX,Audi Q5,Gris Oscuro,Remarcaje,Patricia Jimenez Alvarez,2019-09-21 11:09:33,LS0-581-W.jpg
MRP-591-M,MEX,Ford Fiesta,Gris,Baja Definitiva,Elsa Perez Rosales,2021-10-13 15:07:32,MRP-591-M.jpg
ME5-622-Y,MEX,Fiat Toro,Amarillo,Robado,Guillermo Acosta Romero,2022-01-08 11:20:20,ME5-622-Y.jpg
P8V-665-K,MEX,Nissan Versa,Vino,Importacion Temporal,Ruben Rosales Navarro,2020-11-01 23:02:57,P8V-665-K.jpg
P42-217-B,MEX,Peugeot 208,Amarillo,Activo,Javier Trejo Zamora,2023-11-03 21:10:13,P42-217-B.jpg
MBH-665-K,MEX,Ford Fusion,Rojo Oscuro,Remarcaje,Noe Mejia Sepulveda,2024-01-22 21:47:42,MBH-665-K.jpg
NUW-941-N,MEX,Ford Ranger,Verde,Baja Temporal,Fabiola Portillo Sanchez,2026-03-02 01:26:43,NUW-941-N.jpg
M26-447-J,MEX,Hyundai Elantra,Amarillo,Robado,Juan Delgado Ruiz,2024-09-23 10:40:18,M26-447-J.jpg
NYY-109-M,MEX,BMW X5,Naranja,Activo,Cristian Salazar Carrillo,2019-06-15 16:05:38,NYY-109-M.jpg
NZW-819-G,MEX,Jeep Wrangler,Negro,Importacion Temporal,Alicia Medina Huerta,2025-10-14 14:43:01,NZW-819-G.jpg
MU7-422-G,MEX,Renault Kwid,Naranja,Activo,Carmen Quiroz Ramos,2023-05-02 01:33:49,MU7-422-G.jpg
MDG-037-V,MEX,Audi A4,Beige,Recuperado,Adriana Pineda Aguilar,2024-07-11 16:16:19,MDG-037-V.jpg
LHW-535-H,MEX,Nissan NP300,Morado,Irregular,Laura Quiroz Olvera,2021-06-04 07:02:01,LHW-535-H.jpg
NLC-155-H,MEX,Audi A3,Morado,Importacion Temporal,Carmen Moya Del Valle,2020-07-21 06:47:13,NLC-155-H.jpg
M63-455-M,MEX,Mercedes-Benz GLA,Beige,Importacion Definitiva,Eduardo Montoya Mejia,2026-04-26 20:23:15,M63-455-M.jpg
LGE-026-K,MEX,BMW 5 Series,Amarillo,Importacion Temporal,Sandra Orozco Diaz,2024-03-17 09:58:14,LGE-026-K.jpg
P4D-957-T,MEX,Fiat 500,Gris,Recuperado,Elsa Estrada Valencia,2020-11-21 02:45:48,P4D-957-T.jpg
MM0-998-C,MEX,Audi A3,Gris Oscuro,Remarcaje,Francisco Serrano Trejo,2017-06-14 04:55:32,MM0-998-C.jpg
LRE-774-J,MEX,Chevrolet Spark,Naranja,Activo,Regina Alvarez Bravo,2026-01-19 04:01:01,LRE-774-J.jpg
LZV-550-W,MEX,Volkswagen Vento,Azul Marino,En Proceso Legal,Martha Avila Vargas,2018-03-15 20:22:02,LZV-550-W.jpg
N0A-108-Y,MEX,Honda Accord,Morado,Cancelado,Francisco Mendoza Dominguez,2023-06-05 05:20:41,N0A-108-Y.jpg
NGS-369-M,MEX,Mercedes-Benz C-Class,Morado,Recuperado,Camila Solano Montoya,2025-07-31 01:36:28,NGS-369-M.jpg
M4F-380-V,MEX,Hyundai Accent,Verde,Reposicion,Fernando Esquivel Lopez,2024-03-22 01:01:06,M4F-380-V.jpg
NUG-097-R,MEX,Jeep Compass,Verde,Irregular,Beatriz Leal Rios,2023-10-02 21:52:43,NUG-097-R.jpg
P2F-273-X,MEX,Nissan Versa,Rojo,Activo,Ernesto Rodriguez Luna,2021-04-17 20:37:28,P2F-273-X.jpg
PAS-329-B,MEX,Volkswagen Amarok,Vino,Activo,Rocio Valdez Salazar,2021-11-15 06:26:34,PAS-329-B.jpg
MXR-521-V,MEX,Volkswagen Jetta,Plateado,Homologacion,Fernando Rios Soto,2023-10-20 01:12:46,MXR-521-V.jpg
MAY-638-Z,MEX,Volkswagen Vento,Plateado,Robado,Susana Medina Juarez,2022-05-07 06:56:24,MAY-638-Z.jpg
LHK-909-E,MEX,Mercedes-Benz A-Class,Verde Oscuro,Reposicion,Jesus Camacho Trejo,2022-09-29 00:55:02,LHK-909-E.jpg
P40-746-D,MEX,Jeep Wrangler,Amarillo,Activo,Felipe Sandoval Barajas,2019-09-18 14:49:49,P40-746-D.jpg
NCU-669-S,MEX,Kia Sportage,Blanco Perlado,Activo,Susana Alvarez Cabrera,2017-06-10 06:56:10,NCU-669-S.jpg
MJM-598-L,MEX,BMW 5 Series,Morado,Reposicion,Marina Ramos Correa,2018-11-16 10:27:16,MJM-598-L.jpg
P9Y-780-F,MEX,Audi Q3,Cafe,Activo,Alicia Plascencia Fuentes,2025-12-10 23:45:21,P9Y-780-F.jpg
NPY-125-G,MEX,Hyundai Santa Fe,Naranja,Baja Definitiva,Raul Valdez Portillo,2021-05-07 01:34:31,NPY-125-G.jpg
NDN-905-F,MEX,Kia Forte,Naranja,En Proceso Legal,Marisol Perez Suarez,2022-07-10 02:27:35,NDN-905-F.jpg
MR2-754-J,MEX,Hyundai Tucson,Rojo Oscuro,Importacion Temporal,Fabiola Estrada Valencia,2018-06-12 13:14:52,MR2-754-J.jpg
MMW-227-L,MEX,Ford Fiesta,Gris,Activo,Armando Fuentes Jimenez,2025-05-06 16:33:08,MMW-227-L.jpg
MF5-598-X,MEX,Fiat Cronos,Naranja,Homologacion,Teresa Cordero Solano,2018-02-26 23:52:15,MF5-598-X.jpg
NRZ-334-N,MEX,Volkswagen Golf,Amarillo,Activo,Alicia Valdez Herrera,2025-10-06 05:45:16,NRZ-334-N.jpg
NGE-481-B,MEX,Honda HR-V,Gris,Irregular,Eduardo Jimenez Delgado,2017-05-30 08:34:48,NGE-481-B.jpg
N2R-510-V,MEX,Mercedes-Benz GLC,Naranja,En Proceso Legal,Claudia Dominguez Gonzalez,2017-02-05 14:49:01,N2R-510-V.jpg
LH4-684-H,MEX,Chevrolet Cruze,Amarillo,Importacion Definitiva,Felipe Orozco Navarro,2017-05-21 20:30:18,LH4-684-H.jpg
LVK-083-G,MEX,Peugeot 308,Beige,Robado,Noe Espinoza Cordero,2017-06-01 20:47:51,LVK-083-G.jpg
P22-085-G,MEX,Toyota Corolla,Amarillo,Remarcaje,Rosa Pacheco Portillo,2025-03-30 08:16:33,P22-085-G.jpg
NZ3-339-J,MEX,Fiat 500,Gris Oscuro,Recuperado,Martha Pacheco Navarro,2025-04-24 03:55:21,NZ3-339-J.jpg
P4F-677-W,MEX,Jeep Wrangler,Gris Oscuro,Importacion Definitiva,Ernesto Mora Navarro,2025-10-20 03:46:52,P4F-677-W.jpg
NC2-072-P,MEX,Kia Sportage,Gris,Activo,Guillermo Rios Trejo,2023-03-05 04:24:18,NC2-072-P.jpg
PDE-471-T,MEX,Jeep Renegade,Rojo Oscuro,En Proceso Legal,Camila Gonzalez Chavez,2023-07-16 20:34:39,PDE-471-T.jpg
P6B-863-B,MEX,Audi Q3,Gris,Baja Definitiva,Laura Maldonado Rosales,2017-07-02 20:25:17,P6B-863-B.jpg
ND0-418-P,MEX,Nissan NP300,Azul Marino,Activo,Laura Zamora Morales,2021-03-13 19:03:43,ND0-418-P.jpg
M8Y-009-V,MEX,Ford Focus,Gris Oscuro,Activo,Jorge Carrillo Zarate,2023-10-01 06:32:47,M8Y-009-V.jpg
MTU-384-Y,MEX,Nissan Versa,Morado,Importacion Temporal,Leticia Mejia Ortega,2022-01-21 20:38:54,MTU-384-Y.jpg
P2G-453-E,MEX,Honda CR-V,Blanco Perlado,Irregular,Ernesto Rivera Zarate,2023-01-12 17:27:17,P2G-453-E.jpg
M6V-579-W,MEX,Toyota Corolla,Verde,Activo,Alejandra Navarro Zarate,2017-07-24 19:09:03,M6V-579-W.jpg
PCW-125-N,MEX,Volkswagen Jetta,Verde,Baja Definitiva,Emilio Villanueva Estrada,2024-05-03 18:53:16,PCW-125-N.jpg
LNH-678-M,MEX,BMW 5 Series,Naranja,Baja Definitiva,Lucia Zarate Sandoval,2025-06-26 13:52:01,LNH-678-M.jpg
PC3-404-V,MEX,Nissan March,Plateado,Recuperado,David Navarro Garcia,2022-03-17 12:33:37,PC3-404-V.jpg
NBR-413-C,MEX,Fiat Cronos,Dorado,Activo,Veronica Urbina Jimenez,2020-12-07 14:10:55,NBR-413-C.jpg
N2H-944-K,MEX,Ford Ranger,Verde Oscuro,Activo,Hector Camacho Martinez,2024-04-18 00:24:10,N2H-944-K.jpg
N8J-676-K,MEX,BMW X3,Verde Oscuro,Homologacion,Ernesto Sanchez Zarate,2023-06-04 00:15:29,N8J-676-K.jpg
PEC-787-G,MEX,Ford Ranger,Azul,Activo,Ana Solano Valencia,2026-01-05 14:36:40,PEC-787-G.jpg
NJM-252-D,MEX,Fiat Cronos,Rojo Oscuro,Robado,Miguel Palacios Vargas,2017-09-30 09:01:13,NJM-252-D.jpg
M5K-849-W,MEX,Mercedes-Benz A-Class,Beige,Robado,Camila Pineda Del Valle,2025-04-10 08:08:10,M5K-849-W.jpg
N8T-100-Z,MEX,BMW 3 Series,Verde,Activo,Rebeca Cervantes Lopez,2018-08-13 19:16:20,N8T-100-Z.jpg
MMJ-091-S,MEX,Peugeot 208,Verde Oscuro,Activo,Valeria Maldonado Mora,2026-01-23 18:40:03,MMJ-091-S.jpg
M61-715-B,MEX,Peugeot 308,Beige,Recuperado,Carlos Ortega Escobar,2026-04-26 11:00:19,M61-715-B.jpg
LJ5-826-P,MEX,Volkswagen Amarok,Verde,Baja Definitiva,Mauricio Correa Rosales,2025-07-23 09:53:16,LJ5-826-P.jpg
MPR-319-P,MEX,Nissan Versa,Rojo,Recuperado,Gabriela Zamora Castillo,2024-05-24 03:44:02,MPR-319-P.jpg
N88-875-L,MEX,Chevrolet Spark,Plateado,Remarcaje,Gabriela Urbina Chavez,2018-12-08 11:45:00,N88-875-L.jpg
MYV-953-R,MEX,Jeep Compass,Naranja,Importacion Definitiva,Monica Romero Pineda,2017-10-28 21:51:22,MYV-953-R.jpg
MCK-937-P,MEX,BMW 5 Series,Gris,Robado,Silvia Torres Beltran,2018-03-09 08:36:20,MCK-937-P.jpg
NUU-238-U,MEX,Jeep Renegade,Amarillo,Homologacion,Daniela Flores Reyes,2020-10-15 01:36:00,NUU-238-U.jpg
P0M-940-G,MEX,BMW 5 Series,Vino,Importacion Definitiva,Eduardo Espinoza Perez,2021-01-29 04:27:06,P0M-940-G.jpg
NTX-004-X,MEX,Renault Logan,Vino,Homologacion,Yolanda Castro Villanueva,2023-02-01 05:28:27,NTX-004-X.jpg
NXA-012-W,MEX,Ford Focus,Morado,Robado,Guillermo Villanueva Orozco,2019-11-12 06:16:48,NXA-012-W.jpg
NLW-793-P,MEX,Kia Forte,Blanco Perlado,Remarcaje,Laura Chavez Ortega,2018-08-17 15:42:45,NLW-793-P.jpg
M16-613-Z,MEX,Hyundai Elantra,Vino,Activo,Luis Montoya Juarez,2024-11-04 11:29:17,M16-613-Z.jpg
MFP-312-W,MEX,BMW 3 Series,Negro,Cancelado,Hector Aguilar Bravo,2022-07-07 22:33:30,MFP-312-W.jpg
LUT-486-N,MEX,Toyota Prius,Beige,Recuperado,Gabriela Huerta Urbina,2026-05-02 08:53:29,LUT-486-N.jpg
MNV-829-N,MEX,Kia Sorento,Azul Marino,Importacion Temporal,German Jimenez Esquivel,2024-08-25 06:24:34,MNV-829-N.jpg
NY6-141-N,MEX,Renault Logan,Morado,Homologacion,Antonio Cruz Fuentes,2019-11-12 17:43:15,NY6-141-N.jpg
LZR-124-N,MEX,Nissan Sentra,Vino,Importacion Definitiva,Carlos Trejo Jimenez,2019-04-16 03:23:48,LZR-124-N.jpg
NCK-013-S,MEX,Audi A3,Gris Oscuro,Cancelado,Hugo Beltran Campos,2018-11-30 11:56:41,NCK-013-S.jpg
P4E-007-E,MEX,Peugeot 3008,Morado,Baja Temporal,Cecilia Quintero Juarez,2025-07-27 04:24:32,P4E-007-E.jpg
NZ3-741-P,MEX,Nissan Versa,Vino,Activo,Antonio Guerrero Delgado,2022-07-23 16:58:16,NZ3-741-P.jpg
LVV-534-L,MEX,Renault Duster,Verde,Cancelado,Adriana Fuentes Fuentes,2023-10-22 03:52:47,LVV-534-L.jpg
NZV-850-E,MEX,Honda Civic,Naranja,Remarcaje,Regina Cervantes Maldonado,2020-08-05 12:56:21,NZV-850-E.jpg
LH8-704-M,MEX,Toyota Hilux,Azul,Robado,Estela Mendoza Villanueva,2026-03-25 13:10:13,LH8-704-M.jpg
NKT-062-N,MEX,Mercedes-Benz C-Class,Gris Oscuro,Activo,Rosa Villanueva Cordero,2024-01-02 06:10:32,NKT-062-N.jpg
P17-067-X,MEX,Mercedes-Benz C-Class,Plateado,Importacion Definitiva,Ricardo Diaz Lopez,2025-01-04 13:37:14,P17-067-X.jpg
MYG-545-B,MEX,Hyundai Accent,Gris,Irregular,Adolfo Sanchez De La Cruz,2020-04-29 08:53:24,MYG-545-B.jpg
NWG-403-H,MEX,Peugeot 5008,Amarillo,Baja Temporal,Jose Sandoval Izquierdo,2021-08-19 21:34:53,NWG-403-H.jpg
MA3-781-Z,MEX,Mercedes-Benz C-Class,Morado,Activo,Jorge Acosta Solano,2017-01-29 00:58:08,MA3-781-Z.jpg
MBP-803-T,MEX,Peugeot 5008,Verde Oscuro,Homologacion,Jose Martinez Zamora,2018-01-22 01:32:14,MBP-803-T.jpg
M5N-184-C,MEX,Volkswagen Jetta,Plateado,Robado,Silvia Avila Rosales,2021-08-25 00:29:06,M5N-184-C.jpg
LVE-687-K,MEX,Nissan Versa,Plateado,Activo,Noe Villegas Sandoval,2021-06-02 02:19:49,LVE-687-K.jpg
NLX-254-N,MEX,Ford Focus,Verde,Cancelado,Beatriz Hernandez Quintero,2022-04-15 06:25:52,NLX-254-N.jpg
M3W-108-J,MEX,Mercedes-Benz GLA,Rojo Oscuro,Importacion Definitiva,Teresa Dominguez Camacho,2026-03-03 07:21:34,M3W-108-J.jpg
MU0-849-N,MEX,Peugeot 3008,Blanco,Activo,Carlos Morales Izquierdo,2022-05-12 12:15:45,MU0-849-N.jpg
MDR-838-B,MEX,Hyundai Santa Fe,Negro,Importacion Definitiva,Benjamin Cabrera Campos,2022-09-25 12:14:46,MDR-838-B.jpg
MKM-254-H,MEX,Hyundai Elantra,Morado,Baja Temporal,Valeria Luna Sanchez,2019-10-16 14:59:50,MKM-254-H.jpg
P4P-917-V,MEX,Honda Civic,Vino,Activo,Elias Pacheco Martinez,2019-03-17 05:54:45,P4P-917-V.jpg
MGG-683-V,MEX,BMW 3 Series,Cafe,Importacion Temporal,Felipe Rios Perez,2018-08-19 04:22:37,MGG-683-V.jpg
P07-383-C,MEX,Toyota Hilux,Rojo,Cancelado,Oscar Morales Cordero,2019-12-14 19:20:22,P07-383-C.jpg
NAW-218-H,MEX,Peugeot 208,Blanco,Reposicion,Pedro De La Cruz Del Valle,2026-04-13 09:58:51,NAW-218-H.jpg
NAU-744-F,MEX,Nissan Sentra,Gris Oscuro,Activo,Rebeca Chavez Dominguez,2019-08-21 02:57:12,NAU-744-F.jpg
NZP-133-A,MEX,Audi Q5,Verde,Cancelado,Yolanda Portillo Cervantes,2022-01-27 18:12:45,NZP-133-A.jpg
MX6-622-U,MEX,Peugeot 308,Blanco Perlado,Remarcaje,Jorge Tovar Rios,2018-03-06 18:07:58,MX6-622-U.jpg
MHA-200-Z,MEX,Mercedes-Benz GLC,Verde Oscuro,Activo,Maria Ortega Rios,2021-08-19 08:35:38,MHA-200-Z.jpg
LZF-105-N,MEX,Nissan Sentra,Azul,Activo,Jorge Castro Huerta,2020-12-02 18:00:47,LZF-105-N.jpg
NHR-144-F,MEX,Audi A3,Verde Oscuro,Recuperado,Marcos Pineda Torres,2017-09-13 15:11:45,NHR-144-F.jpg
MDN-524-Y,MEX,Fiat 500,Verde Oscuro,Baja Temporal,Ignacio Villanueva Salazar,2023-01-07 00:39:42,MDN-524-Y.jpg
P3S-055-Y,MEX,Mercedes-Benz A-Class,Vino,Recuperado,Lorena Hernandez Fuentes,2021-12-12 10:58:48,P3S-055-Y.jpg
NHF-922-S,MEX,Nissan NP300,Plateado,Activo,German Reyes Serrano,2019-05-29 06:55:30,NHF-922-S.jpg
LMB-056-P,MEX,Jeep Wrangler,Blanco Perlado,En Proceso Legal,Cecilia Serrano Gutierrez,2018-02-03 14:34:07,LMB-056-P.jpg
NTJ-344-A,MEX,Chevrolet Spark,Plateado,Reposicion,Gabriela Reyes Zamora,2025-05-18 13:07:35,NTJ-344-A.jpg
P5C-575-L,MEX,Mazda CX-5,Dorado,Baja Temporal,Carolina Quiroz Luna,2025-05-30 13:17:01,P5C-575-L.jpg
N75-094-T,MEX,Fiat Cronos,Gris,Irregular,Julieta Espinoza Bravo,2020-02-28 23:16:22,N75-094-T.jpg
PAY-839-V,MEX,Renault Kwid,Dorado,Activo,Susana Avila Reyes,2020-08-13 00:10:03,PAY-839-V.jpg
MZJ-165-D,MEX,Hyundai Santa Fe,Beige,Importacion Temporal,Elizabeth Tovar Rios,2020-01-30 23:30:51,MZJ-165-D.jpg
NW6-484-C,MEX,Mercedes-Benz GLA,Azul,Activo,Ernesto Luna Maldonado,2025-08-20 13:07:43,NW6-484-C.jpg
LSH-842-C,MEX,Chevrolet Aveo,Azul Marino,Recuperado,Cristian Martinez Jimenez,2018-02-04 05:30:15,LSH-842-C.jpg
MS6-701-M,MEX,Audi A3,Blanco Perlado,Homologacion,Francisco Mendoza Cruz,2025-10-16 22:30:39,MS6-701-M.jpg
NY0-214-V,MEX,Peugeot 208,Rojo,Baja Definitiva,Roberto Quiroz Rivera,2020-06-10 06:16:28,NY0-214-V.jpg
NBH-679-E,MEX,Audi A4,Naranja,Baja Temporal,Ana Vargas Campos,2022-09-19 18:38:11,NBH-679-E.jpg
MEY-058-S,MEX,Peugeot 308,Rojo Oscuro,Activo,Cristian Flores Herrera,2018-04-25 19:41:40,MEY-058-S.jpg
M90-790-J,MEX,Volkswagen Vento,Rojo Oscuro,Activo,Diego Correa Peña,2022-04-18 23:09:23,M90-790-J.jpg
MFZ-296-C,MEX,Ford Fusion,Verde Oscuro,Robado,Sofia Sandoval Suarez,2021-01-29 20:04:35,MFZ-296-C.jpg
LJ6-658-L,MEX,BMW X3,Rojo,Importacion Temporal,Jorge Diaz Vazquez,2018-04-04 16:57:59,LJ6-658-L.jpg
NY0-152-C,MEX,Kia Sorento,Verde Oscuro,Remarcaje,Cristian Olvera Montoya,2026-01-14 00:17:34,NY0-152-C.jpg
N60-594-V,MEX,Chevrolet Cruze,Plateado,Activo,Fabiola Martinez Leal,2025-07-27 04:33:50,N60-594-V.jpg
MDK-460-D,MEX,Hyundai Accent,Dorado,Activo,Ignacio Villalobos Moya,2022-10-27 03:26:40,MDK-460-D.jpg
NEX-071-Y,MEX,Fiat Cronos,Amarillo,Irregular,Sandra Serrano Mendoza,2023-01-13 14:11:06,NEX-071-Y.jpg
N36-739-P,MEX,Renault Logan,Azul Marino,En Proceso Legal,Daniel Barajas Del Valle,2023-06-27 20:45:53,N36-739-P.jpg
NDF-406-H,MEX,Jeep Renegade,Morado,Homologacion,Guadalupe Ramirez Valencia,2018-03-25 09:37:44,NDF-406-H.jpg
NHE-199-F,MEX,Renault Sandero,Dorado,Reposicion,Benjamin Perez Orozco,2020-09-18 10:37:50,NHE-199-F.jpg
P4M-593-E,MEX,Mazda 3,Morado,Importacion Definitiva,Ignacio Acosta Dominguez,2021-03-05 19:41:53,P4M-593-E.jpg
MM5-342-X,MEX,Fiat Cronos,Rojo Oscuro,Activo,Jesus Juarez Navarro,2017-10-15 01:07:30,MM5-342-X.jpg
P0W-257-Y,MEX,Kia Sportage,Azul Marino,Recuperado,Guadalupe Mejia Soto,2020-11-20 03:19:24,P0W-257-Y.jpg
P55-592-V,MEX,Renault Logan,Rojo,Activo,Benjamin Mendoza Tovar,2017-11-23 04:57:27,P55-592-V.jpg
NFH-923-K,MEX,Peugeot 308,Amarillo,Remarcaje,Javier Valencia Valdez,2024-07-22 08:14:05,NFH-923-K.jpg
MZ7-420-T,MEX,Chevrolet Beat,Plateado,En Proceso Legal,Leticia Soto Herrera,2019-03-08 12:19:18,MZ7-420-T.jpg
LNY-941-U,MEX,Mercedes-Benz GLA,Blanco,Irregular,Elizabeth Cordero Salazar,2021-01-13 04:04:50,LNY-941-U.jpg
NM8-192-Y,MEX,Renault Duster,Verde Oscuro,Homologacion,Laura Mejia Torres,2021-08-18 05:33:44,NM8-192-Y.jpg
LVL-813-R,MEX,Chevrolet Aveo,Negro,En Proceso Legal,Yolanda Valencia Camacho,2022-06-19 10:02:56,LVL-813-R.jpg
NGX-778-G,MEX,Hyundai Accent,Blanco Perlado,Importacion Definitiva,Carolina Alvarez Contreras,2018-04-22 09:40:50,NGX-778-G.jpg
LVZ-986-Z,MEX,Mazda 2,Verde,Activo,Marco Herrera Gallegos,2022-08-03 03:16:42,LVZ-986-Z.jpg
MNY-935-D,MEX,Audi Q3,Gris Oscuro,Baja Definitiva,Marco Guerrero De La Cruz,2022-06-19 10:06:29,MNY-935-D.jpg
MUZ-393-L,MEX,Mazda MX-5,Vino,Activo,Rosa Vazquez Acosta,2019-04-17 17:29:47,MUZ-393-L.jpg
MHT-838-L,MEX,Nissan NP300,Gris,Activo,Alejandra Villegas Torres,2024-03-07 23:03:23,MHT-838-L.jpg
NR1-984-H,MEX,Nissan March,Rojo,Activo,Lucia Nieto Acosta,2024-07-11 21:17:11,NR1-984-H.jpg
MKA-281-U,MEX,Chevrolet Beat,Amarillo,Homologacion,Ricardo Tovar Delgado,2017-02-02 22:05:48,MKA-281-U.jpg
N4E-920-B,MEX,Mazda MX-5,Blanco Perlado,Activo,Paola Herrera Zarate,2020-05-11 11:24:10,N4E-920-B.jpg
N8K-728-V,MEX,Mercedes-Benz A-Class,Azul Marino,Irregular,Liliana Trejo Pacheco,2022-03-25 00:38:13,N8K-728-V.jpg
MPG-815-L,MEX,Chevrolet Spark,Gris,Activo,Susana Gutierrez Solano,2025-05-02 11:01:44,MPG-815-L.jpg
N1L-167-K,MEX,Mercedes-Benz A-Class,Amarillo,En Proceso Legal,Ignacio Martinez Nieto,2017-01-04 12:38:17,N1L-167-K.jpg
NRK-632-Z,MEX,Mazda 3,Naranja,Recuperado,Alejandra Pineda Rodriguez,2025-06-02 03:18:12,NRK-632-Z.jpg
NL9-325-C,MEX,Chevrolet Aveo,Dorado,Homologacion,Oscar Zamora Sanchez,2020-07-21 12:42:09,NL9-325-C.jpg
P6M-049-T,MEX,Renault Logan,Vino,Recuperado,Alejandra Valencia Jimenez,2019-10-28 11:47:12,P6M-049-T.jpg
MS2-187-P,MEX,Audi A4,Verde Oscuro,En Proceso Legal,Yolanda Huerta Huerta,2026-05-23 11:27:40,MS2-187-P.jpg
P6S-332-X,MEX,Fiat Argo,Beige,Irregular,Regina Dominguez Dominguez,2022-10-10 15:23:15,P6S-332-X.jpg
N78-875-F,MEX,Mazda MX-5,Morado,Activo,Emilio Arroyo Sepulveda,2017-08-30 09:22:46,N78-875-F.jpg
P2F-457-X,MEX,Volkswagen Jetta,Gris,Activo,Alberto Zamora Delgado,2024-04-30 21:35:31,P2F-457-X.jpg
M3Z-095-C,MEX,Toyota Corolla,Blanco,Robado,German Contreras Velazquez,2021-02-27 12:49:49,M3Z-095-C.jpg
P9E-859-Y,MEX,BMW 5 Series,Morado,Robado,Luis Olvera Carrillo,2024-11-04 20:44:24,P9E-859-Y.jpg
N0G-414-F,MEX,Kia Rio,Plateado,En Proceso Legal,Alberto Villanueva Gonzalez,2021-03-22 04:56:37,N0G-414-F.jpg
NE1-081-F,MEX,Renault Sandero,Azul,Importacion Temporal,Gabriela Quintero Urbina,2018-05-12 08:43:16,NE1-081-F.jpg
NKC-731-H,MEX,Mercedes-Benz C-Class,Morado,Baja Temporal,Benjamin Sepulveda Montes,2023-03-24 14:54:18,NKC-731-H.jpg
P4P-122-N,MEX,Volkswagen Vento,Amarillo,Cancelado,Andres Correa Salazar,2019-08-19 11:36:16,P4P-122-N.jpg
MGG-060-R,MEX,Jeep Renegade,Beige,Activo,Cecilia Morales Villegas,2023-02-28 16:12:29,MGG-060-R.jpg
P1D-413-Y,MEX,Renault Duster,Gris Oscuro,Baja Definitiva,Beatriz Estrada Sandoval,2017-10-12 14:33:23,P1D-413-Y.jpg
NBX-977-S,MEX,Toyota Corolla,Azul,En Proceso Legal,Ernesto Plascencia Vazquez,2024-03-14 02:29:47,NBX-977-S.jpg
N2X-742-R,MEX,Fiat Toro,Cafe,Irregular,Jose Sanchez Gutierrez,2021-03-01 04:59:50,N2X-742-R.jpg
PEN-952-B,MEX,Mazda MX-5,Rojo,Recuperado,Diego Herrera Valencia,2021-07-20 17:56:27,PEN-952-B.jpg
NRW-560-Z,MEX,Renault Kwid,Gris Oscuro,Activo,Ignacio Chavez Del Valle,2020-10-19 06:41:06,NRW-560-Z.jpg
NVC-445-W,MEX,Honda HR-V,Beige,En Proceso Legal,Teresa Campos Sepulveda,2018-09-21 18:36:06,NVC-445-W.jpg
P05-606-C,MEX,Mercedes-Benz GLA,Vino,Reposicion,Marcos Zarate Carrillo,2018-03-29 23:51:01,P05-606-C.jpg
MDE-030-U,MEX,Nissan March,Morado,Irregular,Armando Ortega Cordero,2019-03-09 22:06:45,MDE-030-U.jpg
P62-922-V,MEX,Jeep Wrangler,Azul,Importacion Definitiva,Miguel Fernandez Urbina,2024-02-18 04:22:27,P62-922-V.jpg
M4Z-682-D,MEX,BMW 5 Series,Azul,Activo,Ricardo Rosales Estrada,2017-04-17 13:31:44,M4Z-682-D.jpg
P4B-917-F,MEX,Renault Duster,Blanco Perlado,Activo,Elias Cabrera Bravo,2019-09-28 18:40:22,P4B-917-F.jpg
M2P-417-D,MEX,Renault Logan,Plateado,Activo,Hector Mora Salazar,2024-04-23 05:55:54,M2P-417-D.jpg
NER-831-R,MEX,Honda CR-V,Dorado,Homologacion,Daniela Montes Arellano,2024-10-21 16:44:52,NER-831-R.jpg
LHR-536-V,MEX,Mercedes-Benz C-Class,Blanco,Activo,Fernando Fernandez Vazquez,2017-01-30 21:10:12,LHR-536-V.jpg
P65-574-N,MEX,Audi A3,Azul,Activo,Salvador Rosales Nieto,2019-03-29 13:12:37,P65-574-N.jpg
NYF-388-Y,MEX,Renault Logan,Dorado,Recuperado,Jesus Velazquez Delgado,2022-02-17 07:50:09,NYF-388-Y.jpg
MGA-341-S,MEX,Kia Rio,Plateado,Activo,Francisco Gonzalez Arroyo,2020-09-26 14:45:45,MGA-341-S.jpg
LZK-498-X,MEX,Peugeot 5008,Vino,Importacion Temporal,Ricardo Alvarez Portillo,2025-03-17 21:04:52,LZK-498-X.jpg
P7K-141-M,MEX,Mazda 3,Gris Oscuro,En Proceso Legal,Renata Rosales Cordero,2023-07-19 15:17:52,P7K-141-M.jpg
P2S-196-B,MEX,Hyundai Elantra,Gris Oscuro,Activo,Guadalupe Aguilar Figueroa,2024-12-27 02:45:54,P2S-196-B.jpg
MUV-015-Y,MEX,Ford Fusion,Dorado,Activo,Miguel Flores Ortega,2017-10-17 05:54:52,MUV-015-Y.jpg
M0R-531-W,MEX,Hyundai Santa Fe,Beige,Activo,Carmen Del Valle Cordero,2026-02-08 06:46:32,M0R-531-W.jpg
N00-423-L,MEX,Kia Sorento,Gris Oscuro,Remarcaje,Miguel Herrera Beltran,2025-05-22 11:13:56,N00-423-L.jpg
NBM-452-J,MEX,Mercedes-Benz GLC,Azul,Activo,Marcos Gallegos Contreras,2025-10-30 16:33:48,NBM-452-J.jpg
NC2-573-N,MEX,Honda HR-V,Azul,Activo,Oscar Castro Lopez,2024-06-12 09:50:57,NC2-573-N.jpg
NTT-482-R,MEX,Volkswagen Golf,Plateado,Activo,Valeria Olvera Perez,2017-09-15 16:36:19,NTT-482-R.jpg
LY5-223-D,MEX,BMW 5 Series,Blanco,Irregular,Hector Montes Urbina,2025-10-21 10:48:41,LY5-223-D.jpg
LYV-234-W,MEX,BMW 5 Series,Blanco,Reposicion,Juan Ruiz Delgado,2018-11-12 06:20:57,LYV-234-W.jpg
LLE-886-U,MEX,BMW X3,Negro,Cancelado,Veronica Nieto Pacheco,2020-11-22 22:57:59,LLE-886-U.jpg
LR2-742-D,MEX,Volkswagen Jetta,Morado,Baja Definitiva,Alberto Huerta Rios,2023-06-28 10:35:18,LR2-742-D.jpg
PCT-682-F,MEX,Honda Civic,Verde Oscuro,Importacion Definitiva,Arturo Solano Contreras,2019-04-26 04:19:06,PCT-682-F.jpg
NLX-511-U,MEX,Honda Civic,Cafe,Importacion Temporal,Daniel Hernandez Soto,2019-12-11 10:48:41,NLX-511-U.jpg
MBJ-403-U,MEX,Renault Duster,Cafe,Activo,Jesus Quiroz Rodriguez,2024-03-03 09:45:36,MBJ-403-U.jpg
NHL-897-Z,MEX,Chevrolet Spark,Amarillo,Activo,Adolfo Cabrera Fernandez,2026-02-05 07:47:53,NHL-897-Z.jpg
P7K-575-B,MEX,Nissan Sentra,Verde Oscuro,Activo,Jesus Romero Guerrero,2017-06-17 09:45:19,P7K-575-B.jpg
NDE-830-F,MEX,Chevrolet Cruze,Azul,Irregular,Claudia Cruz De La Cruz,2018-01-14 12:23:36,NDE-830-F.jpg
MBP-041-R,MEX,Kia Sorento,Plateado,Baja Definitiva,Alberto Fernandez Barajas,2025-05-21 19:14:17,MBP-041-R.jpg
MUB-178-P,MEX,Renault Kwid,Gris Oscuro,Importacion Temporal,Guadalupe Tapia Contreras,2026-03-24 17:11:27,MUB-178-P.jpg
NUJ-099-A,MEX,Ford Ranger,Blanco,Remarcaje,Beatriz Quintero Torres,2017-08-12 03:50:35,NUJ-099-A.jpg
P06-193-L,MEX,Honda Civic,Morado,Remarcaje,Leticia Cervantes Maldonado,2018-07-07 05:17:49,P06-193-L.jpg
N39-060-Z,MEX,Kia Sorento,Blanco Perlado,Activo,Renata Zamora Gonzalez,2021-08-05 19:22:48,N39-060-Z.jpg
MLB-821-J,MEX,Volkswagen Golf,Dorado,Activo,Susana Luna Ortega,2020-01-26 16:21:28,MLB-821-J.jpg
MWF-908-Y,MEX,Mercedes-Benz GLC,Plateado,Cancelado,Carmen Olvera Delgado,2023-02-12 12:54:52,MWF-908-Y.jpg
P1M-098-H,MEX,Honda HR-V,Gris,Homologacion,Benjamin Del Valle Cruz,2018-12-30 00:13:26,P1M-098-H.jpg
P7V-471-S,MEX,Mazda 3,Morado,Reposicion,Salvador Acosta De La Cruz,2021-09-03 08:45:38,P7V-471-S.jpg
MD0-407-E,MEX,Mazda 2,Dorado,Baja Definitiva,Francisco Chavez Aguilar,2025-04-14 01:20:34,MD0-407-E.jpg
NEW-928-J,MEX,Nissan NP300,Rojo,Activo,Angela Mendoza Cordero,2025-07-09 23:28:28,NEW-928-J.jpg
NAE-769-U,MEX,Honda Accord,Naranja,Activo,Carlos Estrada Izquierdo,2023-05-22 05:27:30,NAE-769-U.jpg
MPR-113-B,MEX,Fiat Argo,Azul,Baja Definitiva,Luis Salazar Villanueva,2018-09-15 04:51:01,MPR-113-B.jpg
MD0-642-U,MEX,Renault Kwid,Plateado,Activo,Susana Arroyo Mora,2019-03-11 22:18:21,MD0-642-U.jpg
P8U-885-Z,MEX,Hyundai Elantra,Blanco Perlado,En Proceso Legal,Veronica Villegas Trejo,2023-03-16 10:38:18,P8U-885-Z.jpg
LZV-366-U,MEX,Audi A4,Rojo Oscuro,Homologacion,Estela Romero Quintero,2022-09-28 00:46:52,LZV-366-U.jpg
NMT-828-U,MEX,Toyota Yaris,Negro,Irregular,Luis Mendoza Torres,2024-02-19 20:15:23,NMT-828-U.jpg
N99-521-J,MEX,Volkswagen Golf,Plateado,Baja Temporal,Martha Jimenez Zarate,2020-09-06 20:03:32,N99-521-J.jpg
NDN-853-G,MEX,Jeep Grand Cherokee,Blanco,Cancelado,Carolina Trejo Martinez,2019-08-10 15:58:15,NDN-853-G.jpg
P2H-725-V,MEX,Peugeot 308,Naranja,Robado,Teresa Ortega Solano,2024-09-25 21:35:32,P2H-725-V.jpg
M8U-607-U,MEX,Volkswagen Jetta,Blanco,Irregular,Pedro Ruiz Castillo,2026-04-03 21:27:15,M8U-607-U.jpg
LUS-525-Y,MEX,Nissan Versa,Rojo,Activo,Gabriela Vazquez Dominguez,2022-04-29 23:41:08,LUS-525-Y.jpg
LS8-938-E,MEX,Kia Rio,Gris,Cancelado,Carolina Herrera Arellano,2021-03-01 01:23:44,LS8-938-E.jpg
M0B-093-H,MEX,Jeep Renegade,Negro,Importacion Temporal,Leticia Leal Pineda,2025-05-06 06:48:56,M0B-093-H.jpg
MCR-733-E,MEX,Fiat Toro,Morado,Remarcaje,Oscar Sandoval Plascencia,2020-01-11 14:58:04,MCR-733-E.jpg
PN0-628-J,MICH,Ford Focus,Amarillo,Importacion Temporal,Rocio Arellano Camacho,2021-12-31 23:53:38,PN0-628-J.jpg
PNM-520-F,MICH,Chevrolet Cruze,Verde,Irregular,David Peña Figueroa,2023-08-09 10:04:57,PNM-520-F.jpg
PSK-178-Z,MICH,Renault Duster,Rojo,Irregular,Elsa Fernandez Arellano,2025-11-25 03:37:56,PSK-178-Z.jpg
PUJ-262-M,MICH,Honda HR-V,Azul Marino,Cancelado,Ruben Torres Peña,2018-10-29 11:48:22,PUJ-262-M.jpg
PLE-460-K,MICH,BMW 3 Series,Naranja,Remarcaje,Rosa Tapia Fuentes,2020-01-09 15:27:24,PLE-460-K.jpg
PHK-854-M,MICH,BMW X5,Azul Marino,Activo,Gabriela Vazquez Huerta,2019-05-02 12:43:29,PHK-854-M.jpg
PHK-770-Z,MICH,Toyota Yaris,Plateado,En Proceso Legal,Laura Avila Flores,2018-12-22 20:41:45,PHK-770-Z.jpg
PP7-318-E,MICH,Hyundai Santa Fe,Blanco Perlado,Activo,Elias Ruiz Moya,2025-03-11 22:12:19,PP7-318-E.jpg
PJG-688-B,MICH,Fiat Argo,Gris Oscuro,Baja Definitiva,Armando Sanchez Izquierdo,2018-06-20 19:55:27,PJG-688-B.jpg
PNL-936-N,MICH,Ford Ranger,Verde,Remarcaje,Estela Quintero Dominguez,2017-10-25 06:16:38,PNL-936-N.jpg
PTB-406-J,MICH,Volkswagen Vento,Blanco,Homologacion,Renata Silva Figueroa,2021-07-06 18:12:22,PTB-406-J.jpg
PUV-737-Z,MICH,Nissan Sentra,Azul Marino,Robado,Ruben Carrillo Bravo,2017-10-23 12:47:25,PUV-737-Z.jpg
PJ9-296-E,MICH,Kia Sorento,Blanco Perlado,Irregular,Sebastian Mora Tapia,2024-11-18 02:05:33,PJ9-296-E.jpg
PJK-315-U,MICH,Peugeot 208,Blanco Perlado,Remarcaje,Angela Villanueva Plascencia,2024-07-29 20:43:59,PJK-315-U.jpg
PS7-966-Z,MICH,Peugeot 5008,Azul Marino,Importacion Temporal,Guillermo Del Valle Pineda,2017-05-23 16:05:09,PS7-966-Z.jpg
PKP-225-P,MICH,Peugeot 3008,Rojo,Reposicion,Adriana Soto Arroyo,2019-09-23 04:51:01,PKP-225-P.jpg
PK8-884-K,MICH,Chevrolet Beat,Morado,Activo,Victor Salazar Valdez,2020-10-26 08:51:57,PK8-884-K.jpg
PJ4-963-S,MICH,Jeep Grand Cherokee,Plateado,Remarcaje,Francisco Valdez Montes,2025-01-09 16:31:33,PJ4-963-S.jpg
PKE-076-C,MICH,Toyota Hilux,Dorado,Importacion Definitiva,Sofia Ramos Flores,2023-05-20 12:47:23,PKE-076-C.jpg
PMC-223-M,MICH,Toyota Yaris,Negro,Activo,Martha Lopez Avila,2024-07-17 07:24:57,PMC-223-M.jpg
PJN-788-P,MICH,Fiat Cronos,Amarillo,Baja Definitiva,Teresa Huerta Fuentes,2022-11-06 13:50:48,PJN-788-P.jpg
PPG-584-T,MICH,Chevrolet Aveo,Azul Marino,Activo,Fabiola Arroyo Orozco,2025-07-23 18:18:14,PPG-584-T.jpg
PMF-380-W,MICH,Fiat 500,Gris Oscuro,Homologacion,Ignacio Valdez Vazquez,2020-10-20 17:24:24,PMF-380-W.jpg
PT5-502-X,MICH,Volkswagen Amarok,Gris,Baja Definitiva,Ernesto Gonzalez Delgado,2018-08-03 02:18:54,PT5-502-X.jpg
PM9-755-V,MICH,Peugeot 5008,Negro,En Proceso Legal,Regina Ramos Rodriguez,2025-09-24 08:49:54,PM9-755-V.jpg
PKS-231-W,MICH,Peugeot 3008,Naranja,Baja Definitiva,Gabriela Montes Flores,2018-04-11 06:02:52,PKS-231-W.jpg
PLB-608-B,MICH,Volkswagen Jetta,Dorado,En Proceso Legal,Elias Avila Campos,2022-04-17 21:21:17,PLB-608-B.jpg
PLU-548-V,MICH,Fiat Cronos,Cafe,Importacion Temporal,Rebeca Huerta Ruiz,2022-06-14 10:44:43,PLU-548-V.jpg
PK1-339-U,MICH,Peugeot 3008,Amarillo,Homologacion,Maria Campos Estrada,2020-06-17 17:36:31,PK1-339-U.jpg
PRD-246-A,MICH,Audi A4,Gris Oscuro,Activo,Pedro Correa Sandoval,2022-05-26 21:44:10,PRD-246-A.jpg
PGX-784-J,MICH,Mercedes-Benz GLA,Negro,Activo,Luis Juarez Villegas,2017-08-26 15:14:47,PGX-784-J.jpg
PG2-016-G,MICH,Volkswagen Jetta,Morado,Reposicion,Benjamin Avila Gonzalez,2020-12-28 05:31:11,PG2-016-G.jpg
PFS-436-R,MICH,Kia Sorento,Blanco,Activo,Andres Garcia Morales,2022-09-17 05:39:40,PFS-436-R.jpg
PSE-103-P,MICH,Kia Sorento,Rojo,Robado,Valeria Mejia Guerrero,2019-01-10 09:37:00,PSE-103-P.jpg
PJ4-103-C,MICH,BMW X5,Vino,Importacion Temporal,Ignacio Mendoza Ortega,2024-02-12 01:10:57,PJ4-103-C.jpg
PTN-066-S,MICH,Jeep Wrangler,Negro,Remarcaje,Mauricio Perez Mora,2018-09-06 07:53:03,PTN-066-S.jpg
PSY-510-J,MICH,Chevrolet Spark,Rojo,Irregular,Mauricio Gonzalez Cruz,2020-08-13 22:44:44,PSY-510-J.jpg
PKE-778-M,MICH,Toyota Yaris,Verde,Remarcaje,Rocio Zarate Ortega,2020-02-29 14:23:31,PKE-778-M.jpg
PLZ-525-B,MICH,Chevrolet Cruze,Rojo,Activo,Antonio Hernandez Delgado,2020-05-07 21:22:14,PLZ-525-B.jpg
PPW-414-A,MICH,Toyota Yaris,Dorado,Remarcaje,Hector Villalobos Romero,2023-08-12 21:05:26,PPW-414-A.jpg
PJK-306-R,MICH,Peugeot 5008,Azul Marino,Cancelado,Camila Jimenez Reyes,2022-05-31 10:35:13,PJK-306-R.jpg
PNG-900-V,MICH,Toyota Corolla,Negro,Importacion Temporal,Alejandro Villalobos Tovar,2023-06-07 11:20:40,PNG-900-V.jpg
PHG-302-A,MICH,Mercedes-Benz C-Class,Azul Marino,Importacion Temporal,Elizabeth Sandoval Garcia,2021-05-22 10:02:27,PHG-302-A.jpg
PP2-215-P,MICH,Hyundai Tucson,Verde,Baja Definitiva,Elizabeth Olvera Esquivel,2025-05-18 06:42:37,PP2-215-P.jpg
PJN-072-D,MICH,Jeep Grand Cherokee,Naranja,Reposicion,Victor Sandoval Nieto,2021-10-27 05:17:22,PJN-072-D.jpg
PH4-767-J,MICH,Audi A4,Gris,Activo,Oscar Mora Romero,2025-08-06 12:22:24,PH4-767-J.jpg
PKE-312-K,MICH,Jeep Compass,Gris Oscuro,Baja Temporal,Lucia Mendoza Mendoza,2019-10-20 15:54:10,PKE-312-K.jpg
PLH-605-L,MICH,Jeep Renegade,Morado,Robado,German Correa Villalobos,2022-11-17 09:10:40,PLH-605-L.jpg
PFR-268-U,MICH,Jeep Wrangler,Cafe,Activo,Felipe Izquierdo Plascencia,2017-07-08 08:05:24,PFR-268-U.jpg
PHF-643-Y,MICH,Volkswagen Vento,Amarillo,En Proceso Legal,Martha Luna Beltran,2026-03-14 08:13:55,PHF-643-Y.jpg
PMY-457-W,MICH,Nissan Versa,Naranja,Importacion Temporal,Noe Vazquez Solano,2025-10-04 12:14:04,PMY-457-W.jpg
PFE-647-X,MICH,Mazda CX-5,Verde,Recuperado,Liliana Montes Barajas,2022-07-27 21:35:33,PFE-647-X.jpg
PRH-346-F,MICH,Volkswagen Jetta,Azul,Activo,Angela Torres Izquierdo,2026-03-16 05:35:18,PRH-346-F.jpg
PHG-628-H,MICH,Chevrolet Cruze,Blanco,Robado,Victor Ortega Jimenez,2023-03-23 12:18:38,PHG-628-H.jpg
PTZ-242-X,MICH,Nissan Versa,Vino,Homologacion,Noe Alvarez Navarro,2023-11-18 18:52:21,PTZ-242-X.jpg
PRU-258-P,MICH,Kia Sportage,Plateado,Remarcaje,Rebeca Mendoza Chavez,2019-09-03 09:32:55,PRU-258-P.jpg
PG8-834-A,MICH,Fiat 500,Blanco Perlado,Baja Temporal,Camila Rivera Castillo,2020-07-13 17:20:43,PG8-834-A.jpg
PJ8-387-X,MICH,Peugeot 308,Rojo,Recuperado,Isabel Rios Castillo,2023-07-30 04:16:35,PJ8-387-X.jpg
PFU-137-P,MICH,BMW X5,Verde Oscuro,En Proceso Legal,Julieta Sanchez Mejia,2017-03-28 08:08:34,PFU-137-P.jpg
PRH-053-B,MICH,Honda HR-V,Beige,Activo,Ignacio Silva Aguilar,2021-04-24 22:24:29,PRH-053-B.jpg
PN4-357-R,MICH,Jeep Compass,Gris,Recuperado,Gabriela Flores Lopez,2020-06-10 15:13:18,PN4-357-R.jpg
PJG-232-H,MICH,Volkswagen Jetta,Plateado,Activo,Marcos Valencia Solano,2022-09-08 06:21:36,PJG-232-H.jpg
PR9-487-J,MICH,Volkswagen Golf,Morado,Activo,Liliana Rosales Contreras,2017-12-18 20:44:44,PR9-487-J.jpg
PTH-174-K,MICH,Nissan NP300,Vino,Importacion Definitiva,Ana Ramirez Sanchez,2019-12-28 17:16:15,PTH-174-K.jpg
PFN-055-S,MICH,Ford Focus,Verde,Baja Temporal,Jose Izquierdo Villegas,2022-10-26 22:22:31,PFN-055-S.jpg
PNE-992-C,MICH,Kia Sorento,Rojo Oscuro,Baja Definitiva,Regina Zamora Esquivel,2025-07-08 02:48:50,PNE-992-C.jpg
PJ3-527-U,MICH,Kia Sportage,Cafe,Activo,Martha Valencia Cervantes,2019-07-10 15:34:36,PJ3-527-U.jpg
PK8-458-X,MICH,BMW 3 Series,Vino,Importacion Temporal,Rocio De La Cruz Castillo,2025-12-23 02:41:16,PK8-458-X.jpg
PLT-631-Z,MICH,Ford Ranger,Rojo Oscuro,Importacion Temporal,Ruben Perez Nieto,2024-09-29 00:42:05,PLT-631-Z.jpg
PLH-480-H,MICH,Mazda 2,Azul Marino,Irregular,Jesus Pacheco Rosales,2025-09-20 17:47:44,PLH-480-H.jpg
PPM-110-X,MICH,Renault Kwid,Verde,Irregular,Carmen Chavez Serrano,2020-02-28 22:58:50,PPM-110-X.jpg
PHB-221-U,MICH,Mercedes-Benz A-Class,Gris,Activo,Arturo Bravo Nieto,2020-02-18 18:57:24,PHB-221-U.jpg
PSN-332-W,MICH,Hyundai Tucson,Verde,Cancelado,Hugo Ramirez Contreras,2022-05-06 15:52:49,PSN-332-W.jpg
PNZ-112-Y,MICH,Chevrolet Aveo,Verde,Baja Definitiva,Raul Serrano Escobar,2017-10-26 23:38:31,PNZ-112-Y.jpg
PJM-476-N,MICH,Toyota Yaris,Amarillo,Cancelado,Alejandro Ortega Villalobos,2025-10-24 15:41:39,PJM-476-N.jpg
PLH-645-D,MICH,BMW X5,Verde,Cancelado,Rosa Fuentes Del Valle,2025-01-13 02:37:20,PLH-645-D.jpg
PUB-084-L,MICH,BMW 3 Series,Vino,Recuperado,Ernesto Correa Izquierdo,2022-10-12 16:53:40,PUB-084-L.jpg
PT1-040-F,MICH,Ford Fusion,Plateado,Activo,Ruben Nieto Nieto,2023-11-18 20:19:53,PT1-040-F.jpg
PNA-273-L,MICH,Nissan Sentra,Blanco Perlado,Importacion Temporal,German Nieto Zamora,2017-09-30 19:09:07,PNA-273-L.jpg
PH4-772-T,MICH,Jeep Grand Cherokee,Vino,Activo,Isabel Navarro Lopez,2018-02-14 11:44:39,PH4-772-T.jpg
PTT-157-K,MICH,BMW 3 Series,Rojo,Activo,Sandra Acosta Romero,2024-12-28 19:37:36,PTT-157-K.jpg
PPG-503-Y,MICH,Kia Forte,Verde,Recuperado,Beatriz Ruiz Suarez,2025-07-31 11:33:01,PPG-503-Y.jpg
PFC-118-P,MICH,Jeep Wrangler,Azul,Importacion Definitiva,Miguel Montoya Gutierrez,2026-01-07 12:35:47,PFC-118-P.jpg
PKM-145-Z,MICH,Volkswagen Jetta,Rojo,Reposicion,Susana Lopez Urbina,2017-07-17 19:45:50,PKM-145-Z.jpg
PSA-070-X,MICH,Hyundai Elantra,Plateado,Importacion Definitiva,Antonio Olvera Suarez,2017-07-15 13:08:13,PSA-070-X.jpg
PUP-433-B,MICH,Audi A3,Negro,En Proceso Legal,Guadalupe Bravo Mendoza,2019-08-23 07:12:03,PUP-433-B.jpg
PM0-739-Z,MICH,Fiat Toro,Gris Oscuro,Importacion Definitiva,Jesus Izquierdo Delgado,2021-09-03 08:07:42,PM0-739-Z.jpg
PR4-113-Z,MICH,Audi Q3,Blanco Perlado,Activo,Andres Estrada Huerta,2019-12-31 18:18:05,PR4-113-Z.jpg
PH0-155-H,MICH,Chevrolet Cruze,Blanco,Activo,Marina Alvarez Zamora,2026-01-18 19:58:12,PH0-155-H.jpg
PM5-194-D,MICH,Honda HR-V,Azul Marino,Activo,Elsa Solano Leal,2019-10-05 18:17:27,PM5-194-D.jpg
PJN-096-G,MICH,Volkswagen Jetta,Blanco Perlado,Reposicion,David Escobar Arroyo,2025-08-18 04:39:23,PJN-096-G.jpg
PMH-906-M,MICH,Peugeot 5008,Rojo Oscuro,Robado,Emilio Cordero Ramos,2017-04-22 15:56:51,PMH-906-M.jpg
PFT-860-E,MICH,Renault Kwid,Morado,En Proceso Legal,Teresa Quiroz Cabrera,2023-07-08 01:33:27,PFT-860-E.jpg
PN0-105-S,MICH,Audi A4,Rojo,Baja Definitiva,Liliana Juarez Beltran,2022-01-07 23:59:17,PN0-105-S.jpg
PSF-392-W,MICH,Fiat Argo,Beige,Activo,Fabiola Silva Palacios,2026-01-23 03:27:58,PSF-392-W.jpg
PKX-829-S,MICH,Mercedes-Benz GLA,Plateado,Cancelado,Pedro Solano Cordero,2023-09-27 12:19:30,PKX-829-S.jpg
PKL-851-X,MICH,BMW X3,Plateado,Activo,Ernesto Dominguez Tovar,2022-06-30 04:50:51,PKL-851-X.jpg
PSD-620-X,MICH,Fiat 500,Naranja,Activo,Isabel Maldonado Acosta,2022-05-10 21:52:34,PSD-620-X.jpg
PGE-145-C,MICH,Renault Sandero,Azul Marino,Recuperado,Roberto Cervantes Sandoval,2018-10-20 11:59:47,PGE-145-C.jpg
PLP-215-C,MICH,Peugeot 208,Beige,Baja Definitiva,Ricardo Orozco Del Valle,2021-09-04 16:10:39,PLP-215-C.jpg
PG6-233-D,MICH,Renault Kwid,Verde,Irregular,Renata Morales Figueroa,2022-02-12 02:56:12,PG6-233-D.jpg
PKF-881-P,MICH,Toyota Hilux,Naranja,Importacion Definitiva,Armando Quiroz Jimenez,2024-09-30 17:59:57,PKF-881-P.jpg
PNN-789-G,MICH,Nissan Versa,Azul,Homologacion,Fernando Romero Valdez,2017-11-04 00:51:39,PNN-789-G.jpg
PNA-527-U,MICH,Toyota Corolla,Negro,En Proceso Legal,David Valencia Silva,2017-02-22 01:31:17,PNA-527-U.jpg
PKY-905-K,MICH,Chevrolet Cruze,Verde,Importacion Definitiva,Marina Montoya Flores,2020-06-12 11:10:59,PKY-905-K.jpg
PSL-895-H,MICH,Hyundai Tucson,Gris,Importacion Definitiva,Raul Soto Camacho,2019-07-06 17:42:58,PSL-895-H.jpg
PFR-480-V,MICH,BMW 3 Series,Gris Oscuro,Activo,Marco Gallegos Beltran,2017-01-08 17:38:12,PFR-480-V.jpg
PTR-730-P,MICH,Mercedes-Benz GLC,Rojo Oscuro,Importacion Temporal,Guillermo Ramirez Correa,2023-10-30 15:06:58,PTR-730-P.jpg
PP4-441-B,MICH,Nissan Sentra,Azul Marino,Recuperado,David Villanueva Maldonado,2019-08-17 02:54:18,PP4-441-B.jpg
PNG-987-E,MICH,Ford Fiesta,Cafe,Recuperado,David Correa Rodriguez,2020-03-29 01:27:56,PNG-987-E.jpg
PG6-253-G,MICH,Hyundai Elantra,Cafe,Robado,Julieta Beltran Escobar,2022-08-02 17:13:57,PG6-253-G.jpg
PPX-699-M,MICH,Ford Fusion,Naranja,Irregular,Arturo Montoya Martinez,2020-12-30 22:47:41,PPX-699-M.jpg
PJV-595-V,MICH,Volkswagen Amarok,Plateado,Irregular,Martha Valdez Pacheco,2024-05-07 22:03:03,PJV-595-V.jpg
PP1-926-S,MICH,Chevrolet Aveo,Rojo,Remarcaje,Ruben Garcia Flores,2025-07-05 16:31:47,PP1-926-S.jpg
PS9-227-P,MICH,Fiat Cronos,Naranja,Activo,Estela Montoya Diaz,2023-03-17 09:49:38,PS9-227-P.jpg
PSJ-849-W,MICH,Fiat Argo,Rojo Oscuro,Homologacion,Adolfo Villalobos Garcia,2017-03-14 06:49:32,PSJ-849-W.jpg
PMT-450-Y,MICH,Mercedes-Benz GLC,Beige,Baja Definitiva,Felipe Arroyo Chavez,2022-08-08 04:20:00,PMT-450-Y.jpg
PHP-167-U,MICH,Mercedes-Benz A-Class,Vino,Activo,Renata Ortega Torres,2019-09-14 01:33:41,PHP-167-U.jpg
PH1-687-K,MICH,Renault Sandero,Rojo Oscuro,Recuperado,Felipe Villalobos Vargas,2026-04-29 08:48:41,PH1-687-K.jpg
PJ7-156-V,MICH,Jeep Renegade,Vino,Activo,Luis Beltran Navarro,2025-06-18 17:02:25,PJ7-156-V.jpg
PUW-514-W,MICH,Mercedes-Benz GLC,Rojo Oscuro,Activo,Marisol Contreras Orozco,2025-02-14 17:48:36,PUW-514-W.jpg
PP7-361-Z,MICH,Hyundai Tucson,Amarillo,En Proceso Legal,Monica Villanueva Silva,2019-02-23 08:27:39,PP7-361-Z.jpg
PL0-451-C,MICH,Mercedes-Benz C-Class,Azul,Activo,Beatriz Medina Arroyo,2023-10-25 11:14:24,PL0-451-C.jpg
PPD-424-B,MICH,Mazda 2,Azul,En Proceso Legal,Miguel Velazquez Campos,2025-11-04 08:31:35,PPD-424-B.jpg
PTN-241-G,MICH,Toyota Prius,Plateado,Cancelado,Patricia Mejia Vargas,2022-09-08 22:02:44,PTN-241-G.jpg
PMU-968-T,MICH,Nissan Sentra,Naranja,Activo,Gabriela Arroyo Gonzalez,2025-04-03 07:13:28,PMU-968-T.jpg
PR9-153-U,MICH,Mazda CX-5,Rojo,Importacion Temporal,Victor Quiroz Dominguez,2022-12-06 16:07:18,PR9-153-U.jpg
PRP-766-G,MICH,Peugeot 308,Vino,Reposicion,Armando Soto Rodriguez,2022-12-25 03:14:31,PRP-766-G.jpg
PJR-467-K,MICH,Fiat 500,Azul Marino,Importacion Definitiva,Laura Campos Contreras,2026-01-02 03:33:13,PJR-467-K.jpg
PS7-541-V,MICH,Peugeot 5008,Gris Oscuro,Robado,Salvador Ortega Arellano,2022-06-04 04:31:26,PS7-541-V.jpg
PFE-583-K,MICH,Volkswagen Jetta,Dorado,Cancelado,Guadalupe Mejia Medina,2024-11-18 04:28:43,PFE-583-K.jpg
PKY-299-X,MICH,Mercedes-Benz GLC,Rojo Oscuro,Importacion Temporal,Alberto Cruz Fernandez,2019-04-05 00:56:21,PKY-299-X.jpg
PM7-105-C,MICH,Ford Ranger,Gris Oscuro,Robado,Valeria Acosta Valdez,2019-01-09 23:42:46,PM7-105-C.jpg
PKV-840-Y,MICH,Volkswagen Vento,Rojo,Activo,Jorge Valdez Arroyo,2023-06-25 02:33:57,PKV-840-Y.jpg
PPW-350-Z,MICH,Toyota Yaris,Plateado,Importacion Definitiva,Adriana Arellano Luna,2017-12-08 02:34:24,PPW-350-Z.jpg
PJB-351-A,MICH,Mazda MX-5,Blanco,Homologacion,Manuel Gallegos Montes,2020-08-05 15:36:07,PJB-351-A.jpg
PUS-942-L,MICH,Fiat Toro,Blanco,Homologacion,Emilio Leal Herrera,2026-02-09 13:11:40,PUS-942-L.jpg
PG9-551-D,MICH,Hyundai Accent,Cafe,Recuperado,Paola De La Cruz Vargas,2024-05-03 03:31:45,PG9-551-D.jpg
PHZ-794-K,MICH,Audi Q5,Naranja,Homologacion,Fabiola Arroyo Quiroz,2017-11-15 07:57:48,PHZ-794-K.jpg
PG0-387-F,MICH,Nissan NP300,Vino,Activo,Noe Medina Torres,2022-10-10 16:01:41,PG0-387-F.jpg
PNV-110-J,MICH,Mercedes-Benz C-Class,Dorado,Activo,Beatriz Sanchez Escobar,2017-03-12 06:07:43,PNV-110-J.jpg
PS8-010-G,MICH,BMW X3,Gris Oscuro,Reposicion,Antonio Arroyo Castro,2021-01-26 04:37:52,PS8-010-G.jpg
PUU-875-Z,MICH,Renault Kwid,Verde,Activo,Felipe Beltran Suarez,2024-01-20 23:25:31,PUU-875-Z.jpg
PUG-735-A,MICH,Kia Rio,Negro,Importacion Definitiva,Veronica Correa Escobar,2017-03-01 07:10:35,PUG-735-A.jpg
PNK-823-G,MICH,Volkswagen Vento,Vino,Activo,Hector Gonzalez Correa,2023-07-25 20:40:57,PNK-823-G.jpg
PGY-863-U,MICH,Volkswagen Vento,Cafe,Activo,Roberto Acosta Tovar,2017-08-21 05:44:09,PGY-863-U.jpg
PTX-702-S,MICH,Ford Fiesta,Negro,Recuperado,Gabriela Villegas Velazquez,2023-03-28 13:40:40,PTX-702-S.jpg
PM2-518-T,MICH,Renault Kwid,Rojo,Reposicion,Armando Cervantes Gonzalez,2022-02-18 22:33:32,PM2-518-T.jpg
PGZ-416-W,MICH,Ford Ranger,Beige,Baja Temporal,Mauricio Orozco Suarez,2022-10-03 01:58:20,PGZ-416-W.jpg
PFK-245-R,MICH,Volkswagen Jetta,Rojo Oscuro,Activo,Ignacio Cruz Bravo,2026-04-17 17:33:38,PFK-245-R.jpg
PJG-339-E,MICH,Mercedes-Benz GLC,Cafe,Activo,Manuel Orozco Tovar,2017-04-19 20:34:21,PJG-339-E.jpg
PRA-710-B,MICH,Toyota Corolla,Cafe,Baja Definitiva,Eduardo Garcia Tapia,2025-08-15 17:24:41,PRA-710-B.jpg
PMD-476-H,MICH,Renault Sandero,Blanco Perlado,Importacion Definitiva,Angela Villegas Acosta,2017-11-27 13:08:08,PMD-476-H.jpg
PPW-298-C,MICH,Peugeot 308,Beige,Irregular,Mauricio Escobar Ramirez,2025-02-05 14:57:40,PPW-298-C.jpg
PGG-494-Y,MICH,Mazda 3,Blanco Perlado,Cancelado,Arturo Aguilar Villanueva,2024-01-24 19:40:49,PGG-494-Y.jpg
PNB-713-W,MICH,Peugeot 3008,Beige,Remarcaje,Martha De La Cruz Juarez,2018-10-08 14:58:45,PNB-713-W.jpg
PJC-489-F,MICH,Nissan Versa,Rojo,Reposicion,Paola Portillo Solano,2019-03-28 04:40:35,PJC-489-F.jpg
PHE-725-G,MICH,Mazda 3,Blanco Perlado,Baja Definitiva,Fernando Valencia Luna,2018-07-10 12:50:59,PHE-725-G.jpg
PJM-519-Z,MICH,Mazda 3,Vino,Activo,Monica Ruiz Dominguez,2017-09-08 14:46:14,PJM-519-Z.jpg
PRH-012-K,MICH,Jeep Compass,Azul Marino,Reposicion,Hector Maldonado Orozco,2024-08-26 08:55:13,PRH-012-K.jpg
PGX-059-C,MICH,Kia Sorento,Blanco Perlado,Activo,Benjamin Torres Ramirez,2023-07-11 20:39:18,PGX-059-C.jpg
PUV-637-C,MICH,Nissan Versa,Negro,Cancelado,Adriana Trejo Mendoza,2019-11-18 13:19:04,PUV-637-C.jpg
PP4-022-A,MICH,Chevrolet Spark,Blanco Perlado,Reposicion,Emilio Arellano Moya,2017-08-12 21:10:38,PP4-022-A.jpg
PU6-175-K,MICH,Fiat 500,Plateado,Importacion Definitiva,Juan Cabrera Flores,2018-09-01 21:13:00,PU6-175-K.jpg
PPM-334-U,MICH,Mercedes-Benz GLA,Azul,Recuperado,Marisol Hernandez Beltran,2024-11-01 08:00:25,PPM-334-U.jpg
PN2-018-B,MICH,Renault Logan,Negro,Recuperado,Sandra Moya Flores,2019-07-29 02:58:12,PN2-018-B.jpg
PR2-632-N,MICH,Mercedes-Benz GLC,Verde,Homologacion,Alejandra Sepulveda Luna,2019-09-27 16:13:56,PR2-632-N.jpg
PHV-953-H,MICH,Hyundai Tucson,Cafe,Importacion Definitiva,Felipe Solano Espinoza,2022-09-08 05:10:23,PHV-953-H.jpg
PS9-289-P,MICH,Nissan NP300,Verde Oscuro,Importacion Definitiva,German Fernandez Tapia,2023-04-27 12:00:36,PS9-289-P.jpg
PNV-416-Z,MICH,Chevrolet Beat,Plateado,Homologacion,Mauricio Zamora Gutierrez,2018-07-12 01:57:15,PNV-416-Z.jpg
PFX-813-P,MICH,Volkswagen Amarok,Verde Oscuro,Robado,Cecilia Perez Hernandez,2023-10-24 11:34:50,PFX-813-P.jpg
PPR-778-C,MICH,Nissan March,Rojo,Activo,Alicia Avila Escobar,2021-11-23 06:04:11,PPR-778-C.jpg
PU2-473-W,MICH,Volkswagen Golf,Verde,Activo,Carolina De La Cruz Huerta,2024-11-12 23:05:56,PU2-473-W.jpg
PT6-894-S,MICH,Mercedes-Benz GLA,Gris,En Proceso Legal,Beatriz Jimenez Urbina,2026-02-02 02:58:32,PT6-894-S.jpg
PFH-007-Z,MICH,Audi A3,Azul,Activo,Cristian Suarez Bravo,2022-11-26 07:33:03,PFH-007-Z.jpg
PSD-896-F,MICH,Renault Duster,Azul,Activo,Fabiola Correa Castro,2018-05-04 08:15:13,PSD-896-F.jpg
PP9-477-P,MICH,Ford Fusion,Rojo Oscuro,Activo,Laura Avila Correa,2021-01-15 00:06:47,PP9-477-P.jpg
PKM-735-B,MICH,Mazda 3,Beige,Baja Definitiva,Claudia Nieto Tapia,2023-03-25 08:41:15,PKM-735-B.jpg
PFK-674-N,MICH,Peugeot 3008,Azul,Importacion Definitiva,Fernando Ramos Bravo,2019-07-20 05:39:51,PFK-674-N.jpg
PTU-226-X,MICH,Audi A4,Rojo Oscuro,Remarcaje,Fabiola Cervantes Torres,2019-09-21 07:03:53,PTU-226-X.jpg
PMK-390-N,MICH,Ford Ranger,Blanco Perlado,Homologacion,Veronica Guerrero Montes,2018-04-04 10:01:53,PMK-390-N.jpg
PM8-609-F,MICH,Chevrolet Aveo,Rojo Oscuro,Activo,Carlos Palacios Vargas,2022-04-10 15:27:45,PM8-609-F.jpg
PRT-610-D,MICH,Mercedes-Benz A-Class,Cafe,Activo,Carlos Delgado Maldonado,2018-09-04 17:23:28,PRT-610-D.jpg
PHT-683-S,MICH,Renault Logan,Cafe,Robado,Angela Camacho Medina,2019-01-21 03:47:35,PHT-683-S.jpg
PG0-068-M,MICH,Audi Q3,Verde,Robado,Mauricio Cervantes Trejo,2020-10-04 02:00:49,PG0-068-M.jpg
PP9-875-W,MICH,Audi A3,Dorado,En Proceso Legal,Daniel Arroyo Acosta,2023-02-10 19:52:35,PP9-875-W.jpg
PK0-688-D,MICH,Renault Kwid,Blanco Perlado,Activo,Armando Ramirez Cordero,2021-10-12 15:16:30,PK0-688-D.jpg
PHX-393-G,MICH,Kia Sorento,Vino,Cancelado,Alberto Beltran Olvera,2021-06-09 04:49:22,PHX-393-G.jpg
PGT-835-Z,MICH,Ford Ranger,Dorado,Activo,Javier Valdez Mora,2026-03-16 22:14:21,PGT-835-Z.jpg
PL3-386-S,MICH,Fiat Argo,Blanco Perlado,Importacion Temporal,Carmen Hernandez Torres,2020-11-24 03:47:18,PL3-386-S.jpg
PLJ-031-C,MICH,Volkswagen Amarok,Rojo Oscuro,Irregular,Veronica Ortega Cruz,2022-06-29 01:24:09,PLJ-031-C.jpg
PH1-190-J,MICH,Kia Sorento,Rojo Oscuro,Baja Definitiva,Javier Cervantes Gallegos,2017-01-18 17:33:06,PH1-190-J.jpg
PTC-862-B,MICH,Nissan Versa,Plateado,Remarcaje,Valeria Correa Chavez,2018-03-15 03:51:45,PTC-862-B.jpg
PSP-976-E,MICH,Peugeot 208,Negro,Activo,Rebeca Diaz Esquivel,2018-08-14 11:20:09,PSP-976-E.jpg
PJ8-889-H,MICH,Mercedes-Benz A-Class,Azul,Irregular,Veronica Zamora Suarez,2022-09-18 23:38:26,PJ8-889-H.jpg
PPF-925-D,MICH,Audi A3,Naranja,Activo,Pedro Gonzalez Huerta,2025-06-06 14:35:06,PPF-925-D.jpg
PTJ-244-S,MICH,Nissan NP300,Vino,Robado,Lorena Villanueva Navarro,2025-03-22 06:16:07,PTJ-244-S.jpg
PU4-294-F,MICH,Toyota Hilux,Morado,Cancelado,Elizabeth Fuentes Ramirez,2020-11-26 15:36:48,PU4-294-F.jpg
PFA-971-P,MICH,Jeep Renegade,Rojo,Activo,Arturo Olvera Gallegos,2017-05-19 06:53:01,PFA-971-P.jpg
PUC-061-X,MICH,Toyota Prius,Rojo Oscuro,Importacion Temporal,Patricia Tovar Vazquez,2026-03-28 13:46:18,PUC-061-X.jpg
PFU-053-P,MICH,Jeep Renegade,Amarillo,Activo,Liliana Torres Rodriguez,2022-06-27 22:04:44,PFU-053-P.jpg
PGK-483-D,MICH,Volkswagen Jetta,Amarillo,Cancelado,Luis Orozco Peña,2024-08-11 21:13:30,PGK-483-D.jpg
PJN-015-L,MICH,Volkswagen Vento,Naranja,Activo,Jorge Montoya Tovar,2024-03-08 12:09:25,PJN-015-L.jpg
PM6-905-U,MICH,Toyota Hilux,Azul,Robado,Daniela Izquierdo Mendoza,2020-03-08 04:52:31,PM6-905-U.jpg
PHY-617-X,MICH,Renault Logan,Vino,Robado,Juan Quintero Correa,2024-03-31 03:37:57,PHY-617-X.jpg
PSN-220-U,MICH,Peugeot 208,Blanco Perlado,Reposicion,Norma Vargas Flores,2018-06-19 22:48:14,PSN-220-U.jpg
PN1-963-B,MICH,Volkswagen Golf,Negro,Homologacion,Javier Del Valle Cordero,2020-06-06 22:01:46,PN1-963-B.jpg
PRS-677-B,MICH,Mazda 2,Rojo Oscuro,Cancelado,Alejandra Morales Perez,2017-04-27 19:31:01,PRS-677-B.jpg
PUH-592-Y,MICH,Hyundai Accent,Morado,Baja Temporal,Veronica Medina Izquierdo,2021-06-05 12:58:57,PUH-592-Y.jpg
PU0-237-V,MICH,Peugeot 308,Blanco Perlado,Homologacion,Monica Jimenez Barajas,2023-07-11 02:05:51,PU0-237-V.jpg
PK8-245-W,MICH,Jeep Wrangler,Cafe,Remarcaje,Diego Montes Navarro,2020-12-19 12:11:42,PK8-245-W.jpg
PTV-225-R,MICH,Honda Accord,Blanco Perlado,Cancelado,Jesus Moya Sepulveda,2023-08-23 02:21:25,PTV-225-R.jpg
PMC-717-C,MICH,Mercedes-Benz A-Class,Amarillo,Recuperado,Ruben Ortega Herrera,2020-03-16 05:34:15,PMC-717-C.jpg
PNN-560-G,MICH,Mazda CX-5,Verde Oscuro,Activo,Felipe Arellano Pacheco,2019-03-11 21:17:27,PNN-560-G.jpg
PMP-879-K,MICH,Mercedes-Benz GLC,Verde,Importacion Temporal,Alicia Acosta Rodriguez,2024-12-20 18:49:30,PMP-879-K.jpg
PM8-993-U,MICH,Chevrolet Spark,Naranja,Activo,Hector Rivera Navarro,2021-01-09 14:53:44,PM8-993-U.jpg
PR6-946-L,MICH,Ford Fusion,Verde,Baja Definitiva,Monica Acosta Del Valle,2025-02-28 14:45:07,PR6-946-L.jpg
PJ6-654-N,MICH,Kia Forte,Negro,Recuperado,Regina Pineda Quintero,2017-01-18 09:23:41,PJ6-654-N.jpg
PML-744-L,MICH,Kia Rio,Naranja,En Proceso Legal,Regina Ortega Pacheco,2017-01-24 16:57:20,PML-744-L.jpg
PKW-227-N,MICH,Mercedes-Benz GLC,Azul,Robado,Raul Dominguez Trejo,2021-01-18 20:52:11,PKW-227-N.jpg
PUB-677-S,MICH,Ford Fusion,Verde,Irregular,Rosa Huerta Campos,2018-09-19 23:25:11,PUB-677-S.jpg
PGX-748-F,MICH,Ford Fiesta,Rojo Oscuro,Activo,Estela Palacios Pacheco,2024-03-10 14:24:08,PGX-748-F.jpg
PRR-606-G,MICH,Ford Fusion,Verde Oscuro,Activo,Veronica Soto Villanueva,2021-08-10 18:56:14,PRR-606-G.jpg
PJ1-440-E,MICH,Renault Logan,Blanco,Remarcaje,Veronica Esquivel Sandoval,2018-05-14 19:27:16,PJ1-440-E.jpg
PPT-657-S,MICH,Hyundai Tucson,Rojo,Activo,Miguel Avila Luna,2021-12-19 12:19:49,PPT-657-S.jpg
PGN-750-S,MICH,Fiat 500,Rojo,Importacion Temporal,Sofia Vazquez Villanueva,2022-07-20 21:30:04,PGN-750-S.jpg
PMF-997-Y,MICH,Volkswagen Jetta,Verde Oscuro,Homologacion,Adriana Luna Reyes,2017-05-20 16:25:32,PMF-997-Y.jpg
PRH-096-N,MICH,Hyundai Accent,Naranja,Remarcaje,Gabriela Pineda Arellano,2022-02-27 17:50:02,PRH-096-N.jpg
PFS-970-F,MICH,Renault Sandero,Beige,Reposicion,Marco Estrada Figueroa,2024-03-21 11:39:41,PFS-970-F.jpg
PKY-632-F,MICH,Fiat 500,Verde,Cancelado,Marco Gutierrez Gallegos,2024-11-08 01:06:08,PKY-632-F.jpg
PRW-045-S,MICH,Chevrolet Beat,Negro,Activo,Maria Quintero Nieto,2019-01-21 07:32:33,PRW-045-S.jpg
PKK-391-C,MICH,Mazda MX-5,Beige,En Proceso Legal,Susana Mejia Rosales,2022-08-16 19:07:33,PKK-391-C.jpg
PNE-821-B,MICH,Renault Sandero,Azul,Activo,Adolfo Mendoza Contreras,2018-03-03 21:11:43,PNE-821-B.jpg
PTR-614-D,MICH,Hyundai Santa Fe,Morado,Importacion Definitiva,Guillermo Del Valle Carrillo,2020-09-29 12:00:36,PTR-614-D.jpg
PJ9-550-A,MICH,Jeep Compass,Amarillo,Homologacion,Paola Montes Castillo,2026-05-08 15:17:35,PJ9-550-A.jpg
PK3-686-P,MICH,Ford Fiesta,Rojo Oscuro,Reposicion,Salvador Flores Navarro,2024-05-12 01:05:54,PK3-686-P.jpg
PP7-131-F,MICH,Mazda MX-5,Rojo Oscuro,Homologacion,Alicia Urbina Moya,2021-07-02 22:21:26,PP7-131-F.jpg
PHB-746-L,MICH,Mercedes-Benz GLC,Verde Oscuro,En Proceso Legal,Liliana Esquivel Torres,2020-02-08 20:19:54,PHB-746-L.jpg
PSM-648-S,MICH,Fiat Cronos,Beige,Reposicion,Laura Luna Cordero,2021-11-25 12:31:23,PSM-648-S.jpg
PPS-528-M,MICH,Peugeot 3008,Negro,Baja Temporal,Gabriela Delgado Martinez,2023-12-22 06:43:37,PPS-528-M.jpg
PS9-341-A,MICH,Audi Q3,Cafe,Importacion Definitiva,Ernesto Leal Ruiz,2024-04-16 18:11:41,PS9-341-A.jpg
PGJ-884-R,MICH,Nissan Versa,Beige,Cancelado,Angela Valdez Morales,2019-03-11 10:05:27,PGJ-884-R.jpg
PU1-557-F,MICH,Toyota Corolla,Azul,Activo,Leticia Avila Palacios,2019-11-25 11:05:59,PU1-557-F.jpg
PS8-539-H,MICH,Mazda CX-5,Verde Oscuro,Activo,Lucia Serrano Castillo,2025-12-15 05:15:59,PS8-539-H.jpg
PPD-582-N,MICH,Jeep Wrangler,Vino,Activo,Claudia Orozco Suarez,2021-07-20 02:14:19,PPD-582-N.jpg
PHP-577-X,MICH,Kia Forte,Verde,Recuperado,Adriana Pineda Espinoza,2020-10-23 06:42:47,PHP-577-X.jpg
PSF-489-U,MICH,BMW 5 Series,Plateado,Activo,Emilio Trejo Villalobos,2022-10-01 00:05:33,PSF-489-U.jpg
PR1-379-Y,MICH,Ford Fiesta,Gris,Baja Temporal,Fernando Soto Cordero,2025-10-30 06:49:58,PR1-379-Y.jpg
PLV-423-X,MICH,BMW 3 Series,Cafe,Baja Temporal,Sofia Ramos Plascencia,2024-09-07 21:57:14,PLV-423-X.jpg
PTZ-534-V,MICH,Toyota Yaris,Negro,Robado,Yolanda Pineda Soto,2017-02-24 03:16:57,PTZ-534-V.jpg
PVB-136-X,MOR,Kia Sorento,Blanco Perlado,Homologacion,Fernando Navarro Dominguez,2022-01-08 15:53:49,PVB-136-X.jpg
R3F-642-W,MOR,Fiat 500,Azul,Activo,Francisco Huerta Rios,2019-05-25 18:15:14,R3F-642-W.jpg
R97-417-F,MOR,Fiat 500,Beige,Activo,Sebastian Estrada Vargas,2025-01-15 19:56:00,R97-417-F.jpg
R2J-945-G,MOR,Peugeot 3008,Blanco,Importacion Definitiva,Carolina Chavez Rios,2022-02-06 10:16:57,R2J-945-G.jpg
R81-786-B,MOR,Kia Forte,Beige,Activo,Elsa Palacios Villegas,2021-02-04 07:17:58,R81-786-B.jpg
R74-524-G,MOR,Honda HR-V,Blanco,Remarcaje,Mateo Arroyo Mora,2025-06-12 22:37:45,R74-524-G.jpg
R4W-522-X,MOR,Peugeot 208,Negro,Activo,Marco Esquivel Fernandez,2017-10-29 10:30:24,R4W-522-X.jpg
R83-572-P,MOR,Mercedes-Benz C-Class,Cafe,Reposicion,Marcos Torres Pineda,2017-08-29 23:20:35,R83-572-P.jpg
R6X-703-W,MOR,Kia Sportage,Verde Oscuro,Irregular,Marina Fuentes Plascencia,2020-04-25 22:01:41,R6X-703-W.jpg
R64-814-N,MOR,Renault Kwid,Azul Marino,Activo,Isabel Sanchez Romero,2017-07-15 16:59:18,R64-814-N.jpg
RDK-603-S,MOR,Kia Rio,Blanco Perlado,Activo,Andres Peña Ramirez,2019-11-14 19:47:57,RDK-603-S.jpg
R5B-403-J,MOR,BMW 5 Series,Gris,Importacion Temporal,Salvador Trejo Perez,2018-07-03 19:01:17,R5B-403-J.jpg
R5H-897-F,MOR,Jeep Wrangler,Azul Marino,Activo,Mateo Salazar Palacios,2025-03-01 18:44:34,R5H-897-F.jpg
R6G-773-Z,MOR,Hyundai Santa Fe,Rojo,Activo,Adolfo Aguilar Cruz,2019-10-22 02:11:38,R6G-773-Z.jpg
R8F-431-N,MOR,Renault Sandero,Amarillo,Importacion Definitiva,Liliana Alvarez Rosales,2022-08-09 00:48:34,R8F-431-N.jpg
R4Y-363-M,MOR,Toyota Corolla,Azul Marino,Activo,Martha Villegas Valdez,2025-08-25 18:57:30,R4Y-363-M.jpg
R07-196-E,MOR,Jeep Wrangler,Verde,Baja Definitiva,Jose Portillo Correa,2018-10-27 10:43:35,R07-196-E.jpg
R2U-658-N,MOR,Peugeot 3008,Verde,Activo,Cecilia Valdez Maldonado,2017-08-18 07:13:38,R2U-658-N.jpg
R82-435-M,MOR,Kia Sportage,Vino,En Proceso Legal,Elias Arellano Martinez,2026-05-13 17:54:06,R82-435-M.jpg
R0B-682-V,MOR,BMW 3 Series,Verde,Robado,Adolfo Montes Gutierrez,2023-11-28 13:56:50,R0B-682-V.jpg
PYD-871-X,MOR,Chevrolet Aveo,Gris,Cancelado,Hugo Fernandez Fuentes,2024-07-30 20:05:09,PYD-871-X.jpg
RAN-124-H,MOR,Toyota Corolla,Vino,Activo,Lucia Valencia Silva,2023-09-28 11:33:38,RAN-124-H.jpg
R1A-117-P,MOR,Renault Sandero,Rojo Oscuro,Irregular,Adolfo Romero Fernandez,2023-10-10 14:19:18,R1A-117-P.jpg
R3L-237-Y,MOR,Toyota Yaris,Azul,Cancelado,Antonio Martinez Ramos,2019-08-01 22:45:50,R3L-237-Y.jpg
R4Z-720-A,MOR,Mazda 3,Rojo,Importacion Definitiva,Daniel Torres Cruz,2021-10-16 03:45:46,R4Z-720-A.jpg
R11-696-Y,MOR,Renault Kwid,Gris Oscuro,Cancelado,Javier Palacios Correa,2023-07-05 18:52:54,R11-696-Y.jpg
PWS-441-J,MOR,Audi Q3,Blanco Perlado,Baja Temporal,Camila Serrano Gonzalez,2024-10-28 16:09:53,PWS-441-J.jpg
R36-480-L,MOR,Fiat Cronos,Morado,Robado,Elizabeth Huerta Soto,2019-09-18 01:17:34,R36-480-L.jpg
R9X-930-E,MOR,Fiat Cronos,Dorado,Homologacion,Norma Peña Garcia,2021-06-29 03:11:18,R9X-930-E.jpg
R0M-959-D,MOR,Chevrolet Spark,Azul Marino,Irregular,Guillermo Fuentes Silva,2019-08-07 05:37:21,R0M-959-D.jpg
R4Y-401-J,MOR,Mercedes-Benz GLA,Beige,Recuperado,Felipe Pineda Rivera,2023-11-08 09:42:20,R4Y-401-J.jpg
R9G-618-Y,MOR,Hyundai Tucson,Dorado,Activo,Benjamin Carrillo Diaz,2026-01-17 12:37:22,R9G-618-Y.jpg
PX2-528-R,MOR,Mercedes-Benz C-Class,Verde,Baja Temporal,Teresa Delgado Arroyo,2022-08-04 19:23:13,PX2-528-R.jpg
R25-950-R,MOR,Mercedes-Benz C-Class,Morado,En Proceso Legal,Norma Quintero Maldonado,2024-01-01 05:11:30,R25-950-R.jpg
R25-103-P,MOR,Volkswagen Vento,Gris,Homologacion,Elsa Sanchez Luna,2021-01-29 09:30:49,R25-103-P.jpg
R8E-817-Z,MOR,Mazda 2,Gris Oscuro,Activo,Mauricio Jimenez Serrano,2025-10-19 06:44:21,R8E-817-Z.jpg
R8H-659-B,MOR,Renault Sandero,Rojo Oscuro,Activo,Carmen Gutierrez Chavez,2024-09-30 03:09:04,R8H-659-B.jpg
R5B-162-A,MOR,Audi Q3,Negro,Baja Temporal,Oscar Valdez Romero,2017-02-11 06:35:51,R5B-162-A.jpg
R8V-890-D,MOR,Volkswagen Amarok,Verde,Baja Definitiva,Manuel Mendoza Cabrera,2024-11-28 13:44:27,R8V-890-D.jpg
RDL-097-B,MOR,Jeep Grand Cherokee,Rojo Oscuro,Baja Temporal,Jose Plascencia Trejo,2019-04-01 22:11:27,RDL-097-B.jpg
R7U-637-Z,MOR,BMW 3 Series,Amarillo,Activo,Francisco Villegas Villanueva,2021-06-05 09:13:04,R7U-637-Z.jpg
PVW-848-K,MOR,Jeep Compass,Azul Marino,Importacion Definitiva,Rebeca Mora Lopez,2022-08-23 01:08:57,PVW-848-K.jpg
RCB-867-K,MOR,Fiat 500,Azul Marino,Activo,Isabel Castillo Beltran,2018-02-09 07:30:32,RCB-867-K.jpg
R7K-329-X,MOR,BMW 3 Series,Cafe,Remarcaje,Sandra Zamora Lopez,2021-05-28 20:03:11,R7K-329-X.jpg
R0E-521-C,MOR,Chevrolet Aveo,Beige,Cancelado,Teresa Ortega Luna,2017-09-17 16:28:11,R0E-521-C.jpg
PXL-325-E,MOR,Nissan Sentra,Blanco,Importacion Temporal,Daniela Torres Cruz,2023-05-04 11:36:53,PXL-325-E.jpg
PXK-514-A,MOR,Fiat Toro,Vino,Reposicion,Jesus Castillo Soto,2023-10-07 04:24:21,PXK-514-A.jpg
R3G-062-Z,MOR,Volkswagen Golf,Blanco,Activo,Hugo Plascencia Acosta,2018-04-24 16:59:28,R3G-062-Z.jpg
R10-026-G,MOR,Volkswagen Vento,Rojo Oscuro,Cancelado,Valeria Castillo Sepulveda,2019-03-29 00:40:59,R10-026-G.jpg
R4W-822-Y,MOR,Kia Sportage,Negro,Baja Definitiva,Miguel Castro Silva,2026-01-14 03:20:47,R4W-822-Y.jpg
R9Z-108-K,MOR,Hyundai Santa Fe,Rojo,Baja Definitiva,Adriana Arellano Trejo,2017-04-25 07:45:01,R9Z-108-K.jpg
R5Y-636-X,MOR,Toyota Yaris,Vino,Importacion Definitiva,Manuel Arroyo Rosales,2018-10-01 18:33:43,R5Y-636-X.jpg
PW8-824-V,MOR,Mazda 3,Blanco Perlado,Robado,Cecilia Rodriguez Maldonado,2023-08-27 02:57:46,PW8-824-V.jpg
PY5-285-V,MOR,Chevrolet Beat,Vino,Recuperado,Fabiola Carrillo Perez,2024-06-15 18:04:39,PY5-285-V.jpg
RBK-800-D,MOR,Nissan Versa,Gris Oscuro,Cancelado,Hector Medina Esquivel,2022-11-24 03:33:26,RBK-800-D.jpg
R79-133-Y,MOR,Peugeot 208,Gris,Cancelado,Adriana Silva Ortega,2022-10-23 10:26:51,R79-133-Y.jpg
PYV-651-G,MOR,Mercedes-Benz A-Class,Verde Oscuro,Activo,Norma Esquivel Campos,2023-04-23 10:20:22,PYV-651-G.jpg
R5Y-536-F,MOR,Mercedes-Benz GLC,Dorado,Robado,Sebastian Arroyo Bravo,2025-08-23 03:33:24,R5Y-536-F.jpg
PW2-640-E,MOR,BMW X3,Verde Oscuro,Activo,Pedro Navarro Aguilar,2019-08-25 10:51:52,PW2-640-E.jpg
R3C-838-P,MOR,Peugeot 5008,Azul Marino,Recuperado,Ruben Silva Orozco,2024-10-22 05:40:40,R3C-838-P.jpg
R2S-628-P,MOR,Ford Focus,Azul Marino,Homologacion,Silvia Sanchez Carrillo,2025-05-16 09:03:13,R2S-628-P.jpg
RBE-770-Y,MOR,Toyota Hilux,Cafe,Activo,Claudia Pineda Portillo,2018-01-28 08:54:44,RBE-770-Y.jpg
R8V-948-H,MOR,Renault Logan,Verde Oscuro,Activo,Teresa Valencia Villalobos,2024-03-05 13:46:49,R8V-948-H.jpg
R0S-365-D,MOR,Mercedes-Benz A-Class,Azul Marino,En Proceso Legal,Sofia Rivera Villegas,2023-07-01 13:16:06,R0S-365-D.jpg
PX8-355-P,MOR,Hyundai Accent,Negro,Importacion Definitiva,Beatriz Silva Correa,2021-02-20 10:24:00,PX8-355-P.jpg
RCM-311-W,MOR,Chevrolet Beat,Naranja,Homologacion,Sergio Escobar Rodriguez,2024-08-22 20:38:42,RCM-311-W.jpg
R2P-695-D,MOR,Jeep Renegade,Blanco Perlado,Activo,Paola Sanchez Izquierdo,2024-03-15 06:21:23,R2P-695-D.jpg
PWJ-259-E,MOR,Volkswagen Jetta,Blanco Perlado,Cancelado,Hector Mora Gallegos,2019-05-11 18:02:36,PWJ-259-E.jpg
PY8-000-E,MOR,Mercedes-Benz GLC,Negro,Reposicion,Leticia Cabrera Leal,2021-07-12 17:30:16,PY8-000-E.jpg
R5R-965-W,MOR,Hyundai Elantra,Verde,Cancelado,Cecilia Romero Campos,2017-12-26 10:39:04,R5R-965-W.jpg
R72-682-K,MOR,Ford Fiesta,Naranja,Recuperado,Benjamin Carrillo Barajas,2020-07-21 21:11:42,R72-682-K.jpg
RDF-795-A,MOR,BMW 3 Series,Gris Oscuro,Homologacion,Susana Mora Tovar,2024-03-23 14:32:09,RDF-795-A.jpg
RBR-876-Z,MOR,Audi A3,Dorado,Remarcaje,Emilio Ramos Jimenez,2019-08-08 17:48:20,RBR-876-Z.jpg
PXU-323-S,MOR,Jeep Renegade,Gris,Activo,Rebeca Esquivel Rosales,2017-01-20 00:47:58,PXU-323-S.jpg
PVG-170-F,MOR,Audi Q5,Vino,Reposicion,Armando Diaz Montoya,2025-09-22 12:54:31,PVG-170-F.jpg
R5W-757-W,MOR,Fiat Argo,Cafe,Reposicion,Martha Silva Trejo,2017-11-26 19:27:47,R5W-757-W.jpg
RB0-604-M,MOR,Audi Q5,Azul,Irregular,Alberto Herrera Fuentes,2022-04-17 09:01:25,RB0-604-M.jpg
RBR-344-H,MOR,BMW X3,Naranja,Remarcaje,Monica Cordero Mendoza,2026-05-08 04:20:30,RBR-344-H.jpg
RDT-450-C,MOR,BMW X5,Blanco Perlado,Homologacion,Marco Serrano Herrera,2017-05-01 20:03:41,RDT-450-C.jpg
R8Z-726-X,MOR,Nissan Versa,Gris,Recuperado,Ignacio Sanchez Gutierrez,2020-05-05 06:56:19,R8Z-726-X.jpg
RBM-865-K,MOR,Honda Accord,Blanco Perlado,Baja Temporal,Armando Cruz Camacho,2021-01-26 04:59:11,RBM-865-K.jpg
R29-630-Y,MOR,Kia Rio,Blanco Perlado,Remarcaje,Jorge Navarro Portillo,2021-01-17 01:52:09,R29-630-Y.jpg
R3A-740-A,MOR,Mazda 3,Cafe,Recuperado,Leticia Arellano Silva,2018-02-23 17:30:21,R3A-740-A.jpg
R58-922-L,MOR,Fiat Argo,Blanco,Remarcaje,Luis Escobar Torres,2025-08-02 06:13:28,R58-922-L.jpg
RA1-583-H,MOR,Jeep Grand Cherokee,Azul Marino,Remarcaje,Sergio Cruz Mejia,2017-12-02 20:20:39,RA1-583-H.jpg
PY5-791-W,MOR,Jeep Wrangler,Plateado,Recuperado,David Zarate Escobar,2018-05-27 05:30:48,PY5-791-W.jpg
R4U-442-G,MOR,Nissan NP300,Gris,Importacion Temporal,Mateo Solano Beltran,2018-02-15 06:52:08,R4U-442-G.jpg
R1B-718-J,MOR,Audi A4,Vino,Importacion Definitiva,Estela Rivera Campos,2020-08-29 21:02:44,R1B-718-J.jpg
RDA-993-G,MOR,Renault Logan,Verde Oscuro,Robado,Claudia Portillo Correa,2019-09-03 14:24:34,RDA-993-G.jpg
R6K-713-K,MOR,Hyundai Accent,Verde Oscuro,Reposicion,Oscar Alvarez Rivera,2025-04-09 13:23:41,R6K-713-K.jpg
PZN-918-Z,MOR,Ford Fusion,Azul Marino,Activo,Jesus Sepulveda Orozco,2017-05-19 01:23:00,PZN-918-Z.jpg
R7R-107-E,MOR,Hyundai Santa Fe,Vino,Reposicion,Francisco Perez Mora,2019-02-28 05:24:52,R7R-107-E.jpg
RCM-849-U,MOR,Volkswagen Jetta,Blanco Perlado,En Proceso Legal,Mateo Dominguez Trejo,2024-10-10 19:17:20,RCM-849-U.jpg
R5W-091-K,MOR,Audi A3,Gris,Baja Definitiva,Adriana Villegas Espinoza,2017-05-09 12:41:01,R5W-091-K.jpg
R5K-337-G,MOR,Ford Fiesta,Morado,Activo,Salvador Zarate Hernandez,2019-09-28 22:37:05,R5K-337-G.jpg
R8N-172-U,MOR,Renault Logan,Cafe,Baja Definitiva,Hugo Luna Montes,2024-02-17 18:25:40,R8N-172-U.jpg
RDF-797-N,MOR,Fiat Toro,Morado,Baja Temporal,Salvador Reyes Guerrero,2025-07-12 15:20:49,RDF-797-N.jpg
R6G-258-T,MOR,BMW X3,Dorado,Recuperado,Norma Castillo Ortega,2017-03-25 09:50:02,R6G-258-T.jpg
PW1-530-V,MOR,Kia Sportage,Verde Oscuro,Remarcaje,Carlos Vargas De La Cruz,2020-01-10 22:39:05,PW1-530-V.jpg
R6F-007-K,MOR,Ford Fiesta,Azul,Irregular,Victor Cabrera Vazquez,2019-10-31 18:33:35,R6F-007-K.jpg
R75-915-T,MOR,Honda Accord,Cafe,Reposicion,Adriana Dominguez Olvera,2021-01-13 08:56:45,R75-915-T.jpg
PVL-317-J,MOR,Kia Forte,Beige,Baja Temporal,Marco Correa Correa,2021-01-01 17:24:09,PVL-317-J.jpg
PZ2-833-X,MOR,BMW 5 Series,Gris Oscuro,Reposicion,Veronica Correa Zamora,2025-01-12 11:16:38,PZ2-833-X.jpg
R3D-415-N,MOR,Jeep Grand Cherokee,Verde Oscuro,Cancelado,Alejandra Portillo Castillo,2017-12-11 16:55:21,R3D-415-N.jpg
R6A-438-H,MOR,Hyundai Santa Fe,Cafe,Remarcaje,Mauricio Izquierdo De La Cruz,2019-01-12 17:55:37,R6A-438-H.jpg
PX6-129-C,MOR,Audi Q3,Azul Marino,Baja Temporal,Francisco Tapia Villalobos,2023-01-30 14:32:11,PX6-129-C.jpg
R03-048-C,MOR,Peugeot 308,Beige,Activo,Rocio Aguilar Carrillo,2025-03-06 03:53:42,R03-048-C.jpg
RD2-902-U,MOR,Renault Logan,Cafe,Homologacion,Alejandra Jimenez Alvarez,2022-01-02 08:03:17,RD2-902-U.jpg
R1W-049-G,MOR,Kia Sportage,Blanco,Reposicion,Rosa Gallegos Tovar,2018-06-10 06:25:01,R1W-049-G.jpg
RCY-559-R,MOR,Ford Ranger,Verde,Importacion Definitiva,Regina Camacho Juarez,2020-11-10 23:08:45,RCY-559-R.jpg
R2P-384-E,MOR,Ford Fiesta,Gris Oscuro,Reposicion,Valeria Palacios Fernandez,2024-11-04 22:40:37,R2P-384-E.jpg
PWM-185-Z,MOR,Nissan Versa,Dorado,Activo,Carolina Cordero Portillo,2017-09-16 03:40:31,PWM-185-Z.jpg
RAU-494-K,MOR,Peugeot 5008,Vino,Importacion Temporal,Oscar Arroyo Esquivel,2026-01-11 08:46:08,RAU-494-K.jpg
R2J-020-U,MOR,Mercedes-Benz GLC,Naranja,Robado,Manuel Cordero Tapia,2017-11-02 06:15:36,R2J-020-U.jpg
PXS-573-W,MOR,Ford Ranger,Azul,Robado,Beatriz Gonzalez Cabrera,2025-04-14 17:44:07,PXS-573-W.jpg
RBE-460-L,MOR,Kia Rio,Vino,Reposicion,Guadalupe Flores Montes,2021-04-25 17:13:53,RBE-460-L.jpg
R17-447-D,MOR,BMW 3 Series,Naranja,Recuperado,Rosa Huerta Valencia,2017-08-05 19:14:13,R17-447-D.jpg
R4S-365-W,MOR,Chevrolet Aveo,Dorado,En Proceso Legal,Antonio Fernandez Estrada,2017-01-10 20:07:37,R4S-365-W.jpg
R57-579-U,MOR,Chevrolet Aveo,Azul,Remarcaje,Marina Montoya Morales,2024-10-18 14:49:29,R57-579-U.jpg
R5J-431-P,MOR,BMW X5,Gris,En Proceso Legal,Martha Villalobos Cruz,2021-02-10 14:44:22,R5J-431-P.jpg
R2D-196-W,MOR,Mercedes-Benz GLA,Gris,Baja Definitiva,Paola Flores Tovar,2019-04-30 21:49:59,R2D-196-W.jpg
R9T-230-F,MOR,Nissan Sentra,Verde,Remarcaje,Isabel Camacho Palacios,2021-03-24 03:57:43,R9T-230-F.jpg
R3J-225-L,MOR,Nissan March,Azul,Remarcaje,Elizabeth Torres Mendoza,2022-07-28 05:03:54,R3J-225-L.jpg
RA1-588-U,MOR,Peugeot 5008,Blanco Perlado,Recuperado,Lorena Gonzalez Villalobos,2017-05-05 06:01:33,RA1-588-U.jpg
R47-118-Z,MOR,Toyota Corolla,Dorado,Robado,Diego Esquivel Izquierdo,2019-12-13 03:30:35,R47-118-Z.jpg
R5B-270-J,MOR,Hyundai Tucson,Blanco,Cancelado,Silvia Olvera Alvarez,2021-07-13 00:12:29,R5B-270-J.jpg
PVJ-071-L,MOR,Audi Q3,Verde,Importacion Temporal,Armando Alvarez Soto,2022-07-17 13:56:35,PVJ-071-L.jpg
PXV-910-D,MOR,Fiat Argo,Vino,Recuperado,Juan Nieto Sanchez,2017-05-09 10:08:47,PXV-910-D.jpg
R9X-286-X,MOR,Ford Fusion,Beige,Irregular,Marcos Rios Perez,2022-02-08 09:05:36,R9X-286-X.jpg
R3F-326-F,MOR,Chevrolet Spark,Azul Marino,Importacion Temporal,Eduardo Luna Campos,2026-03-22 14:57:34,R3F-326-F.jpg
PVM-576-V,MOR,Jeep Wrangler,Blanco,Baja Temporal,Luis Palacios Sanchez,2023-04-08 16:55:18,PVM-576-V.jpg
R45-019-B,MOR,Hyundai Elantra,Amarillo,Activo,Pedro Lopez Palacios,2022-01-07 10:06:35,R45-019-B.jpg
RD4-689-E,MOR,Jeep Compass,Gris,Baja Temporal,Leticia Cruz Ortega,2021-04-27 16:11:43,RD4-689-E.jpg
RCM-408-D,MOR,Volkswagen Golf,Plateado,Activo,Sebastian Fernandez Villalobos,2019-05-10 06:19:23,RCM-408-D.jpg
R5S-449-A,MOR,Jeep Renegade,Verde,Activo,Mateo Delgado Mendoza,2018-12-14 12:38:11,R5S-449-A.jpg
RAY-469-C,MOR,Hyundai Tucson,Rojo,Importacion Temporal,Alejandra Martinez Solano,2017-09-18 11:00:04,RAY-469-C.jpg
R55-838-S,MOR,Peugeot 308,Beige,Activo,Francisco Orozco Contreras,2018-08-01 07:33:16,R55-838-S.jpg
PVV-328-W,MOR,Chevrolet Cruze,Morado,Activo,Adolfo Izquierdo Avila,2023-06-25 13:05:41,PVV-328-W.jpg
RDM-442-C,MOR,Nissan March,Blanco Perlado,Irregular,Ignacio Alvarez Lopez,2024-04-08 23:39:55,RDM-442-C.jpg
PVE-512-K,MOR,Ford Fiesta,Morado,Irregular,Teresa Contreras Guerrero,2023-08-16 03:09:41,PVE-512-K.jpg
RD1-308-S,MOR,Kia Rio,Beige,Remarcaje,Oscar Montes Urbina,2020-02-06 20:32:53,RD1-308-S.jpg
PW7-488-B,MOR,Audi A4,Rojo Oscuro,Importacion Temporal,Patricia Acosta Serrano,2017-03-23 12:17:25,PW7-488-B.jpg
R88-201-V,MOR,Peugeot 308,Plateado,En Proceso Legal,Laura Pineda Fernandez,2018-08-16 04:26:32,R88-201-V.jpg
R2C-665-X,MOR,Audi Q5,Gris Oscuro,Importacion Temporal,Elizabeth Cervantes Camacho,2019-09-24 02:06:49,R2C-665-X.jpg
R0H-153-R,MOR,Ford Ranger,Plateado,Activo,Maria Jimenez Ramirez,2019-09-26 22:56:57,R0H-153-R.jpg
PXU-600-Y,MOR,Fiat Argo,Amarillo,Cancelado,Armando Barajas Ortega,2019-03-18 08:41:37,PXU-600-Y.jpg
R8H-086-D,MOR,Volkswagen Golf,Verde Oscuro,Robado,Patricia Ruiz Gonzalez,2019-08-06 02:09:49,R8H-086-D.jpg
R65-834-K,MOR,Kia Sorento,Gris Oscuro,Activo,Alberto Huerta Silva,2017-10-10 05:14:04,R65-834-K.jpg
RBF-079-V,MOR,Chevrolet Aveo,Verde,Remarcaje,Beatriz Rosales Villalobos,2018-02-07 11:34:21,RBF-079-V.jpg
RAY-985-A,MOR,Peugeot 3008,Rojo Oscuro,Baja Definitiva,Fabiola Martinez Nieto,2019-07-08 02:16:03,RAY-985-A.jpg
R13-200-F,MOR,Peugeot 208,Rojo Oscuro,Activo,Oscar Pineda Rodriguez,2025-04-07 10:20:19,R13-200-F.jpg
PVV-532-D,MOR,Toyota Corolla,Azul,Importacion Definitiva,Camila Velazquez Campos,2024-05-19 22:37:44,PVV-532-D.jpg
R3M-571-V,MOR,Volkswagen Golf,Naranja,Activo,Isabel Camacho Aguilar,2023-09-22 03:42:54,R3M-571-V.jpg
R87-915-A,MOR,Nissan March,Naranja,Baja Definitiva,Isabel Ramos Contreras,2020-08-15 23:51:36,R87-915-A.jpg
RA9-625-V,MOR,Ford Fusion,Rojo Oscuro,Importacion Temporal,Sofia Perez Olvera,2021-01-17 02:41:37,RA9-625-V.jpg
R2R-777-F,MOR,Hyundai Tucson,Cafe,Activo,Luis Mora Arroyo,2023-12-04 05:39:04,R2R-777-F.jpg
R8F-487-Y,MOR,Jeep Wrangler,Dorado,Cancelado,Emilio Valencia Tapia,2024-09-14 15:54:46,R8F-487-Y.jpg
R1Z-260-T,MOR,Ford Ranger,Dorado,Activo,Ignacio Navarro Ramirez,2021-01-18 15:45:55,R1Z-260-T.jpg
RCY-724-R,MOR,Mazda CX-5,Gris Oscuro,Importacion Temporal,Elizabeth Cordero Rios,2023-11-05 07:03:41,RCY-724-R.jpg
R0J-350-U,MOR,BMW X3,Rojo,Activo,Arturo Zamora Mendoza,2023-03-16 03:50:12,R0J-350-U.jpg
PYD-251-C,MOR,Ford Ranger,Beige,Importacion Temporal,Oscar Flores Beltran,2023-07-05 12:59:16,PYD-251-C.jpg
RDR-601-A,MOR,Hyundai Santa Fe,Gris,Robado,Yolanda Solano Hernandez,2018-11-02 17:33:08,RDR-601-A.jpg
RA3-810-C,MOR,Fiat Toro,Vino,Baja Temporal,Antonio Avila Solano,2018-08-25 13:55:17,RA3-810-C.jpg
R13-907-S,MOR,Kia Rio,Gris Oscuro,Reposicion,Beatriz Montoya Escobar,2019-10-08 01:26:58,R13-907-S.jpg
R9Z-091-Z,MOR,BMW X3,Verde,Irregular,Rosa Olvera Montes,2025-11-30 13:35:47,R9Z-091-Z.jpg
RD5-122-R,MOR,Fiat 500,Rojo,Cancelado,Antonio Salazar Cruz,2022-11-06 15:08:35,RD5-122-R.jpg
R87-742-D,MOR,Volkswagen Vento,Amarillo,Importacion Definitiva,Marina Torres Valdez,2021-02-26 05:50:43,R87-742-D.jpg
RAH-689-B,MOR,Renault Sandero,Plateado,Irregular,Patricia Alvarez Vazquez,2021-09-07 11:04:24,RAH-689-B.jpg
R5N-645-Y,MOR,Peugeot 3008,Azul Marino,Activo,Javier Zarate Guerrero,2017-11-05 19:35:52,R5N-645-Y.jpg
RBN-746-Y,MOR,Renault Kwid,Verde,Remarcaje,Renata Valencia Mendoza,2020-08-21 21:16:39,RBN-746-Y.jpg
R82-317-P,MOR,Honda Accord,Plateado,Remarcaje,Liliana Villalobos Correa,2019-05-31 11:48:13,R82-317-P.jpg
R4R-647-P,MOR,Mazda MX-5,Blanco Perlado,Baja Definitiva,Silvia Quintero De La Cruz,2019-02-11 22:35:25,R4R-647-P.jpg
RAC-274-T,MOR,Ford Fiesta,Naranja,Irregular,Claudia Sandoval Hernandez,2026-02-21 21:28:20,RAC-274-T.jpg
R0M-825-H,MOR,Renault Sandero,Blanco,Activo,Teresa Vargas Soto,2017-10-22 11:53:21,R0M-825-H.jpg
RCD-926-B,MOR,Volkswagen Jetta,Cafe,Baja Definitiva,Roberto Luna Escobar,2017-03-27 05:11:37,RCD-926-B.jpg
R51-687-S,MOR,Jeep Renegade,Verde Oscuro,Activo,Alicia Del Valle Rios,2021-10-03 20:34:45,R51-687-S.jpg
R6G-573-R,MOR,Mercedes-Benz GLA,Blanco Perlado,Baja Temporal,Daniel Peña Rodriguez,2017-01-26 07:30:12,R6G-573-R.jpg
RCR-962-C,MOR,Toyota Hilux,Cafe,Reposicion,Adolfo Fernandez Peña,2021-06-23 19:32:03,RCR-962-C.jpg
R4J-467-F,MOR,Ford Focus,Vino,Activo,Marisol Camacho Diaz,2022-10-09 13:18:01,R4J-467-F.jpg
PZ9-245-R,MOR,Ford Fiesta,Gris Oscuro,Cancelado,Monica Camacho Pacheco,2023-12-16 05:41:15,PZ9-245-R.jpg
PXP-249-R,MOR,Nissan NP300,Dorado,Irregular,Patricia Maldonado Rosales,2022-02-19 15:26:00,PXP-249-R.jpg
RA5-820-X,MOR,Toyota Yaris,Vino,Importacion Temporal,Monica Vargas Gonzalez,2024-08-11 23:30:29,RA5-820-X.jpg
PY9-206-N,MOR,Nissan Sentra,Blanco,Homologacion,Elsa Olvera Rivera,2020-05-08 13:56:49,PY9-206-N.jpg
PW0-695-T,MOR,Honda Accord,Gris Oscuro,Recuperado,German Zamora Acosta,2018-06-19 09:04:52,PW0-695-T.jpg
RCN-745-J,MOR,Kia Rio,Cafe,Remarcaje,Paola Barajas Huerta,2019-04-08 06:46:42,RCN-745-J.jpg
RD1-520-F,MOR,Audi Q3,Blanco Perlado,Importacion Temporal,Fernando Escobar Serrano,2020-02-12 04:32:38,RD1-520-F.jpg
RCR-298-J,MOR,BMW 3 Series,Verde Oscuro,Activo,David Soto Cabrera,2022-10-02 04:05:43,RCR-298-J.jpg
PYB-058-T,MOR,BMW 5 Series,Naranja,Recuperado,Salvador Olvera Figueroa,2017-02-13 08:04:58,PYB-058-T.jpg
R01-004-T,MOR,Audi Q5,Azul,Activo,Marco Bravo Mora,2020-11-11 01:37:26,R01-004-T.jpg
R8J-313-R,MOR,Hyundai Tucson,Rojo,Baja Definitiva,Martha Orozco Rivera,2024-08-28 11:03:55,R8J-313-R.jpg
PWV-143-N,MOR,Peugeot 308,Verde,Baja Definitiva,Ana Solano Cruz,2017-10-06 18:39:34,PWV-143-N.jpg
R32-638-B,MOR,Honda Accord,Azul,Recuperado,Noe Romero Quiroz,2022-08-03 14:34:41,R32-638-B.jpg
R4R-312-V,MOR,Ford Ranger,Cafe,Activo,Victor Urbina Delgado,2023-10-04 04:06:10,R4R-312-V.jpg
R81-132-M,MOR,Audi Q5,Azul Marino,Recuperado,Arturo Alvarez Zarate,2017-03-10 06:29:00,R81-132-M.jpg
RAZ-650-B,MOR,Kia Sportage,Gris Oscuro,Homologacion,Valeria Moya Moya,2019-07-05 09:49:28,RAZ-650-B.jpg
PZJ-288-W,MOR,Nissan March,Beige,Robado,Oscar Barajas Lopez,2024-02-14 02:01:43,PZJ-288-W.jpg
RDW-546-R,MOR,Ford Fusion,Dorado,Robado,Regina Rivera De La Cruz,2019-07-26 22:45:01,RDW-546-R.jpg
R9V-051-Y,MOR,Ford Focus,Rojo Oscuro,Importacion Temporal,Luis Villegas Figueroa,2019-07-24 02:52:14,R9V-051-Y.jpg
RDA-671-S,MOR,Hyundai Santa Fe,Rojo Oscuro,Irregular,Alejandra Arellano Morales,2025-01-23 13:05:55,RDA-671-S.jpg
R2H-478-D,MOR,Chevrolet Cruze,Azul Marino,Activo,Silvia Arroyo Jimenez,2021-04-05 07:21:03,R2H-478-D.jpg
PYF-648-B,MOR,Nissan Versa,Vino,Irregular,Laura Barajas Tovar,2024-12-12 05:48:17,PYF-648-B.jpg
R31-348-S,MOR,Volkswagen Vento,Gris Oscuro,Remarcaje,Adriana Fernandez Carrillo,2021-01-08 12:51:32,R31-348-S.jpg
R7Y-268-A,MOR,Toyota Corolla,Blanco Perlado,Activo,Victor Fuentes Torres,2019-08-09 20:07:31,R7Y-268-A.jpg
R18-686-P,MOR,Hyundai Santa Fe,Verde Oscuro,Irregular,Daniela Mejia Orozco,2024-11-06 07:24:34,R18-686-P.jpg
PVY-549-C,MOR,Mazda 3,Verde Oscuro,Recuperado,Daniela Montoya Morales,2020-11-19 20:48:11,PVY-549-C.jpg
RBY-304-Z,MOR,BMW 3 Series,Gris Oscuro,Baja Temporal,Jorge Urbina Camacho,2020-12-03 17:27:43,RBY-304-Z.jpg
PYJ-287-S,MOR,Chevrolet Beat,Amarillo,Importacion Definitiva,Adriana Delgado Maldonado,2024-06-01 11:37:35,PYJ-287-S.jpg
R1U-010-Y,MOR,Volkswagen Amarok,Morado,Activo,Oscar Villalobos Zarate,2026-03-15 19:35:23,R1U-010-Y.jpg
RA5-673-B,MOR,Peugeot 5008,Rojo Oscuro,Activo,Marco Flores Flores,2025-06-21 06:32:01,RA5-673-B.jpg
R2K-692-D,MOR,Volkswagen Amarok,Cafe,Importacion Temporal,German Sanchez Luna,2025-07-05 01:24:56,R2K-692-D.jpg
R9X-707-Y,MOR,Peugeot 5008,Vino,Robado,Lucia Fernandez Palacios,2019-07-27 09:30:51,R9X-707-Y.jpg
PVE-416-P,MOR,Fiat Cronos,Negro,Importacion Definitiva,Guillermo Aguilar Maldonado,2019-08-16 07:14:39,PVE-416-P.jpg
PZB-661-H,MOR,Hyundai Santa Fe,Blanco Perlado,Activo,Hector Tapia Montes,2026-02-01 22:00:36,PZB-661-H.jpg
PXC-351-W,MOR,Volkswagen Vento,Cafe,Activo,Susana Contreras Villegas,2022-12-14 20:14:11,PXC-351-W.jpg
R64-385-B,MOR,Honda HR-V,Morado,Cancelado,Adolfo Martinez Mendoza,2019-01-05 05:14:20,R64-385-B.jpg
R74-920-K,MOR,Honda HR-V,Cafe,Remarcaje,Carmen Navarro Aguilar,2025-12-03 22:58:20,R74-920-K.jpg
PVB-544-Y,MOR,Hyundai Tucson,Verde Oscuro,Robado,David Leal Valencia,2024-02-27 06:46:57,PVB-544-Y.jpg
R1V-977-E,MOR,Jeep Compass,Amarillo,Baja Temporal,Manuel Cruz Ramirez,2019-11-24 05:55:16,R1V-977-E.jpg
R8K-659-Z,MOR,Honda HR-V,Rojo Oscuro,Baja Definitiva,Armando Carrillo Herrera,2026-04-22 07:32:13,R8K-659-Z.jpg
PZC-161-H,MOR,Volkswagen Amarok,Plateado,Baja Temporal,Alejandro Mora Quintero,2024-02-28 14:04:44,PZC-161-H.jpg
RDE-602-L,MOR,Kia Sportage,Azul,Recuperado,Francisco Castillo Zarate,2021-05-29 07:22:53,RDE-602-L.jpg
RCR-047-A,MOR,Ford Ranger,Beige,En Proceso Legal,Maria Sepulveda Soto,2026-01-08 17:40:30,RCR-047-A.jpg
R65-858-H,MOR,Ford Focus,Azul Marino,Activo,Cristian Lopez Campos,2023-10-12 01:11:21,R65-858-H.jpg
PXH-301-V,MOR,Nissan Sentra,Negro,Importacion Temporal,Rocio Contreras Moya,2022-07-03 17:54:44,PXH-301-V.jpg
RD4-867-J,MOR,Honda Civic,Rojo,Cancelado,Jorge Juarez Pineda,2019-03-04 06:05:57,RD4-867-J.jpg
PY4-244-G,MOR,Mercedes-Benz GLA,Rojo,Activo,Sandra Martinez Carrillo,2023-12-06 12:57:01,PY4-244-G.jpg
R5T-997-P,MOR,Renault Kwid,Azul,En Proceso Legal,Isabel Ramirez Quiroz,2023-09-07 16:30:12,R5T-997-P.jpg
R49-195-M,MOR,Ford Focus,Beige,Importacion Definitiva,Mateo Fernandez Ramirez,2019-10-06 02:45:26,R49-195-M.jpg
R05-201-W,MOR,BMW X3,Rojo Oscuro,Importacion Temporal,Carolina Beltran Medina,2017-04-09 02:39:12,R05-201-W.jpg
R3P-832-X,MOR,Jeep Renegade,Vino,Activo,Rebeca Esquivel Arellano,2021-11-23 02:49:13,R3P-832-X.jpg
R4P-057-H,MOR,Fiat Toro,Amarillo,Baja Temporal,Raul Montoya Dominguez,2019-07-24 18:29:35,R4P-057-H.jpg
R7J-407-H,MOR,Renault Duster,Naranja,Activo,Roberto Diaz Urbina,2019-03-23 14:01:00,R7J-407-H.jpg
PVL-491-N,MOR,Chevrolet Cruze,Vino,Activo,Lucia Diaz Ruiz,2025-08-11 08:13:50,PVL-491-N.jpg
PWZ-402-K,MOR,Mazda 3,Morado,Activo,Arturo Jimenez Quiroz,2019-09-13 07:40:31,PWZ-402-K.jpg
R8G-711-D,MOR,Nissan Sentra,Verde,En Proceso Legal,Alicia Arroyo Perez,2020-04-04 03:47:02,R8G-711-D.jpg
PZL-980-A,MOR,Nissan Sentra,Gris,Activo,Jorge Solano Flores,2022-10-27 01:08:23,PZL-980-A.jpg
R7Y-349-V,MOR,Renault Logan,Morado,Reposicion,Francisco Bravo Rivera,2021-09-19 09:22:54,R7Y-349-V.jpg
R9C-320-S,MOR,Ford Fusion,Azul,Robado,Leticia Pacheco Alvarez,2023-07-22 17:42:28,R9C-320-S.jpg
PYY-026-T,MOR,Peugeot 308,Plateado,Activo,Yolanda Ramos Garcia,2018-07-12 18:26:24,PYY-026-T.jpg
R2F-434-Y,MOR,Kia Sportage,Naranja,Cancelado,Victor Aguilar Arellano,2024-02-03 07:38:05,R2F-434-Y.jpg
R8S-910-U,MOR,Ford Ranger,Dorado,Recuperado,Beatriz Delgado Rivera,2022-10-22 10:32:06,R8S-910-U.jpg
R8U-082-Y,MOR,Fiat Argo,Plateado,Reposicion,Cristian Izquierdo Guerrero,2025-12-01 05:13:56,R8U-082-Y.jpg
RCN-781-L,MOR,Fiat Toro,Blanco,Importacion Temporal,Ignacio Vargas Cordero,2019-06-04 14:22:23,RCN-781-L.jpg
R1T-946-V,MOR,Toyota Hilux,Verde Oscuro,Homologacion,Renata Villalobos Ruiz,2022-03-06 09:07:40,R1T-946-V.jpg
R3N-366-F,MOR,Toyota Hilux,Gris,Activo,Rocio Acosta Trejo,2023-12-04 21:17:18,R3N-366-F.jpg
R91-068-Y,MOR,Kia Rio,Gris,Baja Temporal,Lucia Villegas Ramos,2019-02-21 13:15:40,R91-068-Y.jpg
RDF-135-R,MOR,Honda Civic,Rojo,Activo,Rosa Izquierdo Fernandez,2020-12-18 08:43:23,RDF-135-R.jpg
R4R-227-N,MOR,Chevrolet Beat,Blanco,Importacion Temporal,Emilio Juarez Zarate,2022-02-19 07:05:49,R4R-227-N.jpg
PVK-752-F,MOR,Peugeot 5008,Morado,Activo,Daniela Solano Avila,2023-04-05 19:17:43,PVK-752-F.jpg
R2W-998-U,MOR,BMW 3 Series,Gris,Baja Temporal,Mateo Solano Mora,2021-08-04 12:00:18,R2W-998-U.jpg
RFE-834-V,NAY,Jeep Renegade,Plateado,Activo,Estela Romero Torres,2022-11-05 10:40:12,RFE-834-V.jpg
RH5-453-Z,NAY,Mercedes-Benz C-Class,Verde,Remarcaje,Sebastian Maldonado Maldonado,2019-08-05 00:39:36,RH5-453-Z.jpg
RFA-733-P,NAY,Peugeot 308,Naranja,Activo,Alberto Urbina Reyes,2024-09-09 05:34:51,RFA-733-P.jpg
RJR-620-J,NAY,Honda CR-V,Blanco Perlado,Baja Temporal,Sergio Gallegos Estrada,2019-12-29 01:37:48,RJR-620-J.jpg
RFC-098-E,NAY,Kia Sportage,Plateado,Activo,Angela Zarate Figueroa,2024-01-28 10:53:35,RFC-098-E.jpg
RJY-359-J,NAY,Mazda MX-5,Cafe,Activo,Francisco Peña Zarate,2018-02-05 03:18:08,RJY-359-J.jpg
RJF-882-V,NAY,Volkswagen Amarok,Rojo Oscuro,Importacion Definitiva,Rosa Urbina Serrano,2020-08-23 07:10:35,RJF-882-V.jpg
RH4-963-L,NAY,Volkswagen Vento,Morado,Homologacion,Salvador Luna Perez,2023-01-24 18:30:18,RH4-963-L.jpg
RHR-401-B,NAY,Fiat Cronos,Verde,Baja Temporal,Benjamin Vargas Montoya,2022-01-25 04:12:35,RHR-401-B.jpg
RHW-622-X,NAY,Volkswagen Jetta,Morado,Baja Temporal,David Suarez Jimenez,2023-08-22 00:36:40,RHW-622-X.jpg
RGZ-855-G,NAY,Honda Accord,Cafe,Activo,Luis Orozco Vargas,2023-04-29 10:37:16,RGZ-855-G.jpg
RH6-835-G,NAY,Renault Kwid,Gris,Irregular,Susana Fernandez Fuentes,2025-12-18 08:01:32,RH6-835-G.jpg
RGW-702-K,NAY,Ford Fiesta,Gris,Activo,Elias Portillo Maldonado,2017-08-04 06:20:05,RGW-702-K.jpg
RGW-790-X,NAY,Jeep Renegade,Amarillo,Importacion Definitiva,Norma Perez Tovar,2022-03-27 08:46:34,RGW-790-X.jpg
RG3-554-Z,NAY,Audi A3,Amarillo,Robado,Camila Rivera Zarate,2021-05-18 13:26:21,RG3-554-Z.jpg
REV-142-Z,NAY,Mazda MX-5,Gris Oscuro,Homologacion,Fabiola Guerrero Mendoza,2019-07-03 00:20:13,REV-142-Z.jpg
RF0-210-M,NAY,Kia Sorento,Blanco,Importacion Definitiva,Leticia Rosales Cervantes,2024-05-05 05:50:25,RF0-210-M.jpg
REG-306-J,NAY,Chevrolet Cruze,Rojo,Recuperado,Felipe Moya Fernandez,2025-01-18 21:10:33,REG-306-J.jpg
RHF-456-J,NAY,Kia Forte,Negro,Activo,Beatriz Silva Juarez,2020-05-25 05:47:51,RHF-456-J.jpg
RF1-941-D,NAY,BMW X5,Blanco Perlado,Homologacion,Alberto Reyes Diaz,2017-04-12 05:54:38,RF1-941-D.jpg
RFG-696-G,NAY,Hyundai Accent,Naranja,Irregular,Marisol Peña Morales,2018-02-20 21:14:35,RFG-696-G.jpg
RG3-232-P,NAY,Mercedes-Benz GLA,Blanco Perlado,En Proceso Legal,Arturo Ortega Silva,2018-07-09 15:36:49,RG3-232-P.jpg
RF2-233-P,NAY,Ford Focus,Morado,Remarcaje,Adriana Cabrera Huerta,2024-04-09 05:46:42,RF2-233-P.jpg
RJE-951-K,NAY,Hyundai Accent,Gris,Importacion Definitiva,Mateo Garcia Diaz,2022-08-19 06:36:15,RJE-951-K.jpg
RH0-796-Z,NAY,Jeep Wrangler,Naranja,Importacion Temporal,Ricardo Villalobos Vazquez,2024-07-09 06:49:39,RH0-796-Z.jpg
RH3-341-A,NAY,Peugeot 5008,Gris Oscuro,Baja Definitiva,Cristian Castro Villegas,2025-11-18 05:46:39,RH3-341-A.jpg
RJU-494-G,NAY,Nissan Versa,Verde Oscuro,Recuperado,Beatriz Valencia Urbina,2025-07-10 23:58:56,RJU-494-G.jpg
RJZ-381-G,NAY,Hyundai Elantra,Rojo Oscuro,Activo,Guillermo Espinoza Alvarez,2022-04-15 16:57:37,RJZ-381-G.jpg
REU-120-G,NAY,Peugeot 308,Vino,Cancelado,Javier Luna Campos,2020-10-03 08:36:12,REU-120-G.jpg
REW-173-Y,NAY,Chevrolet Cruze,Rojo,Activo,Sandra Sepulveda Mora,2019-05-26 11:15:01,REW-173-Y.jpg
RFK-584-F,NAY,Audi Q5,Plateado,Reposicion,Monica Pineda Velazquez,2024-09-27 02:48:48,RFK-584-F.jpg
REP-020-H,NAY,Mazda 3,Cafe,Irregular,Hector Villanueva Tovar,2022-09-10 23:11:26,REP-020-H.jpg
RFJ-659-W,NAY,Fiat Cronos,Amarillo,Irregular,Emilio Tapia Barajas,2025-08-17 12:45:43,RFJ-659-W.jpg
RFM-413-D,NAY,Nissan Sentra,Beige,Remarcaje,Mauricio Bravo Medina,2020-02-05 02:31:10,RFM-413-D.jpg
RGJ-902-C,NAY,BMW 3 Series,Gris Oscuro,Robado,Diego Izquierdo Perez,2022-07-25 21:41:52,RGJ-902-C.jpg
REY-714-R,NAY,Hyundai Tucson,Azul Marino,Remarcaje,Leticia Trejo Nieto,2022-01-06 01:47:55,REY-714-R.jpg
RH3-870-X,NAY,Kia Rio,Verde,Baja Definitiva,Isabel Huerta Reyes,2020-09-30 06:44:56,RH3-870-X.jpg
RFE-621-M,NAY,Fiat Argo,Rojo Oscuro,En Proceso Legal,Adriana Orozco Jimenez,2023-05-12 03:28:01,RFE-621-M.jpg
RJ3-752-C,NAY,Ford Ranger,Blanco,Robado,Ignacio Lopez Contreras,2022-10-18 20:39:32,RJ3-752-C.jpg
RJX-248-N,NAY,Hyundai Elantra,Azul Marino,Baja Definitiva,Fernando Gallegos Delgado,2021-03-11 04:56:19,RJX-248-N.jpg
REV-230-X,NAY,Jeep Wrangler,Naranja,Activo,Noe Arellano Palacios,2023-09-02 11:48:46,REV-230-X.jpg
RG3-065-M,NAY,Volkswagen Vento,Azul Marino,Baja Definitiva,Mateo Palacios Chavez,2017-05-15 04:42:50,RG3-065-M.jpg
RF5-798-J,NAY,Volkswagen Golf,Rojo,Baja Definitiva,Sandra Quintero Cabrera,2023-09-22 00:15:38,RF5-798-J.jpg
RGK-883-C,NAY,Mazda CX-5,Verde,Baja Temporal,Patricia Cabrera Garcia,2020-04-17 07:14:39,RGK-883-C.jpg
RF1-869-D,NAY,Kia Rio,Amarillo,Activo,Marisol Martinez Valencia,2020-01-09 10:12:34,RF1-869-D.jpg
RJU-468-J,NAY,Jeep Grand Cherokee,Verde,Activo,Javier Vazquez Sepulveda,2018-02-21 21:49:16,RJU-468-J.jpg
RH7-544-X,NAY,Toyota Yaris,Verde Oscuro,En Proceso Legal,Cecilia Cervantes Diaz,2023-02-12 14:56:15,RH7-544-X.jpg
REN-455-T,NAY,Chevrolet Spark,Azul,Cancelado,Maria Figueroa Nieto,2017-09-23 09:23:14,REN-455-T.jpg
REH-802-B,NAY,Jeep Compass,Gris Oscuro,Robado,Rocio Zarate Del Valle,2019-09-07 02:35:40,REH-802-B.jpg
REY-036-F,NAY,Hyundai Accent,Blanco,Importacion Temporal,Cecilia Bravo Delgado,2023-11-10 22:10:49,REY-036-F.jpg
RGT-429-U,NAY,Mercedes-Benz A-Class,Morado,Baja Temporal,Gabriela Mejia Reyes,2020-01-28 03:48:53,RGT-429-U.jpg
RGU-554-B,NAY,Chevrolet Beat,Amarillo,Recuperado,Salvador Villegas Rosales,2020-04-26 11:38:37,RGU-554-B.jpg
RFP-447-P,NAY,Chevrolet Cruze,Rojo,Baja Temporal,David Orozco Plascencia,2021-07-13 03:16:13,RFP-447-P.jpg
RG8-161-C,NAY,Hyundai Elantra,Beige,Importacion Definitiva,Hugo Gutierrez Valencia,2025-05-25 05:24:36,RG8-161-C.jpg
RGY-663-L,NAY,Volkswagen Jetta,Verde,Remarcaje,Elias Cordero Solano,2021-11-26 06:09:29,RGY-663-L.jpg
RHU-948-Z,NAY,Peugeot 308,Beige,Irregular,German Rosales Gutierrez,2020-05-30 06:19:38,RHU-948-Z.jpg
RER-829-J,NAY,Mercedes-Benz GLA,Blanco Perlado,Recuperado,Marina Bravo Salazar,2025-08-28 10:32:19,RER-829-J.jpg
RGL-352-Z,NAY,Renault Sandero,Cafe,Activo,Luis Mejia Orozco,2025-01-07 21:24:10,RGL-352-Z.jpg
RED-784-X,NAY,Volkswagen Jetta,Gris,Irregular,Pedro Martinez Quintero,2020-12-21 23:31:58,RED-784-X.jpg
RHD-600-B,NAY,Fiat 500,Amarillo,Baja Temporal,Juan Correa Jimenez,2025-08-24 13:43:03,RHD-600-B.jpg
RG1-898-N,NAY,Renault Duster,Gris,Recuperado,Alejandro Valencia Torres,2017-02-28 18:52:14,RG1-898-N.jpg
RJ3-614-C,NAY,Honda Civic,Beige,Activo,Roberto Gutierrez Correa,2022-11-30 17:09:29,RJ3-614-C.jpg
RHS-263-E,NAY,Audi A3,Gris,Cancelado,Ricardo Vargas Zamora,2019-11-18 13:07:47,RHS-263-E.jpg
RJR-100-G,NAY,Nissan March,Blanco,Importacion Temporal,Martha Dominguez Del Valle,2017-03-09 14:19:38,RJR-100-G.jpg
RF7-806-S,NAY,Mazda CX-5,Verde,Activo,Armando Del Valle Castro,2018-09-14 17:24:37,RF7-806-S.jpg
RF6-298-Y,NAY,Kia Sorento,Gris Oscuro,Activo,Valeria De La Cruz Portillo,2019-01-14 00:30:20,RF6-298-Y.jpg
REY-657-N,NAY,Volkswagen Golf,Azul Marino,Recuperado,Jesus Figueroa Sepulveda,2023-10-29 00:58:43,REY-657-N.jpg
RF3-808-B,NAY,Hyundai Tucson,Beige,Remarcaje,Victor Izquierdo Medina,2022-05-26 17:04:24,RF3-808-B.jpg
RJS-590-X,NAY,Audi Q3,Verde Oscuro,Activo,Jesus Urbina Cabrera,2022-10-19 13:25:23,RJS-590-X.jpg
RHY-607-T,NAY,Chevrolet Spark,Vino,Baja Definitiva,Sergio Ruiz Rodriguez,2018-01-17 18:07:18,RHY-607-T.jpg
RF2-396-L,NAY,Ford Focus,Vino,En Proceso Legal,Lorena Escobar Esquivel,2025-03-30 09:45:49,RF2-396-L.jpg
RF5-017-C,NAY,Toyota Prius,Vino,Activo,Valeria Campos Cabrera,2020-08-07 00:42:31,RF5-017-C.jpg
REH-843-G,NAY,Kia Rio,Verde Oscuro,Remarcaje,Juan Orozco Delgado,2020-06-12 14:19:34,REH-843-G.jpg
RHG-921-E,NAY,Chevrolet Aveo,Naranja,Activo,Eduardo Contreras De La Cruz,2024-12-24 13:15:32,RHG-921-E.jpg
RHS-213-R,NAY,Jeep Renegade,Morado,Cancelado,Angela Navarro Sandoval,2024-10-18 05:13:41,RHS-213-R.jpg
RJM-088-A,NAY,Toyota Prius,Dorado,Importacion Temporal,Estela Ortega Del Valle,2021-12-01 12:58:21,RJM-088-A.jpg
RJ7-040-Z,NAY,Honda Civic,Verde Oscuro,Remarcaje,Jesus Esquivel Quintero,2020-11-01 19:19:39,RJ7-040-Z.jpg
REH-971-L,NAY,Fiat Cronos,Rojo,Irregular,Claudia Vazquez Pacheco,2017-04-08 19:23:23,REH-971-L.jpg
RFE-412-X,NAY,Honda Civic,Gris Oscuro,Baja Definitiva,Alicia Chavez Palacios,2021-01-19 16:48:00,RFE-412-X.jpg
RHT-075-G,NAY,Renault Duster,Blanco Perlado,Activo,Cecilia Castro Maldonado,2023-09-15 01:51:29,RHT-075-G.jpg
RF2-525-M,NAY,Ford Ranger,Negro,Irregular,Noe Tapia Ortega,2025-03-22 18:45:36,RF2-525-M.jpg
RFB-566-P,NAY,Nissan Versa,Azul,Activo,Silvia Villanueva Peña,2023-07-07 22:58:36,RFB-566-P.jpg
RG4-632-Z,NAY,Ford Focus,Cafe,Recuperado,Ricardo Maldonado Izquierdo,2023-08-05 12:34:09,RG4-632-Z.jpg
RGU-112-Y,NAY,Nissan NP300,Cafe,Robado,Maria Luna Garcia,2022-07-15 01:29:23,RGU-112-Y.jpg
RF8-784-X,NAY,Kia Sportage,Rojo Oscuro,Baja Definitiva,Hector Fernandez Trejo,2020-03-09 17:49:51,RF8-784-X.jpg
RHL-447-J,NAY,Hyundai Accent,Gris,Activo,Lucia Luna Olvera,2017-02-14 19:13:02,RHL-447-J.jpg
RF8-158-Y,NAY,Honda Accord,Naranja,Baja Temporal,Ernesto Mora Avila,2024-10-30 15:19:14,RF8-158-Y.jpg
RER-105-N,NAY,Fiat Cronos,Verde Oscuro,Activo,Antonio Tovar Campos,2023-02-09 11:26:31,RER-105-N.jpg
RER-478-L,NAY,Chevrolet Spark,Morado,Robado,Ernesto Leal Medina,2025-06-25 12:01:18,RER-478-L.jpg
RGA-776-S,NAY,Mazda CX-5,Negro,Activo,Carolina Cervantes Avila,2025-06-14 04:17:26,RGA-776-S.jpg
RH9-191-B,NAY,Renault Kwid,Negro,Recuperado,Armando Plascencia Gallegos,2020-06-13 01:03:07,RH9-191-B.jpg
RGU-591-G,NAY,Mazda MX-5,Rojo Oscuro,Robado,Adolfo Vargas Sanchez,2017-11-15 12:38:48,RGU-591-G.jpg
RHX-231-R,NAY,Ford Focus,Verde Oscuro,Recuperado,Claudia Sandoval Tovar,2025-07-27 14:39:48,RHX-231-R.jpg
RHK-513-G,NAY,Fiat Toro,Naranja,Remarcaje,Adolfo Serrano Lopez,2025-10-20 05:30:30,RHK-513-G.jpg
RG0-964-H,NAY,Kia Rio,Rojo Oscuro,Recuperado,Eduardo Barajas Izquierdo,2023-12-01 13:47:35,RG0-964-H.jpg
RGU-022-P,NAY,Mazda 3,Cafe,Activo,Arturo Figueroa Dominguez,2023-01-18 16:03:03,RGU-022-P.jpg
RJV-332-E,NAY,Volkswagen Amarok,Gris Oscuro,Irregular,Salvador Sanchez Leal,2019-10-31 04:50:55,RJV-332-E.jpg
RJ1-450-R,NAY,Kia Rio,Blanco Perlado,Cancelado,Fernando Cruz Escobar,2018-02-15 08:16:17,RJ1-450-R.jpg
RJF-878-N,NAY,Jeep Grand Cherokee,Cafe,Activo,Liliana Cabrera Moya,2022-02-15 14:34:04,RJF-878-N.jpg
REC-620-D,NAY,BMW 5 Series,Azul Marino,Reposicion,Pedro Zarate Fuentes,2024-06-06 14:39:07,REC-620-D.jpg
RJC-692-E,NAY,Jeep Wrangler,Beige,Activo,Ruben Soto Gutierrez,2025-09-22 14:20:03,RJC-692-E.jpg
RGF-896-P,NAY,Hyundai Elantra,Amarillo,Homologacion,Rosa Ortega Cervantes,2021-07-07 23:04:15,RGF-896-P.jpg
RHE-643-W,NAY,Fiat 500,Plateado,Homologacion,Daniela Gutierrez Silva,2022-01-13 02:56:13,RHE-643-W.jpg
RJ3-352-U,NAY,Hyundai Accent,Negro,Recuperado,Ricardo Salazar Perez,2026-03-25 10:43:05,RJ3-352-U.jpg
RFR-287-P,NAY,Mazda CX-5,Cafe,En Proceso Legal,Guadalupe Castro Silva,2020-02-01 23:28:50,RFR-287-P.jpg
REZ-278-K,NAY,Volkswagen Vento,Verde Oscuro,En Proceso Legal,Renata Delgado Villegas,2025-11-08 17:35:58,REZ-278-K.jpg
RFB-285-J,NAY,BMW X3,Rojo Oscuro,Baja Temporal,Manuel Sepulveda Barajas,2021-03-09 12:53:26,RFB-285-J.jpg
REL-864-B,NAY,Chevrolet Aveo,Gris,Importacion Definitiva,Ricardo Plascencia Orozco,2024-07-04 14:52:22,REL-864-B.jpg
RF0-371-E,NAY,Volkswagen Amarok,Morado,Robado,Fernando Estrada Maldonado,2020-08-18 14:24:22,RF0-371-E.jpg
RGB-484-J,NAY,Toyota Hilux,Vino,En Proceso Legal,Noe Valdez Cervantes,2018-12-07 05:02:05,RGB-484-J.jpg
RJA-074-B,NAY,Audi A3,Blanco Perlado,Importacion Definitiva,Veronica Palacios Romero,2018-11-11 20:35:07,RJA-074-B.jpg
RG9-861-J,NAY,Mercedes-Benz GLA,Beige,Baja Definitiva,Elizabeth Villanueva Barajas,2024-09-28 00:21:59,RG9-861-J.jpg
RGC-786-R,NAY,Nissan March,Blanco,Activo,Susana Vargas Camacho,2020-07-16 19:46:31,RGC-786-R.jpg
RG7-421-S,NAY,Renault Logan,Negro,Baja Definitiva,Andres Cordero Pineda,2019-05-31 22:05:54,RG7-421-S.jpg
REF-752-R,NAY,Audi Q5,Amarillo,Remarcaje,German Villegas Salazar,2018-11-27 10:16:04,REF-752-R.jpg
RJ5-315-H,NAY,Toyota Hilux,Azul Marino,Baja Definitiva,Pedro Medina Navarro,2024-10-11 10:23:36,RJ5-315-H.jpg
RG4-846-Z,NAY,Audi A4,Cafe,Activo,Alejandro Pineda Rosales,2025-08-03 00:35:04,RG4-846-Z.jpg
REK-982-U,NAY,Volkswagen Amarok,Negro,Activo,Fabiola Salazar Figueroa,2017-10-21 07:18:43,REK-982-U.jpg
RF1-118-P,NAY,Honda Civic,Morado,Reposicion,Pedro Torres Escobar,2025-07-03 12:30:58,RF1-118-P.jpg
RJ5-023-P,NAY,Kia Rio,Blanco,Cancelado,Claudia Serrano Guerrero,2026-03-01 23:36:01,RJ5-023-P.jpg
RGZ-908-H,NAY,Volkswagen Vento,Azul,Activo,Sergio Luna Serrano,2025-03-19 15:06:40,RGZ-908-H.jpg
RH2-100-K,NAY,Peugeot 5008,Gris Oscuro,Importacion Definitiva,Veronica Ortega Arroyo,2020-03-27 06:50:18,RH2-100-K.jpg
RFB-483-Z,NAY,Kia Sorento,Negro,Cancelado,Rocio Suarez Soto,2022-04-28 04:04:34,RFB-483-Z.jpg
RJ2-432-J,NAY,Renault Sandero,Amarillo,Homologacion,Alicia Medina Ortega,2017-04-25 04:58:21,RJ2-432-J.jpg
RGL-188-G,NAY,Renault Logan,Dorado,Homologacion,Isabel Rosales Valencia,2019-06-15 11:24:22,RGL-188-G.jpg
RJT-947-G,NAY,BMW 3 Series,Vino,Cancelado,Guillermo Mejia Figueroa,2022-07-28 08:39:13,RJT-947-G.jpg
RGJ-365-X,NAY,Renault Kwid,Dorado,Homologacion,Estela Espinoza Salazar,2020-02-01 21:02:30,RGJ-365-X.jpg
RG1-100-N,NAY,Mazda MX-5,Beige,Baja Definitiva,Veronica Camacho Villalobos,2019-03-07 11:36:08,RG1-100-N.jpg
REG-597-Z,NAY,Hyundai Tucson,Azul,Importacion Definitiva,Sebastian Chavez Herrera,2019-09-05 13:43:53,REG-597-Z.jpg
RHL-928-U,NAY,Chevrolet Beat,Negro,Importacion Temporal,Marisol Reyes Salazar,2023-03-13 10:34:36,RHL-928-U.jpg
RJ9-558-W,NAY,Jeep Wrangler,Gris,Baja Temporal,Noe Izquierdo Garcia,2019-11-12 13:10:37,RJ9-558-W.jpg
RF1-214-V,NAY,Jeep Wrangler,Morado,En Proceso Legal,Jesus Arellano Flores,2023-03-27 18:09:32,RF1-214-V.jpg
RH5-834-C,NAY,BMW X5,Verde Oscuro,Cancelado,Daniel Rios Salazar,2021-08-29 14:19:54,RH5-834-C.jpg
RJ6-342-J,NAY,Mazda 3,Morado,Activo,Fabiola Montoya Lopez,2025-05-14 17:23:48,RJ6-342-J.jpg
RGK-882-F,NAY,Peugeot 208,Cafe,Activo,Alicia Flores Arroyo,2025-12-09 22:55:38,RGK-882-F.jpg
RJA-922-A,NAY,Peugeot 3008,Morado,Importacion Definitiva,Hugo Rosales Maldonado,2026-05-05 21:10:24,RJA-922-A.jpg
RG7-848-X,NAY,Mazda CX-5,Verde Oscuro,Activo,Teresa Olvera Dominguez,2022-10-26 11:16:25,RG7-848-X.jpg
RFT-314-D,NAY,Nissan Sentra,Dorado,Remarcaje,Sofia Ruiz Correa,2017-09-09 15:01:52,RFT-314-D.jpg
RFA-484-W,NAY,Kia Rio,Rojo Oscuro,Baja Definitiva,Laura Figueroa Estrada,2025-05-28 12:44:49,RFA-484-W.jpg
RJY-431-T,NAY,Jeep Wrangler,Morado,Activo,Cristian Castro Juarez,2024-09-13 05:27:56,RJY-431-T.jpg
RH0-058-K,NAY,Renault Kwid,Amarillo,Importacion Temporal,Mauricio Huerta Montoya,2018-07-08 10:38:07,RH0-058-K.jpg
RH4-889-W,NAY,Chevrolet Beat,Rojo Oscuro,Activo,Fernando Cabrera Tovar,2026-02-27 06:07:48,RH4-889-W.jpg
REZ-370-P,NAY,Hyundai Tucson,Naranja,Importacion Definitiva,Alicia Montoya Arellano,2021-02-18 13:40:43,REZ-370-P.jpg
RJZ-541-M,NAY,Peugeot 308,Verde,Remarcaje,Diego Solano Ramirez,2023-11-26 13:10:19,RJZ-541-M.jpg
REW-932-L,NAY,Mazda 2,Rojo,Activo,Fabiola Izquierdo Medina,2025-01-04 16:44:07,REW-932-L.jpg
RGF-869-T,NAY,Chevrolet Cruze,Beige,Baja Temporal,Laura Leal Mendoza,2019-08-16 12:05:48,RGF-869-T.jpg
RFB-086-A,NAY,Jeep Renegade,Blanco,Activo,Sebastian Cruz Leal,2017-04-11 04:37:31,RFB-086-A.jpg
RH2-412-J,NAY,Audi A4,Verde,Baja Temporal,Raul Zamora Chavez,2019-03-13 03:49:14,RH2-412-J.jpg
RET-595-P,NAY,Volkswagen Amarok,Verde Oscuro,Recuperado,Beatriz Zamora Rodriguez,2022-08-15 00:32:28,RET-595-P.jpg
RJD-450-K,NAY,Ford Fusion,Cafe,Activo,Andres Alvarez Lopez,2025-01-24 10:52:56,RJD-450-K.jpg
RH9-466-Y,NAY,Renault Kwid,Morado,Recuperado,Ignacio Fernandez Torres,2017-10-24 04:31:12,RH9-466-Y.jpg
RJD-149-N,NAY,Peugeot 208,Vino,Recuperado,Alejandro Arellano Mendoza,2019-07-13 16:33:21,RJD-149-N.jpg
RGZ-283-D,NAY,Nissan Versa,Gris,Irregular,Susana Mejia Rios,2021-03-17 03:02:58,RGZ-283-D.jpg
RF2-497-U,NAY,Hyundai Tucson,Gris Oscuro,Activo,Maria Espinoza Herrera,2021-04-30 13:59:39,RF2-497-U.jpg
RFA-265-R,NAY,Ford Ranger,Dorado,Homologacion,Guadalupe Valencia Trejo,2023-07-31 16:23:25,RFA-265-R.jpg
RJZ-743-X,NAY,Honda Accord,Amarillo,Reposicion,Claudia Palacios Huerta,2020-11-18 01:15:00,RJZ-743-X.jpg
RHL-582-L,NAY,Renault Logan,Gris,En Proceso Legal,Martha Castro Carrillo,2023-03-15 00:29:12,RHL-582-L.jpg
RGD-596-H,NAY,Chevrolet Beat,Dorado,Robado,Isabel Sandoval Mora,2020-10-09 11:16:52,RGD-596-H.jpg
REX-318-U,NAY,Peugeot 5008,Naranja,Activo,Eduardo Cruz Campos,2017-10-16 00:51:45,REX-318-U.jpg
RHR-226-G,NAY,Kia Forte,Vino,Importacion Definitiva,Elizabeth Zarate Carrillo,2020-03-28 09:12:05,RHR-226-G.jpg
RH1-597-T,NAY,Volkswagen Vento,Blanco Perlado,Activo,Ricardo Estrada Maldonado,2020-01-09 08:57:47,RH1-597-T.jpg
REX-090-Z,NAY,Toyota Corolla,Verde,Activo,Mauricio Serrano Ramos,2021-12-12 20:53:51,REX-090-Z.jpg
RJE-454-S,NAY,BMW 3 Series,Blanco Perlado,Baja Definitiva,Alberto Castro Trejo,2025-12-10 12:40:12,RJE-454-S.jpg
RFB-186-W,NAY,Fiat Argo,Naranja,Recuperado,Juan Estrada Campos,2022-04-11 23:26:55,RFB-186-W.jpg
RH1-730-M,NAY,Audi Q5,Negro,Recuperado,Cecilia Gutierrez Rivera,2019-04-24 14:25:05,RH1-730-M.jpg
RFU-443-M,NAY,Ford Focus,Dorado,Importacion Definitiva,Ana Tapia Valdez,2023-08-12 06:38:58,RFU-443-M.jpg
RJ3-786-U,NAY,Peugeot 5008,Negro,Cancelado,Monica Gutierrez Suarez,2024-02-12 02:02:12,RJ3-786-U.jpg
RJA-215-J,NAY,Honda Civic,Azul,Activo,Victor Gonzalez Sepulveda,2018-12-31 19:45:33,RJA-215-J.jpg
REK-842-E,NAY,Mercedes-Benz C-Class,Rojo,Homologacion,Roberto Vargas Luna,2020-05-13 18:21:01,REK-842-E.jpg
RH5-658-C,NAY,Peugeot 3008,Morado,Baja Temporal,Beatriz Serrano Nieto,2017-01-22 10:24:25,RH5-658-C.jpg
RHK-087-K,NAY,Renault Sandero,Azul,Cancelado,Claudia Rivera Olvera,2023-03-14 12:44:34,RHK-087-K.jpg
RGG-833-Z,NAY,BMW 5 Series,Dorado,Importacion Temporal,David Esquivel Figueroa,2017-05-07 03:08:21,RGG-833-Z.jpg
RJV-155-A,NAY,Ford Fiesta,Plateado,Importacion Definitiva,Maria Jimenez Vargas,2024-10-29 07:52:30,RJV-155-A.jpg
RGG-154-M,NAY,Mercedes-Benz A-Class,Naranja,Activo,Felipe Avila Tapia,2020-10-09 22:57:09,RGG-154-M.jpg
RGB-988-P,NAY,Honda CR-V,Blanco Perlado,Importacion Definitiva,Marcos Zarate Sanchez,2022-12-17 22:29:20,RGB-988-P.jpg
RH4-036-P,NAY,Toyota Hilux,Vino,Importacion Temporal,Marina Castillo Lopez,2019-11-25 12:57:07,RH4-036-P.jpg
RG4-257-X,NAY,Renault Sandero,Gris Oscuro,Baja Temporal,Jose Ruiz Alvarez,2021-12-08 01:30:17,RG4-257-X.jpg
RHJ-695-A,NAY,Toyota Prius,Negro,Importacion Temporal,Gabriela Vargas Espinoza,2018-11-16 00:27:36,RHJ-695-A.jpg
RG0-594-K,NAY,Hyundai Tucson,Verde,Importacion Definitiva,Cristian Fernandez Arroyo,2025-11-27 10:30:09,RG0-594-K.jpg
RH6-000-G,NAY,Renault Sandero,Dorado,Activo,Adriana Garcia Ramirez,2017-07-31 19:53:11,RH6-000-G.jpg
RG6-207-X,NAY,Nissan Versa,Verde,Activo,Julieta Correa Chavez,2024-05-03 11:37:57,RG6-207-X.jpg
REN-423-E,NAY,Mercedes-Benz A-Class,Azul Marino,Activo,Beatriz Plascencia Tovar,2019-11-23 00:37:15,REN-423-E.jpg
RHP-693-G,NAY,Toyota Corolla,Negro,Activo,David Cervantes Huerta,2020-11-02 06:50:24,RHP-693-G.jpg
RJG-991-A,NAY,Honda Accord,Negro,En Proceso Legal,Sergio Izquierdo Tovar,2022-09-04 09:31:34,RJG-991-A.jpg
RFX-487-H,NAY,Honda Accord,Blanco,Reposicion,Regina Flores Camacho,2017-06-30 09:21:00,RFX-487-H.jpg
REZ-669-B,NAY,Toyota Hilux,Verde Oscuro,Robado,Veronica Hernandez Aguilar,2018-09-15 11:59:45,REZ-669-B.jpg
RHW-664-C,NAY,Fiat Argo,Dorado,Reposicion,Laura Villegas Garcia,2022-09-04 23:25:03,RHW-664-C.jpg
RG5-860-R,NAY,Chevrolet Aveo,Vino,Baja Definitiva,Benjamin Correa Escobar,2017-07-11 16:20:42,RG5-860-R.jpg
REJ-957-P,NAY,Fiat Toro,Beige,En Proceso Legal,Carlos Rodriguez Palacios,2022-03-03 17:59:27,REJ-957-P.jpg
RFR-589-N,NAY,Audi A3,Blanco,Activo,Salvador Medina De La Cruz,2017-04-05 05:44:20,RFR-589-N.jpg
RF4-743-Y,NAY,Volkswagen Jetta,Rojo Oscuro,Activo,Elizabeth Mejia Velazquez,2017-04-17 07:46:03,RF4-743-Y.jpg
RJJ-257-G,NAY,Volkswagen Golf,Naranja,Activo,Raul Martinez Hernandez,2017-04-20 03:30:17,RJJ-257-G.jpg
RFP-064-U,NAY,Ford Focus,Azul Marino,Irregular,Lucia Reyes Pineda,2018-11-09 00:59:29,RFP-064-U.jpg
RGX-378-K,NAY,Honda CR-V,Morado,Importacion Temporal,Isabel Sepulveda Plascencia,2018-10-28 10:52:56,RGX-378-K.jpg
REV-544-C,NAY,Hyundai Elantra,Beige,Activo,Carlos Quintero Gonzalez,2025-02-12 17:02:43,REV-544-C.jpg
RH2-744-S,NAY,Audi A4,Rojo Oscuro,Importacion Temporal,Guadalupe Medina Chavez,2017-09-09 17:44:49,RH2-744-S.jpg
RG4-332-U,NAY,Volkswagen Jetta,Blanco Perlado,Remarcaje,Guillermo Moya Martinez,2020-01-19 14:52:01,RG4-332-U.jpg
REG-912-Z,NAY,Toyota Hilux,Vino,Activo,Patricia Barajas Gallegos,2017-02-23 20:44:10,REG-912-Z.jpg
RJ8-815-R,NAY,Mazda MX-5,Naranja,Recuperado,Juan Izquierdo Estrada,2023-09-30 20:48:06,RJ8-815-R.jpg
RGU-547-W,NAY,BMW X3,Gris Oscuro,Robado,Jose Villalobos Perez,2025-03-09 01:09:58,RGU-547-W.jpg
REH-207-V,NAY,Honda HR-V,Negro,Baja Definitiva,Ernesto Cordero Luna,2018-11-21 19:39:49,REH-207-V.jpg
RGJ-019-W,NAY,Toyota Hilux,Vino,Robado,Ignacio Juarez Ortega,2023-03-19 22:30:56,RGJ-019-W.jpg
RH5-789-J,NAY,Peugeot 5008,Blanco Perlado,Cancelado,Adriana Portillo Espinoza,2022-05-15 09:25:33,RH5-789-J.jpg
RH8-753-L,NAY,Volkswagen Jetta,Blanco,Irregular,Andres Romero Pineda,2023-04-03 04:07:07,RH8-753-L.jpg
RHE-068-K,NAY,Peugeot 3008,Azul,Robado,Adriana Rosales Lopez,2020-07-31 05:10:00,RHE-068-K.jpg
REJ-303-J,NAY,BMW X5,Verde Oscuro,Activo,Martha Aguilar Avila,2025-09-28 21:51:47,REJ-303-J.jpg
RF7-363-M,NAY,Mercedes-Benz C-Class,Vino,Activo,Diego Herrera Suarez,2026-03-03 00:11:54,RF7-363-M.jpg
REE-081-K,NAY,Volkswagen Golf,Plateado,Baja Definitiva,Alejandro Aguilar Chavez,2017-07-10 02:34:05,REE-081-K.jpg
RF1-031-R,NAY,Renault Kwid,Amarillo,Irregular,Noe Barajas Villalobos,2021-06-10 12:51:21,RF1-031-R.jpg
RH2-017-C,NAY,Mercedes-Benz GLC,Beige,Importacion Definitiva,Oscar Ramirez Mendoza,2017-10-13 16:17:47,RH2-017-C.jpg
RFC-906-X,NAY,Nissan March,Dorado,Importacion Definitiva,Sandra Moya Salazar,2017-11-03 20:51:39,RFC-906-X.jpg
RH3-472-W,NAY,Honda Accord,Dorado,Baja Temporal,Miguel Estrada Leal,2018-07-16 16:37:05,RH3-472-W.jpg
RJT-414-F,NAY,Hyundai Elantra,Rojo Oscuro,Remarcaje,Gabriela Rodriguez Urbina,2024-02-22 16:07:29,RJT-414-F.jpg
RHX-309-G,NAY,Jeep Compass,Naranja,Baja Definitiva,Yolanda Chavez Villegas,2020-04-10 01:47:26,RHX-309-G.jpg
REE-931-E,NAY,Renault Duster,Azul Marino,Cancelado,Lucia Vargas Chavez,2023-10-23 14:38:34,REE-931-E.jpg
RGE-402-X,NAY,Honda CR-V,Cafe,Cancelado,Sebastian Ramirez Hernandez,2021-07-10 15:42:21,RGE-402-X.jpg
REF-485-C,NAY,Nissan March,Dorado,Reposicion,Ignacio Estrada Castillo,2024-08-15 16:01:54,REF-485-C.jpg
RGG-243-L,NAY,Mazda CX-5,Negro,Activo,Jorge Contreras Zarate,2017-12-18 04:46:35,RGG-243-L.jpg
RJ5-158-Y,NAY,Peugeot 3008,Beige,Cancelado,Noe Ramos Silva,2017-06-10 15:01:53,RJ5-158-Y.jpg
RH2-679-V,NAY,Mazda CX-5,Morado,Importacion Definitiva,Leticia Tovar Montes,2017-10-11 20:10:36,RH2-679-V.jpg
RF9-841-S,NAY,Honda CR-V,Morado,Baja Temporal,Pedro Escobar Jimenez,2020-06-29 15:31:20,RF9-841-S.jpg
RGT-811-B,NAY,Audi Q5,Morado,En Proceso Legal,Sebastian Ramirez Sandoval,2022-11-26 19:59:46,RGT-811-B.jpg
RH0-837-S,NAY,BMW X5,Rojo,Activo,Arturo Villanueva Arellano,2024-01-04 05:53:51,RH0-837-S.jpg
REX-835-J,NAY,Jeep Renegade,Vino,Importacion Temporal,Regina Suarez Guerrero,2018-01-22 13:47:05,REX-835-J.jpg
RGE-437-C,NAY,Mercedes-Benz C-Class,Cafe,Importacion Temporal,Sergio Gallegos Sandoval,2018-09-08 06:59:13,RGE-437-C.jpg
RJ7-193-K,NAY,Fiat Toro,Azul,Activo,Rosa Olvera Diaz,2021-11-29 08:53:00,RJ7-193-K.jpg
REX-297-H,NAY,Honda Civic,Verde,Reposicion,Estela Beltran Cervantes,2023-07-09 22:55:01,REX-297-H.jpg
RER-126-J,NAY,Fiat Toro,Rojo,Irregular,Renata Vargas Orozco,2019-03-19 18:57:02,RER-126-J.jpg
RJ9-487-E,NAY,Peugeot 3008,Rojo Oscuro,Baja Temporal,Mateo Correa Contreras,2025-05-12 10:31:27,RJ9-487-E.jpg
REC-197-G,NAY,Nissan NP300,Amarillo,Activo,Alicia Huerta Serrano,2023-03-25 16:17:22,REC-197-G.jpg
REH-933-T,NAY,Fiat Toro,Vino,Activo,Ernesto Ramos Correa,2019-08-01 05:11:44,REH-933-T.jpg
RF6-131-H,NAY,Chevrolet Beat,Cafe,Irregular,David Juarez Aguilar,2021-12-16 19:29:55,RF6-131-H.jpg
RHK-184-A,NAY,Jeep Compass,Cafe,Activo,Norma Barajas Lopez,2025-03-12 07:24:41,RHK-184-A.jpg
RFP-409-E,NAY,Jeep Compass,Negro,Homologacion,Salvador Valdez Aguilar,2018-06-11 11:36:32,RFP-409-E.jpg
RGY-528-Y,NAY,Kia Forte,Morado,Cancelado,Adriana Luna Rodriguez,2023-09-10 21:30:36,RGY-528-Y.jpg
RHB-154-T,NAY,Ford Ranger,Naranja,Robado,Manuel Valencia Delgado,2025-05-04 03:27:39,RHB-154-T.jpg
RHN-066-W,NAY,Audi A3,Negro,Homologacion,Teresa De La Cruz Solano,2023-07-15 06:14:31,RHN-066-W.jpg
RJD-370-M,NAY,Fiat Toro,Naranja,Remarcaje,Oscar Bravo Correa,2025-07-24 17:24:57,RJD-370-M.jpg
RJ6-434-E,NAY,BMW X3,Blanco,Activo,Norma Avila Vazquez,2025-01-15 01:38:40,RJ6-434-E.jpg
RFN-607-D,NAY,Volkswagen Amarok,Gris,Baja Temporal,Emilio Morales Martinez,2022-10-30 19:46:19,RFN-607-D.jpg
RGL-595-A,NAY,Jeep Compass,Vino,Activo,Carlos Montoya Silva,2021-09-16 21:56:56,RGL-595-A.jpg
REN-390-T,NAY,Audi Q5,Plateado,Homologacion,Armando Alvarez Plascencia,2023-08-17 17:17:41,REN-390-T.jpg
RF8-064-H,NAY,Chevrolet Cruze,Negro,Baja Definitiva,Noe Vargas Quintero,2021-05-26 15:13:12,RF8-064-H.jpg
RET-926-T,NAY,Fiat Toro,Plateado,Activo,Silvia Navarro Perez,2021-07-05 16:27:26,RET-926-T.jpg
RGS-970-W,NAY,Fiat Argo,Rojo,Cancelado,Beatriz De La Cruz Medina,2025-07-09 21:58:25,RGS-970-W.jpg
RG0-864-A,NAY,Ford Focus,Morado,Importacion Temporal,German Alvarez Martinez,2020-11-13 14:24:01,RG0-864-A.jpg
RET-573-B,NAY,Chevrolet Aveo,Gris,Recuperado,Silvia Moya Cervantes,2020-03-10 12:39:41,RET-573-B.jpg
RJD-236-E,NAY,Mazda MX-5,Beige,Robado,Miguel Morales Izquierdo,2021-05-17 01:36:23,RJD-236-E.jpg
RH6-008-E,NAY,Honda Accord,Plateado,Importacion Definitiva,Elsa Quiroz Acosta,2026-01-21 08:39:15,RH6-008-E.jpg
RJ1-913-W,NAY,BMW X5,Gris,Robado,Marco Silva Ramos,2020-03-16 17:52:23,RJ1-913-W.jpg
SVX-935-K,NL,Ford Ranger,Verde,En Proceso Legal,Mateo Ruiz Escobar,2020-05-23 15:46:31,SVX-935-K.jpg
RMV-465-M,NL,Toyota Yaris,Azul Marino,Remarcaje,Raul Chavez Herrera,2020-08-11 13:15:32,RMV-465-M.jpg
SRJ-512-X,NL,Hyundai Santa Fe,Beige,Reposicion,Sergio Morales Izquierdo,2023-08-19 22:00:04,SRJ-512-X.jpg
S8M-907-S,NL,Hyundai Accent,Naranja,Baja Definitiva,Benjamin Juarez Ramos,2020-08-03 04:32:25,S8M-907-S.jpg
T4B-437-C,NL,Ford Fusion,Verde Oscuro,Reposicion,Estela Espinoza Zarate,2023-04-23 20:10:29,T4B-437-C.jpg
TA3-651-H,NL,Mazda 2,Gris,Importacion Definitiva,Ernesto Maldonado Rodriguez,2023-06-10 09:37:36,TA3-651-H.jpg
RSX-132-A,NL,Mercedes-Benz A-Class,Gris,Activo,Pedro Tapia Rodriguez,2023-04-30 14:02:29,RSX-132-A.jpg
SJG-474-H,NL,Jeep Grand Cherokee,Blanco,Remarcaje,Elias Ruiz Flores,2025-04-13 11:35:51,SJG-474-H.jpg
RLY-579-K,NL,Volkswagen Jetta,Amarillo,Importacion Temporal,Claudia Sepulveda Ruiz,2024-08-22 17:32:54,RLY-579-K.jpg
TFV-663-W,NL,Fiat Cronos,Plateado,Cancelado,Maria Valencia Contreras,2017-06-30 17:59:53,TFV-663-W.jpg
S8C-434-W,NL,Hyundai Elantra,Plateado,Reposicion,Laura Villalobos Castillo,2024-08-04 05:16:32,S8C-434-W.jpg
S3G-609-T,NL,Toyota Prius,Morado,Activo,Raul Villalobos Del Valle,2018-03-26 08:33:23,S3G-609-T.jpg
SHX-471-R,NL,Nissan Sentra,Rojo,Importacion Temporal,Maria Gutierrez Lopez,2017-07-15 00:04:03,SHX-471-R.jpg
RSG-430-P,NL,Jeep Wrangler,Negro,Cancelado,Gabriela Hernandez Campos,2022-06-26 18:43:22,RSG-430-P.jpg
SSG-125-R,NL,Mazda CX-5,Amarillo,En Proceso Legal,Laura Zamora Chavez,2020-10-14 05:57:01,SSG-125-R.jpg
SUH-308-D,NL,Chevrolet Beat,Dorado,Activo,Ana Rodriguez Bravo,2018-05-22 23:29:52,SUH-308-D.jpg
SLP-940-U,NL,BMW X3,Plateado,Activo,Estela Zarate Garcia,2026-05-24 23:54:54,SLP-940-U.jpg
RLD-134-H,NL,Chevrolet Spark,Gris Oscuro,En Proceso Legal,Fernando Quintero Plascencia,2023-10-11 12:59:37,RLD-134-H.jpg
TD6-972-J,NL,Toyota Yaris,Azul Marino,Activo,Arturo Orozco Sanchez,2018-11-12 15:14:16,TD6-972-J.jpg
SWF-349-M,NL,Ford Fiesta,Gris,En Proceso Legal,Lucia Jimenez Velazquez,2022-08-27 05:12:40,SWF-349-M.jpg
SM0-172-J,NL,BMW X5,Blanco,Cancelado,Sebastian Pacheco Mora,2022-10-20 22:19:34,SM0-172-J.jpg
T72-436-S,NL,Hyundai Accent,Dorado,Irregular,Elsa Estrada Carrillo,2020-12-11 16:59:26,T72-436-S.jpg
TFX-499-S,NL,Renault Logan,Negro,Importacion Definitiva,Pedro Jimenez Garcia,2020-08-31 16:44:54,TFX-499-S.jpg
RNX-596-C,NL,Volkswagen Jetta,Azul,Remarcaje,Elsa Garcia Romero,2024-05-24 06:03:21,RNX-596-C.jpg
T3L-636-V,NL,Fiat 500,Gris Oscuro,Irregular,Alicia Urbina Medina,2017-07-22 22:57:37,T3L-636-V.jpg
TDE-120-J,NL,Renault Duster,Azul Marino,Cancelado,Cristian Sepulveda Moya,2018-07-16 05:04:19,TDE-120-J.jpg
SS7-133-D,NL,Chevrolet Cruze,Rojo,Activo,Julieta Valdez Fernandez,2019-12-21 00:10:03,SS7-133-D.jpg
TBF-385-W,NL,Renault Kwid,Negro,Activo,Arturo Vazquez Dominguez,2020-08-21 04:25:06,TBF-385-W.jpg
RKM-063-S,NL,Mercedes-Benz A-Class,Beige,En Proceso Legal,Liliana Morales Palacios,2025-10-12 22:24:29,RKM-063-S.jpg
T8B-229-W,NL,Mercedes-Benz GLA,Azul Marino,Activo,Daniel Campos Arroyo,2020-11-29 13:56:38,T8B-229-W.jpg
RNB-052-K,NL,Toyota Hilux,Azul,Remarcaje,Beatriz Garcia Mendoza,2023-10-12 08:33:05,RNB-052-K.jpg
RNM-977-A,NL,Jeep Grand Cherokee,Beige,Activo,Antonio Juarez Acosta,2017-02-16 06:17:28,RNM-977-A.jpg
S80-442-E,NL,BMW X3,Blanco Perlado,Cancelado,Juan Quiroz Ramirez,2024-03-04 00:32:42,S80-442-E.jpg
S37-414-T,NL,Kia Forte,Verde Oscuro,Remarcaje,Yolanda Rivera Carrillo,2026-01-25 16:50:12,S37-414-T.jpg
T4U-381-N,NL,Jeep Renegade,Blanco Perlado,Homologacion,Beatriz Salazar Castro,2018-05-15 01:55:43,T4U-381-N.jpg
SD3-891-C,NL,Nissan Versa,Vino,Baja Temporal,Antonio Zamora Barajas,2021-01-20 01:49:51,SD3-891-C.jpg
S1D-047-H,NL,Nissan Sentra,Gris Oscuro,Baja Definitiva,Jorge Mejia Izquierdo,2019-12-08 18:48:44,S1D-047-H.jpg
T8D-706-X,NL,Toyota Prius,Morado,Cancelado,Sergio Trejo Montoya,2024-01-01 13:02:14,T8D-706-X.jpg
SUF-463-Z,NL,Fiat Argo,Beige,Homologacion,Julieta Morales Quintero,2020-06-01 07:22:52,SUF-463-Z.jpg
RRV-118-R,NL,Mazda 2,Beige,Cancelado,Javier Fuentes Castro,2019-10-08 23:43:25,RRV-118-R.jpg
SBA-265-D,NL,Nissan Sentra,Negro,Activo,Marisol Delgado Navarro,2020-04-26 07:15:52,SBA-265-D.jpg
S4Y-867-C,NL,Kia Rio,Amarillo,Irregular,Daniel Orozco Perez,2017-12-18 23:58:18,S4Y-867-C.jpg
SD8-321-H,NL,Hyundai Santa Fe,Plateado,En Proceso Legal,Salvador Trejo De La Cruz,2017-05-03 12:45:27,SD8-321-H.jpg
SDX-814-K,NL,Peugeot 308,Morado,Importacion Definitiva,Marcos Carrillo Gallegos,2020-06-19 09:38:10,SDX-814-K.jpg
S23-306-B,NL,Peugeot 308,Azul Marino,Activo,Miguel Cervantes Diaz,2017-09-25 12:07:37,S23-306-B.jpg
S2Y-721-E,NL,Hyundai Santa Fe,Beige,Activo,Laura Fernandez Navarro,2023-02-04 00:59:39,S2Y-721-E.jpg
T3Z-105-Z,NL,Toyota Corolla,Rojo Oscuro,Homologacion,Adolfo Moya Serrano,2023-09-11 13:32:22,T3Z-105-Z.jpg
S07-505-D,NL,Jeep Grand Cherokee,Gris Oscuro,Robado,Norma Palacios Rivera,2023-06-22 03:11:55,S07-505-D.jpg
T65-222-F,NL,Nissan Versa,Amarillo,Baja Definitiva,Hector Hernandez Zarate,2024-08-17 12:22:01,T65-222-F.jpg
SLF-174-B,NL,Chevrolet Spark,Verde,Activo,Alicia Leal Tovar,2019-12-12 05:50:26,SLF-174-B.jpg
S7X-545-W,NL,Fiat Toro,Dorado,Reposicion,Ernesto Izquierdo Castro,2019-01-21 19:04:17,S7X-545-W.jpg
TC6-654-F,NL,Kia Forte,Plateado,Activo,Eduardo Castro Jimenez,2021-02-27 05:05:30,TC6-654-F.jpg
S40-070-D,NL,Kia Sorento,Verde Oscuro,Baja Definitiva,Mateo Izquierdo Orozco,2019-12-21 00:53:36,S40-070-D.jpg
SPK-175-W,NL,Kia Sportage,Morado,Baja Temporal,David Jimenez Olvera,2021-08-06 17:21:57,SPK-175-W.jpg
SG9-474-W,NL,Kia Forte,Negro,Reposicion,Alicia Rivera Vargas,2023-09-16 16:57:03,SG9-474-W.jpg
S7D-937-T,NL,Mazda 3,Gris Oscuro,Remarcaje,Daniel Pacheco Orozco,2018-04-25 13:34:43,S7D-937-T.jpg
RSH-899-V,NL,Fiat Argo,Beige,Activo,Lorena Contreras Peña,2024-11-21 16:39:11,RSH-899-V.jpg
SKM-069-B,NL,Mercedes-Benz C-Class,Naranja,Importacion Definitiva,Carlos Arroyo Sanchez,2017-07-17 05:10:41,SKM-069-B.jpg
RPU-968-Y,NL,Fiat Cronos,Verde Oscuro,Recuperado,Rebeca Navarro Montes,2018-05-15 01:53:42,RPU-968-Y.jpg
TBU-232-Y,NL,Honda CR-V,Morado,Activo,Alicia Sanchez Montes,2024-06-08 17:51:52,TBU-232-Y.jpg
T50-727-G,NL,Mercedes-Benz GLC,Verde Oscuro,Reposicion,Valeria Alvarez Chavez,2019-03-01 09:20:51,T50-727-G.jpg
SKJ-182-K,NL,Mercedes-Benz GLC,Verde,Homologacion,Lorena Urbina Herrera,2025-12-31 15:19:16,SKJ-182-K.jpg
SA2-825-W,NL,Toyota Yaris,Blanco,Activo,Paola Mejia Esquivel,2022-11-22 20:20:52,SA2-825-W.jpg
RNN-001-H,NL,Mazda 2,Verde,Importacion Temporal,Rebeca Silva Pineda,2018-10-21 22:04:57,RNN-001-H.jpg
T8N-073-N,NL,Kia Forte,Verde Oscuro,Activo,Alberto Sandoval Cordero,2022-05-22 12:48:23,T8N-073-N.jpg
S65-877-K,NL,Mazda MX-5,Rojo Oscuro,Activo,Sebastian Gallegos Cruz,2023-04-05 17:55:13,S65-877-K.jpg
RRZ-421-C,NL,Honda Civic,Verde Oscuro,Robado,Gabriela Medina Tovar,2020-03-11 05:06:18,RRZ-421-C.jpg
RVC-420-D,NL,Honda Accord,Gris,Baja Temporal,Rocio Esquivel Valdez,2018-12-07 06:55:24,RVC-420-D.jpg
SRF-424-J,NL,Volkswagen Amarok,Plateado,Activo,Marcos Mejia Rodriguez,2021-09-16 07:41:13,SRF-424-J.jpg
TBU-142-R,NL,Renault Kwid,Beige,Irregular,Francisco Romero Vazquez,2021-01-11 04:38:57,TBU-142-R.jpg
S71-056-M,NL,Volkswagen Golf,Blanco Perlado,Homologacion,Guillermo Quiroz Gallegos,2017-06-14 11:53:56,S71-056-M.jpg
S3H-973-Y,NL,Chevrolet Spark,Gris Oscuro,Homologacion,Ignacio Pacheco Quiroz,2017-12-08 04:07:09,S3H-973-Y.jpg
T2X-392-Z,NL,Volkswagen Jetta,Rojo Oscuro,Reposicion,Elsa Herrera Valdez,2023-10-04 05:23:54,T2X-392-Z.jpg
TCG-426-D,NL,Mazda CX-5,Verde,Irregular,Daniela Gallegos Villegas,2022-05-24 12:48:05,TCG-426-D.jpg
S5V-963-H,NL,Chevrolet Cruze,Cafe,Homologacion,Silvia Castillo Tovar,2020-07-18 03:01:09,S5V-963-H.jpg
SJM-995-J,NL,Chevrolet Spark,Azul Marino,Importacion Definitiva,Teresa Suarez Izquierdo,2020-08-24 07:07:51,SJM-995-J.jpg
RX7-153-J,NL,Mazda CX-5,Beige,Importacion Temporal,Mateo Delgado Montes,2023-01-17 22:26:23,RX7-153-J.jpg
RYG-079-Y,NL,Toyota Yaris,Azul Marino,Robado,Gabriela Avila Vargas,2017-07-27 12:24:13,RYG-079-Y.jpg
T9B-560-U,NL,Fiat Argo,Gris Oscuro,Activo,Mateo Correa Rivera,2021-07-21 11:23:28,T9B-560-U.jpg
RXY-092-G,NL,Mazda MX-5,Naranja,En Proceso Legal,Renata Gonzalez Villalobos,2025-05-09 13:40:51,RXY-092-G.jpg
T74-138-C,NL,Ford Focus,Cafe,Activo,Miguel Gonzalez Campos,2025-05-11 17:10:32,T74-138-C.jpg
RYZ-256-T,NL,Chevrolet Spark,Rojo,Importacion Temporal,Isabel Sepulveda Espinoza,2021-02-12 03:40:46,RYZ-256-T.jpg
RRF-471-R,NL,BMW 5 Series,Azul Marino,Baja Definitiva,Renata Plascencia Medina,2017-08-05 17:37:09,RRF-471-R.jpg
RKU-679-P,NL,Audi Q5,Azul,Cancelado,Elsa Campos Vargas,2023-05-24 10:50:01,RKU-679-P.jpg
S47-434-A,NL,Jeep Compass,Verde,Homologacion,Juan Alvarez Huerta,2022-09-01 13:58:27,S47-434-A.jpg
RSR-601-H,NL,Mazda MX-5,Dorado,Cancelado,Felipe Quintero Barajas,2021-01-01 01:55:08,RSR-601-H.jpg
S0J-064-F,NL,Ford Focus,Blanco Perlado,Recuperado,Alberto Ramirez Moya,2026-04-19 12:39:39,S0J-064-F.jpg
RPW-194-B,NL,Ford Fusion,Rojo Oscuro,Activo,Guadalupe Vazquez Mendoza,2017-01-11 07:02:44,RPW-194-B.jpg
SU8-783-N,NL,Audi A4,Azul,Irregular,Ana Hernandez Sanchez,2025-10-18 04:07:20,SU8-783-N.jpg
SW0-270-U,NL,Toyota Hilux,Gris,Baja Definitiva,Estela Dominguez Mendoza,2023-12-24 06:33:49,SW0-270-U.jpg
SX6-921-V,NL,Fiat Argo,Cafe,Cancelado,Elizabeth Guerrero Sandoval,2017-08-24 03:10:53,SX6-921-V.jpg
RWA-601-P,NL,Nissan Sentra,Morado,Irregular,Valeria Delgado Leal,2023-03-12 03:17:19,RWA-601-P.jpg
S3F-079-Y,NL,Hyundai Tucson,Gris Oscuro,Activo,Andres Huerta Ramirez,2020-11-05 11:15:47,S3F-079-Y.jpg
T3A-205-F,NL,Volkswagen Golf,Azul,Reposicion,Fabiola Trejo Escobar,2024-11-04 23:56:02,T3A-205-F.jpg
S5R-322-W,NL,Mazda 3,Azul,Irregular,Francisco Montes Solano,2017-10-05 04:08:44,S5R-322-W.jpg
RKK-468-X,NL,Nissan Versa,Dorado,Reposicion,Elizabeth Salazar Trejo,2025-10-15 11:17:53,RKK-468-X.jpg
RXW-790-K,NL,Peugeot 3008,Rojo,En Proceso Legal,Francisco Velazquez Sepulveda,2018-12-14 18:24:39,RXW-790-K.jpg
S18-268-T,NL,Mazda CX-5,Plateado,Activo,Javier Mejia Suarez,2024-08-29 19:35:26,S18-268-T.jpg
S5L-806-B,NL,Ford Fusion,Dorado,Recuperado,Manuel Romero Perez,2018-11-07 18:36:02,S5L-806-B.jpg
RRF-303-Y,NL,Chevrolet Spark,Blanco Perlado,Cancelado,Felipe Portillo Chavez,2021-09-26 20:59:28,RRF-303-Y.jpg
SKA-215-U,NL,Mazda CX-5,Naranja,Irregular,Elsa Ortega Camacho,2020-02-20 22:17:03,SKA-215-U.jpg
SSY-068-K,NL,Volkswagen Vento,Blanco Perlado,Robado,Alejandra Garcia Juarez,2020-07-20 02:55:14,SSY-068-K.jpg
SUL-698-K,NL,Mercedes-Benz C-Class,Negro,Recuperado,Marco Aguilar Diaz,2024-05-25 17:46:57,SUL-698-K.jpg
SDG-378-S,NL,Mercedes-Benz A-Class,Dorado,Baja Definitiva,Miguel Lopez Perez,2019-10-16 06:15:36,SDG-378-S.jpg
T64-924-H,NL,Jeep Compass,Gris,Activo,Rocio Peña Huerta,2025-08-16 06:09:27,T64-924-H.jpg
SD5-057-M,NL,Jeep Grand Cherokee,Morado,Activo,Mateo Montoya Montes,2025-10-25 07:48:00,SD5-057-M.jpg
SGF-597-R,NL,BMW 3 Series,Negro,Irregular,German Romero Suarez,2017-01-20 11:47:16,SGF-597-R.jpg
T1R-368-J,NL,Volkswagen Golf,Rojo,Activo,Francisco Medina Diaz,2025-01-25 06:29:39,T1R-368-J.jpg
TD6-069-T,NL,Volkswagen Golf,Rojo Oscuro,Baja Definitiva,Emilio Campos Torres,2017-07-27 15:35:31,TD6-069-T.jpg
SXC-090-M,NL,Honda Accord,Blanco Perlado,Remarcaje,Marina Sanchez Lopez,2017-03-18 14:50:52,SXC-090-M.jpg
SD7-250-Y,NL,Nissan March,Rojo Oscuro,Remarcaje,Valeria Camacho Chavez,2025-06-26 11:43:47,SD7-250-Y.jpg
RND-016-L,NL,Mercedes-Benz C-Class,Blanco,Recuperado,Alejandro Navarro Solano,2021-10-18 00:10:56,RND-016-L.jpg
SRR-524-A,NL,Toyota Prius,Vino,Recuperado,David Escobar Orozco,2026-04-23 05:47:30,SRR-524-A.jpg
SAW-021-U,NL,Fiat 500,Azul Marino,Importacion Definitiva,Susana Flores Barajas,2025-09-19 08:35:08,SAW-021-U.jpg
T9M-940-R,NL,Renault Duster,Blanco,Recuperado,Javier Perez Juarez,2018-05-25 00:39:56,T9M-940-R.jpg
S6C-038-M,NL,Audi A4,Verde Oscuro,Remarcaje,Roberto Rios Diaz,2019-12-31 23:54:18,S6C-038-M.jpg
TG1-504-C,NL,Renault Logan,Vino,Activo,Alejandra Perez Rios,2024-03-15 14:40:29,TG1-504-C.jpg
T3C-001-Y,NL,Kia Rio,Verde,Irregular,Alberto Jimenez Contreras,2017-10-23 11:46:57,T3C-001-Y.jpg
SAD-215-C,NL,Peugeot 308,Plateado,Remarcaje,Camila Estrada Villanueva,2023-01-13 06:13:29,SAD-215-C.jpg
STT-920-G,NL,Kia Sportage,Vino,Homologacion,Elsa Zarate Rodriguez,2026-03-01 05:47:42,STT-920-G.jpg
TAG-944-N,NL,Mercedes-Benz A-Class,Blanco,Reposicion,Gabriela Medina Esquivel,2026-05-23 13:46:34,TAG-944-N.jpg
TD6-759-M,NL,Ford Ranger,Morado,Activo,Carmen Medina Estrada,2021-02-11 14:38:37,TD6-759-M.jpg
T9J-009-X,NL,BMW X3,Morado,Activo,Mateo Gutierrez Izquierdo,2025-10-14 10:15:39,T9J-009-X.jpg
TD5-696-N,NL,Volkswagen Vento,Rojo Oscuro,Activo,Ruben Tapia Hernandez,2017-03-23 14:23:16,TD5-696-N.jpg
T5Y-049-Y,NL,Hyundai Accent,Gris Oscuro,Irregular,Norma Romero Carrillo,2017-08-21 17:29:05,T5Y-049-Y.jpg
S6Z-576-J,NL,Chevrolet Aveo,Blanco,Activo,Emilio Mejia Cruz,2019-07-12 08:30:53,S6Z-576-J.jpg
SM8-251-P,NL,Jeep Wrangler,Beige,Baja Temporal,Noe Pineda Pineda,2025-06-13 15:15:49,SM8-251-P.jpg
RZX-087-M,NL,Ford Ranger,Beige,Activo,Ricardo Ruiz Ortega,2017-11-26 12:33:05,RZX-087-M.jpg
TEE-093-F,NL,Peugeot 208,Blanco,Activo,Daniela Soto Camacho,2019-07-13 03:51:47,TEE-093-F.jpg
SZK-020-S,NL,Jeep Compass,Beige,Cancelado,Adolfo Correa Cabrera,2017-11-24 18:22:05,SZK-020-S.jpg
SAR-881-W,NL,BMW X3,Cafe,Cancelado,Raul Beltran Salazar,2021-09-19 08:47:28,SAR-881-W.jpg
T5N-890-N,NL,Kia Forte,Cafe,En Proceso Legal,Regina Juarez Leal,2020-06-19 17:53:38,T5N-890-N.jpg
SA9-477-L,NL,Nissan Sentra,Naranja,Baja Definitiva,Isabel Sanchez Montoya,2020-11-29 20:13:56,SA9-477-L.jpg
T7E-746-N,NL,Peugeot 5008,Cafe,Activo,Julieta Mendoza Cruz,2024-02-19 02:15:25,T7E-746-N.jpg
SN1-201-Y,NL,Peugeot 5008,Azul,Robado,Antonio Correa Maldonado,2025-01-24 16:37:47,SN1-201-Y.jpg
T8K-153-Y,NL,Fiat 500,Rojo,Activo,Yolanda Beltran Cordero,2025-11-21 17:44:52,T8K-153-Y.jpg
RN1-413-J,NL,Hyundai Tucson,Blanco Perlado,Activo,Rosa Sanchez Reyes,2022-05-06 06:43:58,RN1-413-J.jpg
SY0-019-J,NL,Mazda MX-5,Vino,Activo,Jose Navarro Maldonado,2023-02-02 23:03:18,SY0-019-J.jpg
SFY-672-X,NL,Mercedes-Benz A-Class,Gris Oscuro,Baja Definitiva,Ernesto Alvarez Rodriguez,2017-01-20 07:12:56,SFY-672-X.jpg
SHK-155-W,NL,Fiat Cronos,Plateado,Robado,Elizabeth Suarez Figueroa,2021-02-18 00:15:31,SHK-155-W.jpg
RVJ-953-U,NL,Fiat 500,Cafe,Activo,Renata Garcia Nieto,2022-01-30 15:24:29,RVJ-953-U.jpg
RRR-310-D,NL,Peugeot 5008,Blanco,Activo,Rebeca Gutierrez Quiroz,2025-11-07 05:57:43,RRR-310-D.jpg
SSS-611-X,NL,Audi Q3,Vino,Recuperado,Juan Bravo Valencia,2022-08-10 21:11:50,SSS-611-X.jpg
SP6-947-D,NL,Audi A4,Rojo,En Proceso Legal,Mateo Espinoza Barajas,2021-08-19 23:46:14,SP6-947-D.jpg
RMT-014-H,NL,Audi Q5,Negro,Baja Definitiva,Laura Sanchez Guerrero,2019-04-24 05:17:45,RMT-014-H.jpg
S85-500-A,NL,Peugeot 208,Rojo Oscuro,Reposicion,Noe Soto Rios,2020-10-03 08:33:45,S85-500-A.jpg
T8P-914-E,NL,Hyundai Elantra,Azul,Importacion Temporal,Ignacio Mejia Cruz,2021-12-13 10:08:17,T8P-914-E.jpg
TCM-824-R,NL,Chevrolet Spark,Gris,Reposicion,Fernando Palacios Gonzalez,2018-12-31 16:59:14,TCM-824-R.jpg
TC6-897-N,NL,Chevrolet Aveo,Naranja,Activo,Javier Sandoval Tapia,2022-08-27 20:32:20,TC6-897-N.jpg
SD6-197-T,NL,Volkswagen Vento,Azul Marino,Activo,Sebastian Montes Portillo,2024-03-23 14:06:21,SD6-197-T.jpg
SJC-467-V,NL,Jeep Wrangler,Blanco Perlado,Importacion Temporal,Alicia Espinoza Urbina,2026-05-13 19:33:17,SJC-467-V.jpg
SN4-823-F,NL,Fiat Toro,Negro,Activo,Monica Mora Beltran,2021-01-14 04:57:13,SN4-823-F.jpg
TAR-100-F,NL,Volkswagen Vento,Negro,Activo,Antonio Hernandez Reyes,2021-01-27 15:22:28,TAR-100-F.jpg
SKZ-969-A,NL,Renault Kwid,Morado,En Proceso Legal,Mateo Rios Reyes,2021-03-25 05:37:59,SKZ-969-A.jpg
SBJ-338-H,NL,Chevrolet Aveo,Dorado,En Proceso Legal,Susana Avila Zamora,2020-01-20 19:20:53,SBJ-338-H.jpg
T02-242-A,NL,Honda HR-V,Morado,Activo,Julieta Olvera Sepulveda,2023-06-19 18:34:54,T02-242-A.jpg
T4U-136-V,NL,Honda CR-V,Azul Marino,En Proceso Legal,Francisco Estrada Arellano,2017-01-25 08:19:38,T4U-136-V.jpg
SLR-042-N,NL,Volkswagen Amarok,Verde Oscuro,Importacion Temporal,Juan Vazquez Izquierdo,2023-04-29 23:36:56,SLR-042-N.jpg
TG0-844-J,NL,Kia Forte,Beige,Activo,Fabiola Herrera Sandoval,2020-12-27 20:03:14,TG0-844-J.jpg
SM0-320-A,NL,Fiat Cronos,Beige,Remarcaje,Norma Espinoza Plascencia,2018-12-22 02:23:07,SM0-320-A.jpg
RWJ-197-N,NL,Volkswagen Jetta,Gris Oscuro,Activo,Antonio Beltran Pineda,2022-04-22 17:57:55,RWJ-197-N.jpg
SEH-874-T,NL,Honda HR-V,Vino,En Proceso Legal,Sofia Castro Espinoza,2025-01-21 18:34:25,SEH-874-T.jpg
SSJ-996-H,NL,Peugeot 308,Blanco,Importacion Definitiva,Marcos Morales Camacho,2019-04-18 14:11:44,SSJ-996-H.jpg
SCJ-597-T,NL,Peugeot 5008,Naranja,Activo,Susana Cordero Martinez,2017-03-01 21:02:43,SCJ-597-T.jpg
S6X-087-A,NL,Kia Forte,Naranja,Activo,Monica Luna Huerta,2022-03-23 19:12:51,S6X-087-A.jpg
SX4-524-Z,NL,Honda CR-V,Naranja,Recuperado,Emilio Dominguez Rodriguez,2017-07-22 23:14:58,SX4-524-Z.jpg
S1F-634-G,NL,Hyundai Santa Fe,Blanco,Activo,Liliana Juarez Beltran,2023-08-17 22:59:33,S1F-634-G.jpg
TF2-730-X,NL,Mercedes-Benz GLC,Rojo Oscuro,Importacion Definitiva,Noe Cordero Valencia,2025-01-08 11:55:01,TF2-730-X.jpg
S51-761-V,NL,Mazda 2,Verde Oscuro,Activo,Emilio Medina Figueroa,2026-02-17 18:55:30,S51-761-V.jpg
S3U-657-L,NL,Nissan Sentra,Cafe,Irregular,Salvador Hernandez Luna,2024-03-06 04:23:10,S3U-657-L.jpg
TF8-079-F,NL,Hyundai Accent,Verde,Importacion Definitiva,Alicia Sanchez Arellano,2019-04-18 07:30:51,TF8-079-F.jpg
S35-910-N,NL,Chevrolet Cruze,Gris,Activo,Adolfo Mendoza Quiroz,2024-04-09 09:52:09,S35-910-N.jpg
RZV-155-U,NL,Audi A3,Beige,Baja Temporal,Guillermo Quintero Esquivel,2022-08-31 16:47:01,RZV-155-U.jpg
TDG-735-S,NL,Fiat Toro,Rojo,Robado,Arturo Trejo Diaz,2020-12-09 12:07:41,TDG-735-S.jpg
TE2-749-N,NL,Kia Sportage,Azul,Robado,Felipe Estrada Serrano,2025-02-21 03:26:52,TE2-749-N.jpg
SU2-381-Y,NL,Ford Focus,Rojo,Remarcaje,Renata Espinoza Lopez,2018-09-09 18:17:08,SU2-381-Y.jpg
S70-545-N,NL,Audi Q5,Morado,En Proceso Legal,Rocio Villegas Ramos,2017-07-07 10:19:43,S70-545-N.jpg
S1B-135-M,NL,Renault Sandero,Amarillo,Recuperado,Daniel Suarez Contreras,2023-01-31 11:57:05,S1B-135-M.jpg
SUL-823-J,NL,Chevrolet Cruze,Blanco,Activo,Ruben Lopez Arroyo,2025-05-30 12:29:21,SUL-823-J.jpg
S3R-792-E,NL,Chevrolet Aveo,Negro,Cancelado,Rosa Arellano Plascencia,2024-08-09 09:17:42,S3R-792-E.jpg
SHV-221-M,NL,Mercedes-Benz GLC,Blanco,Baja Definitiva,Marisol Chavez Martinez,2019-01-29 11:19:19,SHV-221-M.jpg
SDJ-829-Y,NL,Renault Logan,Verde,Activo,Patricia Rivera Camacho,2023-02-15 15:18:02,SDJ-829-Y.jpg
SAE-117-K,NL,Toyota Yaris,Verde Oscuro,Reposicion,Ricardo Cabrera Martinez,2019-10-18 03:56:14,SAE-117-K.jpg
S41-729-Z,NL,Renault Kwid,Plateado,Activo,Marcos Valdez Garcia,2018-04-26 13:31:47,S41-729-Z.jpg
SBM-825-M,NL,Peugeot 208,Naranja,Irregular,Julieta Montoya Moya,2024-03-28 22:50:29,SBM-825-M.jpg
T83-265-J,NL,Kia Forte,Blanco Perlado,Importacion Definitiva,Alejandro Flores Medina,2023-07-16 07:10:20,T83-265-J.jpg
TG5-636-D,NL,Audi A3,Gris,Activo,Guadalupe Lopez Rivera,2017-11-16 05:37:20,TG5-636-D.jpg
SWJ-122-X,NL,Jeep Renegade,Morado,En Proceso Legal,Armando Palacios Moya,2021-09-11 12:22:24,SWJ-122-X.jpg
T6C-802-D,NL,Chevrolet Cruze,Blanco,Homologacion,Ernesto Ramos Suarez,2019-12-17 06:11:33,T6C-802-D.jpg
RV6-386-U,NL,Toyota Prius,Azul,Irregular,Manuel Arellano Urbina,2020-05-14 09:56:46,RV6-386-U.jpg
RRB-046-E,NL,Hyundai Elantra,Azul,Activo,Guadalupe Gallegos Garcia,2017-06-14 21:07:01,RRB-046-E.jpg
T4L-160-W,NL,Hyundai Santa Fe,Rojo,Robado,Marina Cervantes Palacios,2021-11-30 22:54:45,T4L-160-W.jpg
T1M-378-X,NL,Kia Sorento,Blanco Perlado,Homologacion,Mauricio Trejo Garcia,2023-08-17 21:18:39,T1M-378-X.jpg
RSR-713-X,NL,Audi Q3,Rojo,Activo,Marco Navarro Rodriguez,2019-06-03 07:09:51,RSR-713-X.jpg
SE4-501-X,NL,Renault Duster,Beige,Activo,Marcos Flores Gallegos,2023-10-24 11:50:53,SE4-501-X.jpg
RKS-582-K,NL,Mazda 2,Morado,Importacion Temporal,Rocio Mora Tapia,2021-03-29 21:58:57,RKS-582-K.jpg
S95-794-J,NL,BMW 3 Series,Rojo Oscuro,Recuperado,Guillermo Montes Torres,2018-12-22 06:27:33,S95-794-J.jpg
SWU-927-P,NL,Renault Logan,Naranja,Recuperado,Mateo Navarro Portillo,2026-02-07 10:05:29,SWU-927-P.jpg
S3J-737-C,NL,Kia Sorento,Gris Oscuro,Baja Definitiva,Oscar Ortega Juarez,2017-06-10 13:52:21,S3J-737-C.jpg
SD2-051-M,NL,Peugeot 5008,Azul,Activo,Miguel Mora Acosta,2024-04-10 13:05:31,SD2-051-M.jpg
T1G-371-E,NL,Chevrolet Spark,Verde,Importacion Definitiva,Marcos Beltran Barajas,2020-01-08 19:44:13,T1G-371-E.jpg
RY3-492-K,NL,Hyundai Tucson,Verde,Remarcaje,Adriana Gutierrez Mora,2026-04-05 22:55:28,RY3-492-K.jpg
RVJ-466-Z,NL,BMW X3,Blanco,Activo,Monica De La Cruz Ortega,2019-09-30 15:39:02,RVJ-466-Z.jpg
S89-132-F,NL,Hyundai Santa Fe,Verde,Robado,Jesus Herrera Acosta,2024-01-03 13:03:42,S89-132-F.jpg
RZ0-378-H,NL,BMW 5 Series,Plateado,Robado,Ricardo Trejo Velazquez,2026-02-21 11:26:30,RZ0-378-H.jpg
RY7-570-G,NL,Hyundai Elantra,Azul,Activo,Benjamin Hernandez Del Valle,2025-07-23 21:09:35,RY7-570-G.jpg
SVZ-314-C,NL,Hyundai Elantra,Dorado,Importacion Temporal,Roberto Figueroa Leal,2026-04-30 02:18:54,SVZ-314-C.jpg
SNM-548-K,NL,Hyundai Elantra,Blanco Perlado,Irregular,Elias Medina Garcia,2021-01-01 14:03:14,SNM-548-K.jpg
SLL-017-A,NL,Chevrolet Cruze,Vino,Remarcaje,Francisco Ramos De La Cruz,2024-03-06 08:03:05,SLL-017-A.jpg
T34-057-H,NL,Jeep Grand Cherokee,Vino,Baja Definitiva,Rebeca Villanueva Sepulveda,2021-04-22 08:41:18,T34-057-H.jpg
T27-532-S,NL,Volkswagen Golf,Vino,Activo,Hector Leal Villanueva,2018-08-03 16:35:12,T27-532-S.jpg
RZ0-621-E,NL,Mazda CX-5,Azul Marino,Importacion Definitiva,Manuel Cordero Serrano,2021-12-28 23:45:52,RZ0-621-E.jpg
RLF-917-H,NL,Audi Q5,Vino,Importacion Definitiva,Eduardo Silva Aguilar,2019-01-27 08:05:31,RLF-917-H.jpg
RPX-103-M,NL,Kia Sportage,Negro,Activo,Guadalupe Izquierdo Tovar,2026-02-12 14:31:42,RPX-103-M.jpg
SC4-282-M,NL,Honda HR-V,Naranja,Activo,Julieta Peña Torres,2023-07-07 07:58:50,SC4-282-M.jpg
SYE-332-U,NL,Mazda MX-5,Rojo Oscuro,Reposicion,Guillermo Nieto Pineda,2019-10-21 08:43:42,SYE-332-U.jpg
SCK-105-D,NL,Kia Rio,Rojo Oscuro,Activo,Valeria Morales Herrera,2019-09-30 20:40:00,SCK-105-D.jpg
S81-711-W,NL,Hyundai Elantra,Gris,Reposicion,Adolfo Jimenez Ramirez,2022-01-12 15:04:34,S81-711-W.jpg
TG9-914-L,NL,Kia Sportage,Morado,Reposicion,Marcos Villalobos Garcia,2025-10-06 15:55:00,TG9-914-L.jpg
S8G-486-U,NL,Mazda CX-5,Azul Marino,Recuperado,Manuel Moya Quiroz,2025-12-17 16:41:43,S8G-486-U.jpg
SKD-302-U,NL,Hyundai Santa Fe,Beige,En Proceso Legal,Luis Izquierdo Gonzalez,2018-01-07 20:57:23,SKD-302-U.jpg
S5T-903-V,NL,Renault Logan,Naranja,Remarcaje,Noe Quiroz Cabrera,2023-07-17 05:20:12,S5T-903-V.jpg
RZ5-532-T,NL,Renault Kwid,Vino,Remarcaje,Armando Carrillo Delgado,2020-09-02 19:06:24,RZ5-532-T.jpg
RWE-344-H,NL,BMW 5 Series,Gris,Remarcaje,Sergio Plascencia Villalobos,2021-12-14 09:59:00,RWE-344-H.jpg
S9J-281-A,NL,Honda CR-V,Azul Marino,Cancelado,Juan Bravo Ortega,2017-02-06 06:43:02,S9J-281-A.jpg
SF2-964-C,NL,Kia Forte,Verde Oscuro,Reposicion,Pedro Contreras Vazquez,2017-07-27 10:38:10,SF2-964-C.jpg
SVP-915-U,NL,Honda Civic,Blanco Perlado,En Proceso Legal,Cecilia Avila Cabrera,2021-06-12 19:42:58,SVP-915-U.jpg
SKM-128-S,NL,Toyota Hilux,Amarillo,Activo,Sebastian Castillo Navarro,2022-07-11 04:18:26,SKM-128-S.jpg
RT7-080-K,NL,Nissan Sentra,Naranja,Recuperado,Manuel Diaz Arroyo,2026-02-15 09:38:23,RT7-080-K.jpg
SHC-508-K,NL,Peugeot 308,Verde,Importacion Temporal,Yolanda Guerrero Hernandez,2023-12-29 23:06:08,SHC-508-K.jpg
T6M-793-D,NL,Mazda 3,Rojo,En Proceso Legal,Jesus Ruiz Gutierrez,2018-11-25 02:37:05,T6M-793-D.jpg
TE4-173-A,NL,Toyota Yaris,Plateado,Activo,Sandra Esquivel Estrada,2025-12-15 14:52:59,TE4-173-A.jpg
TDW-298-W,NL,BMW 5 Series,Rojo Oscuro,Baja Temporal,Raul Cervantes Maldonado,2017-01-30 07:57:27,TDW-298-W.jpg
RUS-304-Y,NL,Volkswagen Golf,Blanco,Activo,Martha Nieto Pacheco,2024-04-01 09:36:39,RUS-304-Y.jpg
S81-794-W,NL,Mercedes-Benz A-Class,Beige,Baja Definitiva,Norma Moya Zarate,2024-09-04 06:08:09,S81-794-W.jpg
SLK-006-S,NL,Peugeot 308,Rojo,Homologacion,Juan Figueroa Gutierrez,2021-05-28 01:55:49,SLK-006-S.jpg
RR3-930-T,NL,Honda CR-V,Plateado,Baja Definitiva,Renata Ruiz Acosta,2020-11-01 19:47:30,RR3-930-T.jpg
RPP-738-J,NL,Jeep Compass,Naranja,Activo,Lucia Esquivel Rios,2022-04-15 23:51:01,RPP-738-J.jpg
ST6-245-R,NL,Jeep Compass,Negro,Homologacion,Jorge Castro Urbina,2025-07-05 17:55:49,ST6-245-R.jpg
S6E-878-T,NL,Fiat Argo,Dorado,Robado,Noe Villegas Rios,2022-07-26 21:12:53,S6E-878-T.jpg
TFX-390-Z,NL,Ford Fiesta,Verde Oscuro,Homologacion,Maria Rodriguez Campos,2018-05-30 12:26:04,TFX-390-Z.jpg
SN1-382-B,NL,Mercedes-Benz A-Class,Blanco,Activo,Elsa Villegas Zamora,2022-01-22 18:39:47,SN1-382-B.jpg
T1M-750-A,NL,Hyundai Elantra,Rojo Oscuro,Recuperado,Lucia Tapia Hernandez,2021-06-23 04:40:41,T1M-750-A.jpg
S0V-041-G,NL,Ford Focus,Azul Marino,Irregular,Fabiola Villegas Jimenez,2018-06-12 03:40:16,S0V-041-G.jpg
RLZ-537-C,NL,BMW X5,Naranja,Reposicion,Teresa Salazar Suarez,2018-10-21 03:52:06,RLZ-537-C.jpg
SR5-176-V,NL,Mercedes-Benz C-Class,Gris Oscuro,Homologacion,Armando Castro Fernandez,2022-11-15 23:33:57,SR5-176-V.jpg
SJW-621-F,NL,BMW 3 Series,Amarillo,Baja Definitiva,Guadalupe Garcia Suarez,2023-07-31 16:18:27,SJW-621-F.jpg
T40-393-D,NL,BMW 5 Series,Morado,Activo,Marisol Navarro Peña,2025-06-30 07:16:45,T40-393-D.jpg
S08-622-C,NL,Fiat Cronos,Gris,Baja Temporal,Adolfo Velazquez Esquivel,2024-08-14 23:27:22,S08-622-C.jpg
TDG-512-U,NL,Hyundai Elantra,Gris,En Proceso Legal,Carolina Fuentes Luna,2018-02-17 06:52:49,TDG-512-U.jpg
TKG-853-G,OAX,Hyundai Santa Fe,Verde,Irregular,Alicia Castro Zamora,2018-05-23 09:58:51,TKG-853-G.jpg
TJD-947-U,OAX,Peugeot 5008,Azul Marino,Remarcaje,Yolanda Velazquez Del Valle,2026-04-27 08:13:41,TJD-947-U.jpg
TMW-536-S,OAX,Hyundai Accent,Azul,Remarcaje,Andres Dominguez Barajas,2017-08-28 14:02:35,TMW-536-S.jpg
TMK-130-F,OAX,Jeep Compass,Naranja,Activo,Marisol Herrera Zamora,2018-12-10 01:49:16,TMK-130-F.jpg
TJD-715-V,OAX,Mazda MX-5,Amarillo,En Proceso Legal,Norma Escobar Rodriguez,2019-01-25 04:19:24,TJD-715-V.jpg
THR-869-S,OAX,Chevrolet Aveo,Blanco Perlado,Activo,Claudia Maldonado Romero,2021-12-30 05:49:06,THR-869-S.jpg
TMU-707-C,OAX,Honda Civic,Rojo Oscuro,Cancelado,Daniela Medina Maldonado,2020-06-23 00:07:53,TMU-707-C.jpg
TJU-768-S,OAX,Ford Ranger,Beige,Cancelado,Elizabeth Arroyo Barajas,2025-04-25 07:19:28,TJU-768-S.jpg
TKG-816-D,OAX,Nissan Versa,Amarillo,Baja Definitiva,Felipe Zarate Villalobos,2020-06-08 10:40:11,TKG-816-D.jpg
TM0-723-S,OAX,Mazda MX-5,Morado,Irregular,Felipe Vargas Orozco,2019-04-12 11:08:28,TM0-723-S.jpg
TMC-133-L,OAX,Audi A4,Beige,Remarcaje,Jesus De La Cruz Ramirez,2019-12-16 01:21:58,TMC-133-L.jpg
TMA-328-D,OAX,Jeep Renegade,Verde,En Proceso Legal,Diego Arroyo Diaz,2018-02-02 14:19:12,TMA-328-D.jpg
TM7-771-S,OAX,BMW 3 Series,Verde Oscuro,Importacion Definitiva,Estela Gonzalez Ramos,2017-12-24 23:53:10,TM7-771-S.jpg
TJJ-361-N,OAX,BMW 5 Series,Azul Marino,Baja Definitiva,Alejandro Mora Velazquez,2020-10-12 09:51:42,TJJ-361-N.jpg
TL6-533-L,OAX,Mazda 3,Gris,Homologacion,Teresa Correa Cervantes,2021-12-10 23:21:48,TL6-533-L.jpg
TKN-088-C,OAX,Fiat Argo,Blanco,Activo,Sandra Mora Esquivel,2023-12-15 12:16:40,TKN-088-C.jpg
TMN-696-G,OAX,Ford Ranger,Blanco,En Proceso Legal,Yolanda Tapia Plascencia,2025-01-30 14:03:16,TMN-696-G.jpg
TMB-154-A,OAX,Peugeot 208,Verde,Activo,Guillermo Rosales Escobar,2022-10-01 09:49:22,TMB-154-A.jpg
TJV-545-N,OAX,Ford Focus,Naranja,En Proceso Legal,Leticia Soto Estrada,2025-05-02 18:07:51,TJV-545-N.jpg
TKZ-137-U,OAX,Toyota Prius,Blanco,Recuperado,Marisol Zarate Mendoza,2022-01-16 08:29:56,TKZ-137-U.jpg
TLM-892-T,OAX,Peugeot 3008,Negro,Irregular,Alejandra Avila Zamora,2021-06-23 10:47:12,TLM-892-T.jpg
TLA-279-N,OAX,Hyundai Accent,Rojo Oscuro,Cancelado,Andres Hernandez Fernandez,2023-08-25 05:21:33,TLA-279-N.jpg
TMS-863-X,OAX,Peugeot 3008,Dorado,Activo,Eduardo Quintero Pacheco,2020-02-26 23:46:39,TMS-863-X.jpg
TLH-403-Z,OAX,Mercedes-Benz GLC,Rojo,Importacion Temporal,Ana Leal Dominguez,2018-02-24 23:29:40,TLH-403-Z.jpg
THC-657-X,OAX,Mazda 3,Naranja,Baja Temporal,Salvador Zamora Jimenez,2019-04-06 08:48:18,THC-657-X.jpg
THZ-308-L,OAX,Kia Forte,Verde Oscuro,Activo,Salvador Sandoval Medina,2025-01-21 11:24:13,THZ-308-L.jpg
TMW-776-F,OAX,Jeep Compass,Naranja,Activo,Marisol Correa Pineda,2018-08-28 22:13:52,TMW-776-F.jpg
TL4-424-D,OAX,Mercedes-Benz GLC,Gris,Activo,Marco Serrano Leal,2018-01-03 09:19:28,TL4-424-D.jpg
TK0-483-Z,OAX,Audi A4,Naranja,Baja Definitiva,Mauricio Moya Ramirez,2018-06-05 05:02:40,TK0-483-Z.jpg
TL9-481-C,OAX,Mazda CX-5,Verde Oscuro,Baja Temporal,Veronica Del Valle Martinez,2025-07-11 00:47:06,TL9-481-C.jpg
THS-580-A,OAX,Honda Accord,Negro,Importacion Temporal,Fabiola Izquierdo Villalobos,2019-01-21 08:09:53,THS-580-A.jpg
TKG-851-S,OAX,Kia Forte,Morado,Homologacion,Eduardo Gutierrez Garcia,2023-11-06 08:20:17,TKG-851-S.jpg
TM6-792-M,OAX,Nissan March,Rojo,Activo,Regina Leal Camacho,2022-05-24 07:51:42,TM6-792-M.jpg
TKY-089-Y,OAX,Fiat Argo,Morado,Cancelado,Susana Maldonado Gonzalez,2026-03-29 11:10:55,TKY-089-Y.jpg
THD-263-U,OAX,Mazda 2,Gris,Importacion Temporal,Andres Garcia Cruz,2018-12-15 18:25:06,THD-263-U.jpg
TKC-370-Z,OAX,Hyundai Tucson,Verde,Recuperado,Sergio Arellano Solano,2022-02-14 17:56:38,TKC-370-Z.jpg
TJL-894-B,OAX,Ford Fiesta,Verde Oscuro,Homologacion,Isabel Cabrera Del Valle,2020-09-19 06:23:19,TJL-894-B.jpg
THZ-987-X,OAX,Mercedes-Benz C-Class,Rojo,En Proceso Legal,Armando Delgado Camacho,2024-12-13 05:05:13,THZ-987-X.jpg
TML-233-D,OAX,Ford Fiesta,Beige,Robado,Emilio Luna Montoya,2023-02-07 13:46:38,TML-233-D.jpg
TJM-445-C,OAX,Audi A4,Verde,Remarcaje,Elias Fernandez Soto,2026-01-14 19:40:35,TJM-445-C.jpg
TMV-903-H,OAX,Jeep Compass,Blanco,Importacion Definitiva,Isabel Zamora Perez,2018-02-08 17:36:20,TMV-903-H.jpg
THP-808-X,OAX,Hyundai Accent,Rojo,Reposicion,Francisco Rios Villalobos,2020-04-30 14:28:49,THP-808-X.jpg
TMX-303-L,OAX,Renault Duster,Gris,Importacion Definitiva,Felipe Cabrera Ruiz,2018-10-12 17:56:52,TMX-303-L.jpg
TLK-335-C,OAX,Honda Accord,Gris Oscuro,Remarcaje,Andres Zamora Rivera,2021-12-27 06:39:13,TLK-335-C.jpg
TL8-794-R,OAX,Mercedes-Benz GLA,Azul,Activo,Renata Quintero Estrada,2023-04-01 02:52:12,TL8-794-R.jpg
TMZ-407-A,OAX,Jeep Compass,Gris,En Proceso Legal,Teresa Guerrero Chavez,2018-01-29 10:23:25,TMZ-407-A.jpg
TJ9-382-W,OAX,Ford Fiesta,Dorado,Activo,Javier Orozco Zamora,2021-03-05 00:47:41,TJ9-382-W.jpg
TKE-077-N,OAX,Hyundai Santa Fe,Blanco,Activo,Marco Beltran Fuentes,2022-10-30 14:35:28,TKE-077-N.jpg
TJV-171-J,OAX,Nissan March,Azul Marino,Importacion Temporal,Elias Diaz Montes,2022-11-25 16:29:24,TJV-171-J.jpg
TLY-835-A,OAX,Toyota Hilux,Amarillo,Activo,Roberto Montoya Bravo,2025-12-22 10:06:48,TLY-835-A.jpg
THH-382-R,OAX,Toyota Yaris,Dorado,Importacion Definitiva,Julieta Pineda Torres,2018-01-03 22:01:01,THH-382-R.jpg
TLR-607-A,OAX,Toyota Corolla,Dorado,Importacion Definitiva,Isabel Palacios Villalobos,2020-02-13 02:28:17,TLR-607-A.jpg
TJC-602-Y,OAX,Honda CR-V,Naranja,Activo,Mateo Valencia Ramos,2019-02-19 20:40:30,TJC-602-Y.jpg
TLZ-655-C,OAX,Peugeot 308,Verde Oscuro,Activo,Hector Tovar Peña,2022-04-10 14:18:45,TLZ-655-C.jpg
TJJ-237-L,OAX,BMW X3,Plateado,Reposicion,Fabiola Portillo Reyes,2024-12-18 08:40:28,TJJ-237-L.jpg
TKR-708-D,OAX,Jeep Compass,Azul Marino,Activo,Marcos Estrada Martinez,2022-03-13 03:10:00,TKR-708-D.jpg
TJ9-326-C,OAX,Renault Duster,Plateado,Remarcaje,Raul Castro Nieto,2017-08-07 12:02:19,TJ9-326-C.jpg
TM2-531-K,OAX,Audi Q5,Beige,Importacion Temporal,Sebastian Trejo Martinez,2025-09-15 08:34:34,TM2-531-K.jpg
TMK-978-V,OAX,Peugeot 208,Beige,Recuperado,Julieta Mendoza Rodriguez,2017-08-18 12:45:19,TMK-978-V.jpg
TK4-622-L,OAX,BMW X3,Beige,Homologacion,Andres Tovar Castillo,2024-06-22 02:01:25,TK4-622-L.jpg
TKB-659-B,OAX,Renault Kwid,Verde Oscuro,Robado,Rosa Villalobos Zamora,2021-11-20 00:27:08,TKB-659-B.jpg
TJT-297-H,OAX,Mazda CX-5,Rojo,En Proceso Legal,Jesus Tovar Rodriguez,2017-10-23 03:02:58,TJT-297-H.jpg
TM8-463-S,OAX,Hyundai Santa Fe,Blanco Perlado,Homologacion,Regina Flores Ramirez,2023-10-18 02:28:10,TM8-463-S.jpg
TMD-261-Z,OAX,Hyundai Tucson,Gris Oscuro,Activo,Elias Trejo Peña,2019-01-10 22:35:27,TMD-261-Z.jpg
TJ3-837-Z,OAX,Fiat 500,Vino,Homologacion,Mateo Arroyo Esquivel,2023-02-28 21:05:42,TJ3-837-Z.jpg
TLY-117-V,OAX,Kia Rio,Gris Oscuro,Reposicion,Valeria Flores Urbina,2023-09-08 22:51:29,TLY-117-V.jpg
TJ9-768-L,OAX,Ford Focus,Gris Oscuro,Homologacion,Regina Tapia Figueroa,2023-11-07 09:02:25,TJ9-768-L.jpg
TMU-755-H,OAX,Mazda 3,Gris,Robado,Miguel Esquivel Nieto,2018-02-12 23:25:30,TMU-755-H.jpg
THX-660-Y,OAX,Kia Rio,Dorado,Reposicion,Valeria Gonzalez Arroyo,2020-11-10 01:55:59,THX-660-Y.jpg
TMC-353-U,OAX,BMW X3,Plateado,Importacion Temporal,Regina Mora Hernandez,2024-03-12 22:01:17,TMC-353-U.jpg
TMF-401-M,OAX,Peugeot 308,Naranja,En Proceso Legal,Armando Suarez Valencia,2026-02-27 02:06:56,TMF-401-M.jpg
THT-190-D,OAX,Ford Fiesta,Verde,Importacion Temporal,Eduardo Villanueva Camacho,2025-04-16 10:45:14,THT-190-D.jpg
TK6-449-L,OAX,Volkswagen Amarok,Cafe,Baja Temporal,Fernando Reyes Rodriguez,2017-09-22 09:21:44,TK6-449-L.jpg
TKR-892-U,OAX,Kia Rio,Beige,Importacion Temporal,Guadalupe Campos Tovar,2023-10-29 04:30:26,TKR-892-U.jpg
TLA-505-W,OAX,BMW 3 Series,Cafe,En Proceso Legal,Marisol Barajas Ortega,2018-12-10 12:20:34,TLA-505-W.jpg
TJ1-913-S,OAX,Fiat Cronos,Rojo Oscuro,Robado,Silvia Estrada Trejo,2025-05-20 05:23:21,TJ1-913-S.jpg
TKH-072-V,OAX,Jeep Compass,Morado,Recuperado,Arturo Rios Villegas,2018-02-27 23:06:06,TKH-072-V.jpg
TLP-963-Y,OAX,Toyota Hilux,Azul Marino,Activo,Eduardo Perez Bravo,2024-01-09 11:56:07,TLP-963-Y.jpg
TKW-213-T,OAX,Ford Ranger,Plateado,Activo,Silvia Ortega Silva,2018-05-07 02:32:32,TKW-213-T.jpg
TKY-673-P,OAX,Jeep Wrangler,Rojo Oscuro,Reposicion,Susana Castillo Vazquez,2021-11-14 03:28:56,TKY-673-P.jpg
THM-096-E,OAX,Chevrolet Cruze,Rojo,Activo,Cecilia Escobar Figueroa,2018-07-31 10:13:33,THM-096-E.jpg
TKD-956-S,OAX,Peugeot 308,Cafe,Cancelado,Sergio Barajas Rios,2022-08-19 03:55:31,TKD-956-S.jpg
THJ-320-T,OAX,BMW 3 Series,Negro,Importacion Temporal,Ricardo Del Valle Del Valle,2021-11-16 16:30:35,THJ-320-T.jpg
TM0-975-J,OAX,Renault Sandero,Azul Marino,Activo,Marco Huerta Ortega,2017-12-25 22:13:08,TM0-975-J.jpg
THC-887-V,OAX,BMW 5 Series,Rojo,Baja Temporal,Veronica Contreras Acosta,2025-01-18 16:39:31,THC-887-V.jpg
TKU-327-F,OAX,Audi A4,Verde Oscuro,Activo,Rebeca Espinoza Silva,2022-12-20 20:30:38,TKU-327-F.jpg
TLA-031-K,OAX,Peugeot 3008,Gris Oscuro,Robado,Beatriz Rodriguez Cabrera,2021-02-06 11:27:43,TLA-031-K.jpg
TL2-866-P,OAX,Toyota Hilux,Rojo Oscuro,Remarcaje,Rosa Lopez Espinoza,2024-01-19 19:07:50,TL2-866-P.jpg
TMW-227-T,OAX,Peugeot 3008,Naranja,Importacion Definitiva,Arturo Del Valle Aguilar,2022-08-14 18:50:22,TMW-227-T.jpg
TMF-428-X,OAX,Audi Q5,Morado,Recuperado,Adriana Vazquez Ortega,2023-08-17 00:26:09,TMF-428-X.jpg
TLS-028-V,OAX,Toyota Prius,Blanco,Reposicion,Sebastian Navarro Urbina,2020-01-12 19:00:43,TLS-028-V.jpg
THT-488-A,OAX,Nissan NP300,Naranja,Activo,Julieta Quiroz Gallegos,2024-12-11 02:46:38,THT-488-A.jpg
TMX-896-B,OAX,Honda Accord,Azul,Cancelado,Rocio Martinez Plascencia,2017-03-18 08:05:01,TMX-896-B.jpg
TJ5-225-U,OAX,Audi A3,Amarillo,En Proceso Legal,Fernando Moya Lopez,2018-10-28 02:42:17,TJ5-225-U.jpg
THF-144-R,OAX,Fiat 500,Naranja,Robado,David Perez Tapia,2020-07-27 01:52:00,THF-144-R.jpg
THH-559-L,OAX,Honda HR-V,Negro,Activo,Ruben Leal Villegas,2025-10-17 13:51:28,THH-559-L.jpg
TMG-090-Y,OAX,Toyota Hilux,Beige,Activo,Hector Del Valle Esquivel,2022-01-16 08:28:03,TMG-090-Y.jpg
TM2-120-F,OAX,Jeep Compass,Cafe,Activo,Susana Zarate Fuentes,2017-11-05 11:22:06,TM2-120-F.jpg
TJ2-041-H,OAX,Audi Q5,Vino,Importacion Definitiva,Oscar Espinoza Plascencia,2026-02-23 20:47:54,TJ2-041-H.jpg
THC-982-Z,OAX,Volkswagen Amarok,Rojo,Activo,Guillermo Escobar Gallegos,2019-01-03 00:13:41,THC-982-Z.jpg
TLH-948-P,OAX,Audi Q3,Beige,Importacion Temporal,Claudia Dominguez Jimenez,2025-07-05 05:07:05,TLH-948-P.jpg
TMG-625-X,OAX,BMW X5,Rojo Oscuro,Irregular,Victor Juarez Ortega,2025-01-12 04:23:53,TMG-625-X.jpg
TLL-107-M,OAX,Toyota Prius,Blanco Perlado,Activo,Antonio Cabrera Rodriguez,2024-07-18 01:04:49,TLL-107-M.jpg
TJP-861-J,OAX,Mazda CX-5,Blanco Perlado,Homologacion,Rosa Solano Contreras,2023-06-18 05:13:28,TJP-861-J.jpg
TJD-201-H,OAX,Hyundai Elantra,Blanco,Recuperado,Antonio Mejia Montes,2024-11-17 20:06:13,TJD-201-H.jpg
TM2-711-Y,OAX,Chevrolet Cruze,Verde Oscuro,Recuperado,Elsa Villanueva Villegas,2017-04-07 20:56:41,TM2-711-Y.jpg
TJX-464-X,OAX,Renault Sandero,Amarillo,Importacion Definitiva,Pedro Valencia Huerta,2020-03-22 15:04:31,TJX-464-X.jpg
THB-069-X,OAX,Mercedes-Benz GLC,Vino,Baja Temporal,Antonio Suarez Reyes,2026-01-03 04:27:46,THB-069-X.jpg
TKF-673-X,OAX,Renault Duster,Plateado,Recuperado,Valeria Vazquez Solano,2025-06-21 01:12:13,TKF-673-X.jpg
TK1-054-H,OAX,Chevrolet Cruze,Dorado,Baja Definitiva,Marco Soto Peña,2020-08-03 14:36:17,TK1-054-H.jpg
THT-270-F,OAX,Ford Focus,Verde,Irregular,Ruben Tapia Carrillo,2017-01-29 11:53:26,THT-270-F.jpg
TLL-110-E,OAX,Chevrolet Cruze,Gris,Remarcaje,Salvador Cordero Gallegos,2020-09-04 09:28:55,TLL-110-E.jpg
TLC-980-F,OAX,Toyota Corolla,Verde Oscuro,Robado,Guadalupe Romero Martinez,2023-05-29 13:40:55,TLC-980-F.jpg
TLZ-586-J,OAX,Nissan March,Negro,Cancelado,Mateo Aguilar Palacios,2020-06-11 00:30:22,TLZ-586-J.jpg
TLP-328-N,OAX,Hyundai Elantra,Vino,Importacion Temporal,Marisol Mejia Arellano,2022-03-29 14:46:19,TLP-328-N.jpg
TL1-873-Z,OAX,Hyundai Santa Fe,Azul,Homologacion,Jesus Camacho Silva,2022-07-21 03:10:28,TL1-873-Z.jpg
TJT-923-P,OAX,Nissan Sentra,Azul,Irregular,Paola Carrillo Pineda,2017-09-10 22:57:53,TJT-923-P.jpg
TJ8-246-Y,OAX,Mazda CX-5,Naranja,Recuperado,Monica Villegas Ramirez,2022-06-13 00:50:08,TJ8-246-Y.jpg
TLR-737-U,OAX,Volkswagen Amarok,Verde,Activo,Silvia Quintero Quintero,2023-12-22 15:57:54,TLR-737-U.jpg
TM6-995-F,OAX,BMW 3 Series,Beige,Cancelado,Lucia Zarate Tapia,2024-02-23 21:32:02,TM6-995-F.jpg
THH-997-K,OAX,Ford Focus,Azul,Activo,Fernando Rivera Bravo,2021-01-08 13:04:01,THH-997-K.jpg
THF-170-C,OAX,Fiat Argo,Negro,Activo,Benjamin Maldonado Martinez,2023-02-07 07:16:29,THF-170-C.jpg
TJK-813-B,OAX,Ford Fiesta,Rojo Oscuro,Activo,Hector Hernandez Jimenez,2017-05-11 17:50:33,TJK-813-B.jpg
TK9-294-C,OAX,Toyota Prius,Gris,Activo,Isabel Cordero Reyes,2021-12-11 01:55:44,TK9-294-C.jpg
TMS-533-Y,OAX,Ford Fusion,Naranja,Importacion Temporal,Salvador Quiroz Izquierdo,2018-03-17 07:58:43,TMS-533-Y.jpg
TL6-278-M,OAX,Honda HR-V,Azul Marino,Reposicion,Sergio Reyes Ramirez,2025-08-07 04:34:56,TL6-278-M.jpg
THL-686-R,OAX,Mercedes-Benz GLA,Verde,Irregular,Salvador Plascencia Mendoza,2023-09-19 01:12:53,THL-686-R.jpg
TJU-056-H,OAX,Fiat 500,Verde Oscuro,Irregular,German Rosales Solano,2024-04-29 14:07:47,TJU-056-H.jpg
THB-223-V,OAX,Chevrolet Aveo,Blanco,Recuperado,Teresa Quiroz Figueroa,2017-07-31 22:40:21,THB-223-V.jpg
TL0-094-E,OAX,Honda CR-V,Amarillo,Importacion Definitiva,Emilio Vazquez Cruz,2024-06-17 15:59:27,TL0-094-E.jpg
TM0-446-S,OAX,Hyundai Accent,Azul,Irregular,Daniela Leal Espinoza,2024-06-14 00:58:06,TM0-446-S.jpg
TJX-573-K,OAX,Jeep Renegade,Azul Marino,Importacion Definitiva,Daniela Mora Navarro,2023-11-10 14:16:27,TJX-573-K.jpg
TKA-029-B,OAX,Fiat 500,Gris,Baja Definitiva,Cecilia Dominguez Rios,2019-06-13 11:48:20,TKA-029-B.jpg
THW-073-G,OAX,Ford Fiesta,Azul Marino,En Proceso Legal,Isabel Flores Castro,2025-04-19 19:03:38,THW-073-G.jpg
TMK-829-Y,OAX,Fiat 500,Naranja,Irregular,Sebastian Garcia Romero,2020-01-31 17:49:04,TMK-829-Y.jpg
TM4-077-U,OAX,Toyota Yaris,Beige,Remarcaje,Patricia Salazar Castillo,2020-09-12 16:27:19,TM4-077-U.jpg
TMW-562-W,OAX,Kia Sportage,Rojo Oscuro,Baja Definitiva,Carmen Arroyo Valencia,2022-01-30 09:23:02,TMW-562-W.jpg
TKC-294-N,OAX,Hyundai Accent,Blanco,Remarcaje,Jose Tovar Gonzalez,2024-12-27 20:44:34,TKC-294-N.jpg
THR-608-P,OAX,Nissan NP300,Beige,Cancelado,Gabriela Escobar Gutierrez,2022-01-05 02:02:51,THR-608-P.jpg
TKR-699-Z,OAX,Mazda 3,Gris,Baja Temporal,Estela Camacho Espinoza,2021-02-22 09:05:28,TKR-699-Z.jpg
TLR-046-P,OAX,Mercedes-Benz A-Class,Morado,En Proceso Legal,Ricardo Jimenez Lopez,2020-05-11 17:52:39,TLR-046-P.jpg
TLG-061-X,OAX,Ford Focus,Morado,Reposicion,Rocio Fernandez Silva,2018-06-14 01:42:22,TLG-061-X.jpg
TJX-149-G,OAX,Ford Fiesta,Beige,Remarcaje,Elizabeth Arellano Pineda,2022-07-08 12:52:10,TJX-149-G.jpg
TJC-688-D,OAX,Nissan Sentra,Cafe,Activo,Alberto Camacho Mora,2022-10-01 18:57:15,TJC-688-D.jpg
THV-698-V,OAX,Mercedes-Benz GLA,Azul,Importacion Temporal,Roberto Sanchez Escobar,2024-05-06 19:20:25,THV-698-V.jpg
THW-132-S,OAX,Mazda MX-5,Amarillo,Baja Temporal,Sandra Trejo Quiroz,2023-09-22 17:49:05,THW-132-S.jpg
TKF-804-Y,OAX,Volkswagen Golf,Azul Marino,Irregular,Luis Cordero Aguilar,2018-08-12 15:33:14,TKF-804-Y.jpg
TK6-539-E,OAX,Renault Duster,Rojo,Recuperado,Alejandro Soto Gallegos,2022-12-24 13:08:00,TK6-539-E.jpg
TM2-787-G,OAX,Peugeot 5008,Vino,Activo,Emilio Reyes Figueroa,2019-03-03 12:13:59,TM2-787-G.jpg
TMG-828-G,OAX,Chevrolet Spark,Cafe,Importacion Temporal,Guadalupe Garcia Quintero,2022-03-04 08:26:12,TMG-828-G.jpg
TMP-140-W,OAX,BMW X3,Rojo,Recuperado,Oscar Cervantes Montes,2020-11-20 05:55:15,TMP-140-W.jpg
TJE-554-F,OAX,Volkswagen Amarok,Naranja,Homologacion,Adolfo Cabrera Bravo,2022-07-02 04:16:57,TJE-554-F.jpg
TLU-176-F,OAX,Audi Q3,Verde Oscuro,Importacion Temporal,Yolanda Tapia Bravo,2020-08-28 23:05:04,TLU-176-F.jpg
TK4-679-C,OAX,Nissan Versa,Rojo,Activo,Marcos Rosales Castro,2025-03-28 19:36:41,TK4-679-C.jpg
TML-245-V,OAX,Chevrolet Spark,Morado,Cancelado,Sandra Valencia Palacios,2018-04-24 11:32:20,TML-245-V.jpg
THK-965-D,OAX,Toyota Corolla,Rojo Oscuro,Baja Temporal,Ruben Figueroa Ramirez,2026-04-08 16:49:58,THK-965-D.jpg
TKW-684-S,OAX,Fiat Argo,Blanco Perlado,Recuperado,Alejandra Arroyo Moya,2018-10-12 20:12:56,TKW-684-S.jpg
TJ8-435-R,OAX,Fiat 500,Plateado,Homologacion,Salvador De La Cruz Perez,2024-03-27 02:17:58,TJ8-435-R.jpg
TJ6-975-R,OAX,Kia Forte,Verde,Recuperado,Ignacio Beltran Peña,2025-05-07 01:36:22,TJ6-975-R.jpg
TMF-298-K,OAX,Nissan Versa,Plateado,Baja Temporal,Carmen Mejia Del Valle,2021-03-25 18:17:19,TMF-298-K.jpg
TMS-718-Y,OAX,Fiat Toro,Plateado,Irregular,Elizabeth Pineda Vargas,2019-05-04 19:48:04,TMS-718-Y.jpg
TJX-618-N,OAX,Renault Kwid,Gris,Baja Temporal,Camila Mora Bravo,2018-11-08 17:08:29,TJX-618-N.jpg
TJ3-051-T,OAX,Ford Fusion,Verde Oscuro,Baja Temporal,Alicia Soto Cervantes,2020-01-30 09:15:07,TJ3-051-T.jpg
TJ4-452-W,OAX,Toyota Yaris,Verde Oscuro,Cancelado,Rebeca Juarez Montoya,2018-02-05 08:36:37,TJ4-452-W.jpg
TMS-713-H,OAX,Kia Forte,Amarillo,Importacion Temporal,Martha Suarez Gutierrez,2018-03-07 04:49:04,TMS-713-H.jpg
TK4-230-G,OAX,Chevrolet Beat,Negro,Reposicion,Sergio Jimenez Ruiz,2023-04-25 12:51:02,TK4-230-G.jpg
THL-880-M,OAX,Mercedes-Benz C-Class,Cafe,Activo,Hector Estrada Hernandez,2022-11-17 06:42:35,THL-880-M.jpg
TL2-826-K,OAX,Volkswagen Vento,Vino,Activo,Arturo Del Valle Arroyo,2022-03-10 04:30:39,TL2-826-K.jpg
TLC-569-E,OAX,Renault Kwid,Blanco,Importacion Definitiva,Norma Castillo Flores,2023-06-05 15:30:12,TLC-569-E.jpg
TJN-615-C,OAX,Mercedes-Benz A-Class,Azul,Importacion Temporal,Alejandra Cruz Tovar,2026-05-08 21:40:53,TJN-615-C.jpg
THY-185-U,OAX,Mercedes-Benz GLC,Morado,Importacion Definitiva,Isabel Castillo Ramos,2026-05-06 08:45:35,THY-185-U.jpg
TJX-112-T,OAX,Jeep Compass,Rojo Oscuro,En Proceso Legal,Mauricio Delgado Romero,2017-02-19 06:29:56,TJX-112-T.jpg
TME-819-T,OAX,Volkswagen Vento,Rojo Oscuro,Activo,Ana Tapia Vazquez,2025-02-08 19:23:27,TME-819-T.jpg
TLP-810-A,OAX,Ford Ranger,Dorado,Cancelado,Teresa Guerrero Gutierrez,2020-09-14 00:54:58,TLP-810-A.jpg
TM1-026-W,OAX,Renault Logan,Azul Marino,Irregular,Beatriz Carrillo Aguilar,2020-11-23 06:44:09,TM1-026-W.jpg
TLF-618-M,OAX,Audi A3,Blanco Perlado,Baja Temporal,Mauricio Valencia Pacheco,2017-08-25 07:45:42,TLF-618-M.jpg
TMC-038-N,OAX,Renault Sandero,Cafe,Reposicion,Marisol Cordero Peña,2017-01-06 02:28:24,TMC-038-N.jpg
TKX-891-C,OAX,Kia Rio,Blanco Perlado,Robado,Miguel Cruz Sepulveda,2018-08-13 22:18:33,TKX-891-C.jpg
TLE-399-C,OAX,Renault Sandero,Morado,Importacion Temporal,Teresa Tovar Salazar,2017-04-15 10:26:55,TLE-399-C.jpg
TJU-461-N,OAX,Peugeot 208,Cafe,Activo,Ignacio Mendoza Avila,2023-05-14 06:58:37,TJU-461-N.jpg
TMH-478-W,OAX,Honda Accord,Blanco Perlado,Cancelado,Jesus Maldonado Esquivel,2019-04-16 08:00:54,TMH-478-W.jpg
THS-285-E,OAX,Honda HR-V,Gris,Reposicion,Marcos Quintero Lopez,2018-08-18 05:13:02,THS-285-E.jpg
TKS-801-X,OAX,Renault Logan,Azul Marino,Irregular,Daniel Diaz Zarate,2019-03-22 10:29:04,TKS-801-X.jpg
THV-610-W,OAX,Fiat 500,Azul Marino,Remarcaje,Juan Tapia Plascencia,2019-09-16 16:30:52,THV-610-W.jpg
THA-513-K,OAX,Fiat Cronos,Rojo Oscuro,Activo,Rosa Sandoval Perez,2023-04-30 07:14:33,THA-513-K.jpg
TL4-944-J,OAX,Jeep Compass,Blanco,Homologacion,Fernando Fuentes Orozco,2022-04-15 18:01:32,TL4-944-J.jpg
TL4-160-G,OAX,Honda CR-V,Morado,Recuperado,Leticia Gutierrez Alvarez,2025-02-16 06:01:52,TL4-160-G.jpg
TLF-197-F,OAX,Audi A3,Rojo,Activo,Raul Mora Ortega,2021-01-01 14:34:24,TLF-197-F.jpg
TLM-408-P,OAX,Kia Rio,Naranja,Irregular,Roberto Mora Espinoza,2024-05-02 05:05:33,TLM-408-P.jpg
THS-524-T,OAX,Jeep Compass,Gris Oscuro,Robado,Paola Quintero Reyes,2022-08-28 08:11:40,THS-524-T.jpg
TME-335-E,OAX,Honda Accord,Azul,Baja Definitiva,Ana Medina Reyes,2020-11-15 21:53:28,TME-335-E.jpg
TKV-632-H,OAX,Peugeot 3008,Rojo,Baja Temporal,Marina Quiroz Pacheco,2025-07-11 23:11:14,TKV-632-H.jpg
TLS-837-S,OAX,Mazda 3,Plateado,Reposicion,Armando Cruz Ramirez,2018-01-14 05:38:37,TLS-837-S.jpg
TJ7-437-K,OAX,Audi Q3,Blanco,Activo,Alejandra Suarez Rodriguez,2020-04-30 15:39:36,TJ7-437-K.jpg
TLB-342-B,OAX,Chevrolet Aveo,Verde Oscuro,Activo,Oscar Castro Tapia,2024-09-30 14:15:19,TLB-342-B.jpg
TM6-962-P,OAX,Mazda 2,Morado,Cancelado,Martha Cordero Ramirez,2023-06-18 01:00:51,TM6-962-P.jpg
TLA-289-T,OAX,Audi Q3,Dorado,Robado,Ricardo Ramos Flores,2021-03-16 06:15:06,TLA-289-T.jpg
TKZ-091-W,OAX,Volkswagen Golf,Dorado,Activo,Renata Contreras Castillo,2024-11-02 12:45:59,TKZ-091-W.jpg
THW-571-W,OAX,Volkswagen Amarok,Azul,Robado,Ignacio Castro Orozco,2018-06-26 02:22:54,THW-571-W.jpg
THT-194-L,OAX,BMW X3,Beige,Remarcaje,Ernesto Medina Gallegos,2024-11-12 10:54:21,THT-194-L.jpg
TJ5-637-U,OAX,Chevrolet Aveo,Naranja,Baja Definitiva,Guadalupe Diaz Fuentes,2021-08-30 08:33:35,TJ5-637-U.jpg
TL9-020-W,OAX,Nissan March,Plateado,Importacion Temporal,Monica Nieto Flores,2023-01-15 07:27:44,TL9-020-W.jpg
TLF-969-Z,OAX,Ford Fiesta,Verde,Recuperado,Eduardo Cabrera Reyes,2017-05-16 06:06:27,TLF-969-Z.jpg
TKH-134-C,OAX,Kia Sorento,Blanco,Reposicion,Noe Escobar Ruiz,2024-02-10 18:44:18,TKH-134-C.jpg
THL-342-W,OAX,Jeep Wrangler,Rojo Oscuro,Activo,Rebeca Figueroa Gallegos,2024-03-21 13:28:32,THL-342-W.jpg
THH-823-R,OAX,Honda CR-V,Vino,Activo,Rebeca Vazquez Diaz,2019-09-30 22:39:28,THH-823-R.jpg
TL0-362-S,OAX,Ford Ranger,Rojo Oscuro,Importacion Definitiva,Daniela Vargas Cordero,2017-05-04 01:22:58,TL0-362-S.jpg
TJ4-751-U,OAX,Volkswagen Jetta,Gris,Remarcaje,Armando Luna Tapia,2022-09-05 14:54:41,TJ4-751-U.jpg
TL7-383-J,OAX,Honda Civic,Azul Marino,Activo,Gabriela Ramirez Valencia,2019-02-25 09:27:53,TL7-383-J.jpg
TJD-827-T,OAX,Fiat 500,Rojo Oscuro,Reposicion,Daniel Martinez Contreras,2021-03-10 04:33:55,TJD-827-T.jpg
THC-578-L,OAX,Jeep Grand Cherokee,Azul Marino,En Proceso Legal,Carmen Sandoval Espinoza,2020-05-31 12:56:01,THC-578-L.jpg
TLT-619-B,OAX,BMW 5 Series,Verde,Importacion Temporal,Alejandro Luna Castillo,2022-05-08 15:08:25,TLT-619-B.jpg
TLF-541-W,OAX,Jeep Compass,Azul,Homologacion,Armando Villanueva Rios,2023-12-28 07:29:30,TLF-541-W.jpg
THL-054-C,OAX,Toyota Yaris,Vino,Baja Temporal,Rebeca Leal Velazquez,2026-03-10 11:53:04,THL-054-C.jpg
TL5-058-J,OAX,Peugeot 308,Gris Oscuro,Remarcaje,Isabel Esquivel Portillo,2019-12-16 19:42:57,TL5-058-J.jpg
TLS-520-W,OAX,Hyundai Elantra,Gris,Irregular,Estela Valencia Juarez,2020-11-21 13:59:36,TLS-520-W.jpg
TKW-668-G,OAX,Nissan Versa,Verde Oscuro,Activo,Camila Martinez Tovar,2022-05-21 11:52:09,TKW-668-G.jpg
TKA-085-D,OAX,Chevrolet Spark,Gris,Remarcaje,Claudia Reyes Serrano,2017-07-10 03:16:01,TKA-085-D.jpg
TL6-782-B,OAX,Hyundai Accent,Naranja,En Proceso Legal,Arturo Tovar Diaz,2023-01-05 17:48:46,TL6-782-B.jpg
TMN-290-D,OAX,Chevrolet Beat,Blanco Perlado,Recuperado,Mauricio De La Cruz Delgado,2023-03-27 05:33:53,TMN-290-D.jpg
TKK-888-U,OAX,Kia Sorento,Verde,Activo,Mauricio Serrano Villanueva,2019-06-06 04:42:18,TKK-888-U.jpg
TKV-194-Y,OAX,Volkswagen Vento,Rojo,Activo,Carolina Pineda Acosta,2018-11-25 10:19:38,TKV-194-Y.jpg
THX-741-J,OAX,Ford Fusion,Morado,Importacion Temporal,Jesus Pacheco Serrano,2021-02-10 13:31:39,THX-741-J.jpg
TKE-369-L,OAX,Mercedes-Benz GLC,Plateado,Irregular,Monica Herrera Rodriguez,2019-03-01 19:32:59,TKE-369-L.jpg
TKN-917-M,OAX,Kia Sportage,Cafe,Homologacion,Elizabeth Alvarez Villegas,2024-06-23 12:13:54,TKN-917-M.jpg
TJA-971-H,OAX,Hyundai Santa Fe,Rojo Oscuro,Activo,Patricia Ruiz Villalobos,2017-01-20 16:40:22,TJA-971-H.jpg
TKA-523-C,OAX,Nissan NP300,Blanco Perlado,Activo,Oscar Rodriguez Castillo,2020-03-14 01:38:41,TKA-523-C.jpg
TLW-070-R,OAX,Ford Focus,Rojo,En Proceso Legal,Alejandro Cervantes De La Cruz,2020-06-08 01:42:44,TLW-070-R.jpg
TKN-627-N,OAX,Chevrolet Cruze,Plateado,Robado,Adriana Flores Garcia,2022-08-01 10:03:26,TKN-627-N.jpg
THA-175-W,OAX,BMW X3,Beige,Activo,Camila Huerta Salazar,2017-08-27 00:16:21,THA-175-W.jpg
TKC-223-H,OAX,Chevrolet Spark,Cafe,Importacion Temporal,Arturo Acosta Fuentes,2024-10-24 19:48:52,TKC-223-H.jpg
TMH-925-A,OAX,Audi Q5,Morado,Activo,Victor Leal Gutierrez,2025-09-12 16:59:22,TMH-925-A.jpg
THH-249-X,OAX,BMW X3,Gris Oscuro,Activo,Maria Pineda Rios,2017-07-13 13:48:19,THH-249-X.jpg
TJZ-592-L,OAX,Mazda CX-5,Rojo Oscuro,Activo,Marisol Mora Salazar,2021-09-28 15:18:37,TJZ-592-L.jpg
TM3-204-R,OAX,Mazda CX-5,Rojo,Importacion Definitiva,Ricardo Alvarez Cruz,2021-06-22 03:41:27,TM3-204-R.jpg
TMX-979-X,OAX,Audi A3,Naranja,Activo,Fernando Espinoza Ramos,2020-10-23 12:35:33,TMX-979-X.jpg
TKB-668-D,OAX,Chevrolet Cruze,Azul Marino,Activo,Yolanda Zarate Ruiz,2021-03-05 20:53:19,TKB-668-D.jpg
TMC-399-K,OAX,Mazda CX-5,Beige,Irregular,Guadalupe Salazar Serrano,2025-05-08 16:49:00,TMC-399-K.jpg
TMU-575-V,OAX,Chevrolet Cruze,Naranja,Recuperado,Alejandro Cervantes Medina,2021-10-20 11:01:34,TMU-575-V.jpg
TJR-433-T,OAX,Peugeot 3008,Gris,Irregular,Victor Palacios Zamora,2017-07-27 01:14:50,TJR-433-T.jpg
THH-752-D,OAX,Honda Accord,Amarillo,Importacion Temporal,Juan Nieto Delgado,2024-01-02 00:22:14,THH-752-D.jpg
TMA-832-W,OAX,Peugeot 5008,Plateado,Reposicion,Luis Salazar Valencia,2023-09-15 08:11:18,TMA-832-W.jpg
TMS-970-F,OAX,Honda HR-V,Rojo Oscuro,Activo,David Contreras Plascencia,2026-05-05 06:55:42,TMS-970-F.jpg
TMK-582-G,OAX,Honda CR-V,Naranja,Importacion Temporal,Guadalupe Palacios Villalobos,2024-04-15 04:52:53,TMK-582-G.jpg
TKZ-566-F,OAX,Chevrolet Aveo,Cafe,Remarcaje,Adolfo Sepulveda Figueroa,2020-03-29 10:27:37,TKZ-566-F.jpg
TJ4-355-U,OAX,Audi Q5,Dorado,Activo,Salvador Figueroa Izquierdo,2023-11-10 02:00:21,TJ4-355-U.jpg
TJP-767-B,OAX,Audi Q3,Verde Oscuro,Reposicion,Cecilia Correa Cordero,2026-04-19 15:31:58,TJP-767-B.jpg
TLF-562-Z,OAX,Chevrolet Beat,Beige,Baja Definitiva,Marina Silva Mora,2025-03-21 21:21:11,TLF-562-Z.jpg
TMY-421-Z,OAX,Toyota Prius,Morado,Robado,Ernesto Jimenez Fuentes,2021-11-25 10:34:54,TMY-421-Z.jpg
TJE-883-C,OAX,BMW 5 Series,Naranja,Baja Definitiva,Julieta Cervantes Ortega,2018-03-08 09:10:22,TJE-883-C.jpg
U4F-840-F,PUE,Toyota Hilux,Blanco,Activo,Alberto Villalobos Tapia,2020-03-27 02:01:50,U4F-840-F.jpg
UAS-406-N,PUE,Toyota Hilux,Azul,Cancelado,Mateo Castillo Gutierrez,2019-02-11 15:41:54,UAS-406-N.jpg
TWT-217-H,PUE,Toyota Hilux,Morado,Irregular,Elizabeth Pineda Fuentes,2025-12-18 12:56:22,TWT-217-H.jpg
U6H-396-P,PUE,Renault Kwid,Verde,Reposicion,Sergio Bravo Escobar,2019-05-17 00:24:21,U6H-396-P.jpg
U6T-981-W,PUE,Mazda 3,Plateado,Activo,Ruben Cruz Cordero,2019-11-03 03:23:32,U6T-981-W.jpg
TR6-555-U,PUE,Ford Fiesta,Morado,Activo,Daniel Quiroz Jimenez,2019-04-11 01:42:18,TR6-555-U.jpg
UCJ-441-L,PUE,Toyota Prius,Azul,Homologacion,Mauricio Cervantes Ortega,2023-12-15 09:32:24,UCJ-441-L.jpg
U7E-802-G,PUE,Honda HR-V,Verde Oscuro,Activo,Silvia Beltran Fuentes,2025-07-13 01:47:49,U7E-802-G.jpg
U3A-989-C,PUE,Ford Focus,Cafe,Homologacion,Patricia Ortega Orozco,2018-10-17 05:41:49,U3A-989-C.jpg
TY0-897-G,PUE,Kia Sorento,Blanco,Robado,Isabel Montoya Villanueva,2026-02-15 06:59:11,TY0-897-G.jpg
U8R-913-G,PUE,BMW X5,Naranja,Homologacion,Ricardo Zamora Navarro,2022-09-10 19:38:09,U8R-913-G.jpg
TV3-318-V,PUE,Audi Q3,Vino,Robado,Camila Solano Montoya,2020-08-30 21:58:16,TV3-318-V.jpg
TYR-540-C,PUE,Mazda CX-5,Cafe,Activo,Estela Dominguez Jimenez,2024-05-02 15:49:19,TYR-540-C.jpg
TT5-774-C,PUE,BMW X3,Cafe,Irregular,Manuel Cabrera Nieto,2017-11-05 12:59:35,TT5-774-C.jpg
TRZ-999-Z,PUE,Audi Q3,Verde,Recuperado,Elias Rivera Montes,2025-04-02 18:15:46,TRZ-999-Z.jpg
UD3-918-T,PUE,Toyota Corolla,Vino,Activo,Adolfo Huerta Silva,2021-11-08 14:14:56,UD3-918-T.jpg
TTZ-590-H,PUE,Audi A4,Verde Oscuro,Importacion Temporal,Marcos Plascencia Luna,2017-11-12 04:31:04,TTZ-590-H.jpg
U6N-265-X,PUE,Volkswagen Golf,Plateado,Cancelado,Ana Dominguez Quintero,2023-02-20 07:41:37,U6N-265-X.jpg
U5W-081-X,PUE,Kia Rio,Plateado,Recuperado,Sofia Escobar Cervantes,2017-12-16 04:20:29,U5W-081-X.jpg
U3J-361-V,PUE,Ford Fusion,Morado,En Proceso Legal,Ruben Beltran Rosales,2024-02-24 03:29:15,U3J-361-V.jpg
TV9-642-G,PUE,Chevrolet Spark,Morado,Activo,Jesus Rosales Garcia,2023-02-26 15:29:05,TV9-642-G.jpg
TTM-826-H,PUE,Mazda 3,Plateado,Cancelado,Jose Fuentes Quintero,2019-02-26 12:16:07,TTM-826-H.jpg
TY2-191-F,PUE,Hyundai Accent,Rojo,Homologacion,Victor Cervantes Bravo,2020-06-26 11:07:47,TY2-191-F.jpg
U1K-555-J,PUE,Ford Ranger,Vino,Importacion Definitiva,Sebastian Montes Lopez,2019-08-19 19:11:20,U1K-555-J.jpg
UFS-404-M,PUE,Chevrolet Aveo,Blanco,En Proceso Legal,Patricia Herrera Barajas,2021-08-02 06:02:34,UFS-404-M.jpg
UD5-476-T,PUE,Fiat Toro,Negro,En Proceso Legal,Mateo Trejo Camacho,2020-01-03 18:47:01,UD5-476-T.jpg
U5U-402-H,PUE,Renault Logan,Azul,Importacion Temporal,Andres Rosales Urbina,2023-08-22 09:12:19,U5U-402-H.jpg
U7M-174-X,PUE,Nissan Sentra,Naranja,Robado,Lucia Portillo Cervantes,2025-07-23 12:48:22,U7M-174-X.jpg
U7N-119-G,PUE,Toyota Corolla,Gris,Baja Definitiva,Elsa Villanueva Montoya,2019-12-09 01:45:59,U7N-119-G.jpg
TVN-856-Z,PUE,Hyundai Accent,Rojo Oscuro,Activo,Lorena Ramirez Valencia,2017-04-25 01:46:44,TVN-856-Z.jpg
U0F-136-K,PUE,Kia Sorento,Gris,Reposicion,Guadalupe Torres Trejo,2017-10-12 00:25:01,U0F-136-K.jpg
TW4-681-U,PUE,Volkswagen Jetta,Azul Marino,En Proceso Legal,Ruben Portillo Garcia,2022-05-23 21:32:47,TW4-681-U.jpg
U9Y-221-U,PUE,Peugeot 3008,Dorado,Baja Definitiva,Jose Castillo Nieto,2019-10-17 09:34:38,U9Y-221-U.jpg
TRS-615-U,PUE,Chevrolet Aveo,Beige,Activo,Guadalupe Izquierdo De La Cruz,2022-08-13 04:48:03,TRS-615-U.jpg
U6A-326-P,PUE,Ford Fusion,Naranja,Activo,Valeria Pineda Pineda,2019-06-12 03:55:39,U6A-326-P.jpg
U2Y-445-V,PUE,BMW 5 Series,Gris Oscuro,Activo,Ricardo Torres Cervantes,2023-09-03 10:30:01,U2Y-445-V.jpg
UBB-650-A,PUE,Mazda MX-5,Blanco Perlado,Remarcaje,Marisol Nieto Medina,2017-04-22 05:45:16,UBB-650-A.jpg
UEU-630-F,PUE,Chevrolet Beat,Morado,Remarcaje,Lucia Palacios Romero,2025-03-15 06:20:07,UEU-630-F.jpg
UG8-332-R,PUE,Fiat Cronos,Beige,Cancelado,Cecilia Contreras Delgado,2020-02-25 21:25:01,UG8-332-R.jpg
TNZ-937-Z,PUE,Nissan Sentra,Naranja,Baja Definitiva,Francisco Vargas Martinez,2020-06-14 06:55:34,TNZ-937-Z.jpg
U1K-261-W,PUE,Mazda 2,Gris Oscuro,Remarcaje,Daniela Rosales Alvarez,2024-09-18 10:34:05,U1K-261-W.jpg
TSU-991-K,PUE,Fiat Toro,Dorado,Baja Definitiva,Liliana Medina Huerta,2022-03-10 10:34:49,TSU-991-K.jpg
U4F-525-U,PUE,Hyundai Accent,Vino,Robado,Lorena Fernandez Romero,2021-02-02 13:30:55,U4F-525-U.jpg
U4F-187-H,PUE,Mercedes-Benz C-Class,Plateado,Activo,Elizabeth Zamora Montes,2023-08-18 03:51:05,U4F-187-H.jpg
UCG-530-B,PUE,Mercedes-Benz C-Class,Azul,Activo,Daniela Mejia Urbina,2023-05-27 15:09:58,UCG-530-B.jpg
U54-601-N,PUE,Honda Accord,Amarillo,Recuperado,Victor Cabrera Salazar,2020-10-27 03:12:40,U54-601-N.jpg
U58-211-F,PUE,Honda Civic,Verde,Baja Temporal,Patricia Zamora Urbina,2019-05-09 20:11:24,U58-211-F.jpg
UJ2-030-T,PUE,Chevrolet Spark,Vino,Baja Temporal,Fernando Chavez Cordero,2026-05-05 19:05:12,UJ2-030-T.jpg
TU1-784-P,PUE,Ford Ranger,Negro,Homologacion,Juan Hernandez Gallegos,2018-08-16 01:58:25,TU1-784-P.jpg
TP6-010-T,PUE,Nissan Sentra,Dorado,Activo,Leticia Romero Medina,2019-02-16 21:21:52,TP6-010-T.jpg
TS5-962-B,PUE,Audi A4,Verde,Activo,Andres Montoya Villalobos,2022-05-18 03:38:15,TS5-962-B.jpg
TWF-576-B,PUE,Audi A4,Rojo,Activo,Marcos Salazar Arroyo,2020-09-24 10:34:23,TWF-576-B.jpg
U6Z-007-Z,PUE,Ford Fiesta,Plateado,Recuperado,Silvia Ramos Huerta,2026-04-22 19:00:10,U6Z-007-Z.jpg
UGS-986-Z,PUE,Audi A3,Negro,Cancelado,Mauricio Guerrero Cruz,2025-01-01 09:35:55,UGS-986-Z.jpg
UBJ-875-N,PUE,Honda CR-V,Naranja,Activo,Hugo Zamora Campos,2020-09-25 20:26:18,UBJ-875-N.jpg
TWF-954-W,PUE,Kia Forte,Gris Oscuro,Activo,Norma De La Cruz Espinoza,2023-03-25 19:00:57,TWF-954-W.jpg
TX4-344-N,PUE,Fiat Cronos,Gris Oscuro,Reposicion,Marco Maldonado Sandoval,2023-06-21 17:29:01,TX4-344-N.jpg
TR4-259-A,PUE,Hyundai Elantra,Negro,En Proceso Legal,Victor Cruz Villanueva,2017-10-30 04:49:24,TR4-259-A.jpg
U71-110-T,PUE,Chevrolet Beat,Dorado,Activo,Pedro Cordero Juarez,2017-08-25 19:53:29,U71-110-T.jpg
TUF-688-W,PUE,Mercedes-Benz A-Class,Dorado,Recuperado,German Torres Esquivel,2025-12-18 01:45:34,TUF-688-W.jpg
TXU-976-K,PUE,Honda Civic,Verde,Reposicion,Adriana Zarate Morales,2023-08-06 13:47:24,TXU-976-K.jpg
TZM-260-D,PUE,Hyundai Elantra,Vino,Baja Definitiva,Daniel Figueroa Morales,2021-10-19 03:37:58,TZM-260-D.jpg
TY3-174-G,PUE,Peugeot 308,Cafe,Importacion Definitiva,Mateo Zamora Flores,2017-03-22 12:18:08,TY3-174-G.jpg
TY9-058-S,PUE,Nissan Versa,Dorado,Activo,Paola Campos Plascencia,2026-04-01 23:49:34,TY9-058-S.jpg
TZ4-948-R,PUE,Audi A3,Amarillo,Cancelado,Salvador Alvarez Cruz,2024-10-01 11:55:13,TZ4-948-R.jpg
UC0-027-L,PUE,Volkswagen Golf,Beige,Baja Definitiva,Emilio Cordero Trejo,2024-09-29 19:56:19,UC0-027-L.jpg
TVR-837-L,PUE,Kia Sportage,Blanco Perlado,Importacion Definitiva,Ruben Zarate Urbina,2022-03-02 19:15:51,TVR-837-L.jpg
UGA-319-E,PUE,BMW X5,Azul Marino,Cancelado,Alejandro Velazquez Trejo,2021-07-09 21:56:03,UGA-319-E.jpg
U7E-039-E,PUE,Audi Q5,Verde,En Proceso Legal,Jose Nieto Soto,2026-04-26 17:44:26,U7E-039-E.jpg
U95-652-E,PUE,Audi Q3,Azul Marino,Importacion Definitiva,Camila Silva Suarez,2021-03-28 08:56:07,U95-652-E.jpg
U15-618-U,PUE,Ford Ranger,Amarillo,Cancelado,Adriana Garcia Arellano,2021-04-13 07:24:28,U15-618-U.jpg
TVB-727-G,PUE,Hyundai Elantra,Amarillo,Baja Temporal,Camila Herrera Esquivel,2026-04-12 02:02:58,TVB-727-G.jpg
U15-147-H,PUE,Toyota Hilux,Verde,Baja Definitiva,Marisol Medina Navarro,2022-09-18 14:58:20,U15-147-H.jpg
U3U-440-S,PUE,Chevrolet Cruze,Cafe,Homologacion,Juan Ortega Del Valle,2020-04-13 11:46:52,U3U-440-S.jpg
TZW-945-A,PUE,Mazda 2,Verde,Cancelado,Arturo Jimenez Ruiz,2019-08-19 13:32:59,TZW-945-A.jpg
TU2-095-W,PUE,Nissan Versa,Negro,Importacion Temporal,Benjamin Montes Serrano,2019-05-06 22:54:13,TU2-095-W.jpg
TY5-807-A,PUE,Volkswagen Amarok,Cafe,Reposicion,Ricardo Rivera Avila,2021-12-18 21:19:28,TY5-807-A.jpg
TT2-691-Y,PUE,Mercedes-Benz C-Class,Verde,Activo,Estela Gonzalez Valdez,2021-04-14 12:28:36,TT2-691-Y.jpg
TTM-610-F,PUE,Renault Sandero,Dorado,Recuperado,Gabriela Maldonado Palacios,2019-03-30 14:24:15,TTM-610-F.jpg
TT2-533-T,PUE,Peugeot 3008,Verde Oscuro,Reposicion,Rosa De La Cruz Pacheco,2025-06-13 15:29:57,TT2-533-T.jpg
TRH-555-L,PUE,Peugeot 5008,Blanco,Activo,Emilio Martinez Gallegos,2023-04-22 08:02:41,TRH-555-L.jpg
TRA-578-X,PUE,Nissan Versa,Naranja,Reposicion,Jose Aguilar Juarez,2022-05-01 17:52:38,TRA-578-X.jpg
UHD-009-G,PUE,Fiat Toro,Verde,Irregular,Liliana Juarez Avila,2020-10-27 15:11:17,UHD-009-G.jpg
TY1-139-Y,PUE,Volkswagen Jetta,Vino,Robado,Oscar Trejo Castro,2018-09-04 06:39:02,TY1-139-Y.jpg
TUK-192-X,PUE,Renault Logan,Verde Oscuro,Homologacion,Veronica Vargas Valdez,2017-10-10 12:54:49,TUK-192-X.jpg
TR3-288-Y,PUE,Mazda 2,Dorado,Homologacion,Lucia Solano Navarro,2021-08-11 02:07:20,TR3-288-Y.jpg
TW2-373-W,PUE,Toyota Hilux,Plateado,Importacion Definitiva,Maria Martinez Ruiz,2019-01-15 01:31:25,TW2-373-W.jpg
U0Z-715-P,PUE,Kia Sorento,Blanco Perlado,Baja Definitiva,Rosa Valdez Castillo,2018-08-25 20:49:53,U0Z-715-P.jpg
TWT-870-H,PUE,Volkswagen Golf,Cafe,Activo,Hugo Vargas Silva,2019-02-28 12:05:25,TWT-870-H.jpg
U4B-486-M,PUE,Mazda CX-5,Verde,Baja Definitiva,Leticia Romero Castro,2018-03-23 14:14:51,U4B-486-M.jpg
UC4-744-Z,PUE,Chevrolet Cruze,Blanco Perlado,Activo,Ernesto Quintero Villegas,2020-03-14 18:02:01,UC4-744-Z.jpg
U02-645-G,PUE,Jeep Grand Cherokee,Gris,Activo,Mauricio Zamora Orozco,2020-08-26 02:47:50,U02-645-G.jpg
UHX-805-G,PUE,Volkswagen Amarok,Azul,Homologacion,Emilio Vazquez Trejo,2019-03-30 20:15:50,UHX-805-G.jpg
UBW-707-Y,PUE,Ford Fiesta,Verde Oscuro,Activo,Eduardo Serrano Gonzalez,2025-11-19 19:35:47,UBW-707-Y.jpg
TTT-440-Z,PUE,Nissan Sentra,Rojo,Activo,Martha Peña Beltran,2022-09-03 16:31:10,TTT-440-Z.jpg
UCX-379-U,PUE,Hyundai Tucson,Blanco Perlado,Activo,Hector Aguilar Arroyo,2018-11-28 15:26:48,UCX-379-U.jpg
UJL-878-P,PUE,Ford Fiesta,Morado,Importacion Temporal,Sofia Delgado Herrera,2022-05-18 07:45:05,UJL-878-P.jpg
U97-835-G,PUE,Ford Focus,Verde Oscuro,En Proceso Legal,Norma Hernandez Del Valle,2022-02-05 22:20:30,U97-835-G.jpg
UGM-577-W,PUE,Fiat 500,Azul,Baja Definitiva,Renata Gallegos Valencia,2017-01-30 15:36:00,UGM-577-W.jpg
U6S-248-N,PUE,Jeep Wrangler,Amarillo,En Proceso Legal,Ernesto Castro Hernandez,2026-05-01 06:09:51,U6S-248-N.jpg
UDX-032-W,PUE,Audi Q3,Cafe,Cancelado,Veronica Arroyo Olvera,2020-06-19 14:32:44,UDX-032-W.jpg
TZW-562-D,PUE,Peugeot 208,Blanco Perlado,Cancelado,Sofia Orozco Plascencia,2021-10-08 01:03:50,TZW-562-D.jpg
U2U-308-D,PUE,Fiat 500,Rojo Oscuro,Recuperado,Veronica Fernandez Rios,2024-03-13 08:20:18,U2U-308-D.jpg
TPV-568-X,PUE,Peugeot 308,Azul Marino,Activo,Miguel De La Cruz Quintero,2025-05-28 07:24:42,TPV-568-X.jpg
TVT-699-V,PUE,Toyota Hilux,Negro,Importacion Definitiva,Ruben Ortega Chavez,2020-04-04 21:55:33,TVT-699-V.jpg
TU8-014-F,PUE,Audi A3,Morado,Homologacion,Jesus Rosales Vargas,2023-03-22 15:21:21,TU8-014-F.jpg
UB5-840-F,PUE,Audi A4,Amarillo,En Proceso Legal,Luis Martinez Montoya,2021-09-27 21:36:28,UB5-840-F.jpg
U4S-513-J,PUE,Mercedes-Benz GLA,Morado,Importacion Definitiva,Fabiola Rios Martinez,2025-02-12 16:22:37,U4S-513-J.jpg
TS0-579-P,PUE,BMW 5 Series,Plateado,Activo,Carmen Garcia Olvera,2018-08-21 10:07:08,TS0-579-P.jpg
TX5-982-N,PUE,Toyota Yaris,Verde Oscuro,Activo,Sofia Huerta Guerrero,2019-04-26 05:15:51,TX5-982-N.jpg
U9U-228-P,PUE,Chevrolet Spark,Blanco,Robado,Hugo Cruz Soto,2018-09-11 22:24:48,U9U-228-P.jpg
UDH-320-S,PUE,Kia Sorento,Blanco Perlado,Remarcaje,Gabriela Castillo Trejo,2018-10-31 01:08:59,UDH-320-S.jpg
U4N-361-D,PUE,Ford Fiesta,Negro,En Proceso Legal,Felipe Rosales Navarro,2022-03-09 06:39:30,U4N-361-D.jpg
U2B-543-X,PUE,Volkswagen Amarok,Gris Oscuro,Baja Definitiva,Sandra Cervantes Perez,2022-03-28 05:54:00,U2B-543-X.jpg
UA7-119-S,PUE,Ford Ranger,Gris,Activo,Luis Estrada Silva,2020-10-11 22:12:57,UA7-119-S.jpg
TVU-481-P,PUE,Toyota Yaris,Dorado,Activo,Veronica Gonzalez Avila,2023-05-25 16:41:49,TVU-481-P.jpg
TY5-010-Z,PUE,Nissan Sentra,Cafe,Baja Definitiva,Miguel Correa Perez,2025-01-31 07:47:24,TY5-010-Z.jpg
UC0-874-X,PUE,Peugeot 208,Rojo Oscuro,Activo,Julieta Garcia Dominguez,2018-07-07 10:53:22,UC0-874-X.jpg
TNL-061-P,PUE,Hyundai Accent,Azul Marino,Activo,Susana Tovar Quintero,2025-03-17 13:32:27,TNL-061-P.jpg
UDK-801-N,PUE,Ford Fiesta,Rojo,Activo,Marco Nieto Silva,2019-06-28 14:56:59,UDK-801-N.jpg
UJW-213-C,PUE,Audi A4,Rojo,Activo,Lucia Tapia Villalobos,2024-07-17 01:01:41,UJW-213-C.jpg
UC1-904-U,PUE,Honda Accord,Vino,Baja Temporal,Elizabeth Avila Esquivel,2023-09-10 01:29:22,UC1-904-U.jpg
TUH-963-N,PUE,Peugeot 3008,Azul Marino,En Proceso Legal,Lorena Perez Valdez,2024-01-14 17:58:59,TUH-963-N.jpg
U59-214-P,PUE,BMW X5,Naranja,En Proceso Legal,Claudia Zamora Solano,2024-03-22 01:00:44,U59-214-P.jpg
UB3-644-A,PUE,Mercedes-Benz GLA,Dorado,Remarcaje,David Moya Ruiz,2022-10-16 16:37:33,UB3-644-A.jpg
TRV-177-K,PUE,Hyundai Elantra,Amarillo,En Proceso Legal,Alejandra Quiroz Olvera,2021-06-27 22:05:52,TRV-177-K.jpg
TT4-918-G,PUE,Fiat 500,Verde Oscuro,Activo,Regina Cabrera Rosales,2019-09-05 20:52:14,TT4-918-G.jpg
TVX-997-X,PUE,Hyundai Elantra,Blanco Perlado,Activo,Arturo Serrano Perez,2018-04-22 06:24:23,TVX-997-X.jpg
TST-219-L,PUE,Renault Duster,Verde Oscuro,Remarcaje,Raul Martinez Jimenez,2025-03-24 23:50:50,TST-219-L.jpg
UHZ-728-V,PUE,Mercedes-Benz GLA,Gris Oscuro,En Proceso Legal,Oscar Peña Tapia,2024-12-16 18:12:43,UHZ-728-V.jpg
U88-962-Z,PUE,Volkswagen Golf,Dorado,Robado,Lucia Nieto Reyes,2024-11-17 04:46:46,U88-962-Z.jpg
UG0-308-L,PUE,Toyota Yaris,Gris,Activo,Leticia Rios Perez,2024-11-24 23:41:34,UG0-308-L.jpg
U15-459-E,PUE,Chevrolet Cruze,Verde Oscuro,Activo,Liliana Tapia Pacheco,2017-02-16 23:12:55,U15-459-E.jpg
U66-532-A,PUE,Fiat Toro,Gris,Recuperado,Estela Bravo Izquierdo,2025-01-11 07:29:56,U66-532-A.jpg
TYJ-640-V,PUE,Kia Sorento,Azul,Recuperado,Arturo Carrillo Delgado,2021-03-16 04:15:15,TYJ-640-V.jpg
UEX-167-T,PUE,Hyundai Elantra,Naranja,Remarcaje,Lorena Torres Ramirez,2021-05-25 00:09:54,UEX-167-T.jpg
TZJ-987-B,PUE,Hyundai Santa Fe,Dorado,Recuperado,Hugo Nieto Cabrera,2017-10-21 20:46:10,TZJ-987-B.jpg
TSD-458-U,PUE,Volkswagen Golf,Rojo Oscuro,Activo,Diego Montoya Pacheco,2018-11-26 02:17:38,TSD-458-U.jpg
U6P-284-K,PUE,Fiat Toro,Blanco,Activo,Angela Beltran Salazar,2022-03-27 22:17:46,U6P-284-K.jpg
TRZ-922-V,PUE,Renault Kwid,Amarillo,Activo,Sofia Gutierrez Aguilar,2021-08-27 06:57:32,TRZ-922-V.jpg
UFM-802-E,PUE,Renault Duster,Dorado,Activo,Estela Luna Alvarez,2020-02-22 01:29:32,UFM-802-E.jpg
U96-169-A,PUE,Kia Rio,Amarillo,Irregular,Sandra Navarro Juarez,2019-08-21 16:44:31,U96-169-A.jpg
UG0-133-Z,PUE,Fiat 500,Amarillo,Baja Definitiva,Rebeca Morales Villalobos,2018-10-09 04:47:56,UG0-133-Z.jpg
TZ1-199-A,PUE,Mercedes-Benz A-Class,Morado,Robado,Regina Arellano Izquierdo,2022-02-12 06:36:19,TZ1-199-A.jpg
UAH-689-D,PUE,BMW 5 Series,Verde,Importacion Temporal,Luis Avila Zarate,2019-10-21 14:04:45,UAH-689-D.jpg
TTA-585-D,PUE,Volkswagen Vento,Azul,Baja Definitiva,Ignacio Cabrera Sepulveda,2017-09-30 06:55:43,TTA-585-D.jpg
UEG-048-T,PUE,Mazda 3,Negro,Activo,Veronica Villegas Dominguez,2023-02-02 09:24:43,UEG-048-T.jpg
TUA-996-F,PUE,Nissan Sentra,Rojo Oscuro,Activo,Leticia Navarro Urbina,2020-09-25 00:53:41,TUA-996-F.jpg
UFG-686-V,PUE,Ford Fusion,Beige,Baja Temporal,David Urbina Gutierrez,2025-02-06 13:07:16,UFG-686-V.jpg
U77-427-V,PUE,Nissan March,Morado,Activo,Salvador Juarez Gutierrez,2017-01-18 10:18:33,U77-427-V.jpg
TRR-347-D,PUE,Peugeot 3008,Naranja,Homologacion,Guillermo Fuentes Garcia,2021-06-10 15:24:35,TRR-347-D.jpg
TX8-411-C,PUE,Nissan NP300,Gris Oscuro,Cancelado,Elsa Izquierdo Montes,2020-02-12 03:41:02,TX8-411-C.jpg
UC5-509-J,PUE,BMW 3 Series,Naranja,Remarcaje,Maria Reyes Del Valle,2022-09-11 08:56:03,UC5-509-J.jpg
U8S-070-X,PUE,Kia Rio,Azul Marino,Activo,Roberto Arroyo Quintero,2025-01-27 11:40:33,U8S-070-X.jpg
TRW-297-P,PUE,Audi A4,Verde,Cancelado,Juan Montes Luna,2019-11-03 04:16:47,TRW-297-P.jpg
UH1-494-U,PUE,Jeep Wrangler,Rojo,Reposicion,Marcos Leal Cabrera,2020-04-09 16:31:19,UH1-494-U.jpg
TPP-489-Z,PUE,Mazda CX-5,Plateado,Baja Temporal,Julieta Villalobos Medina,2021-07-27 23:53:44,TPP-489-Z.jpg
TP9-215-L,PUE,BMW 5 Series,Naranja,Baja Temporal,Renata Fernandez Barajas,2021-03-03 23:39:11,TP9-215-L.jpg
TY8-057-D,PUE,Volkswagen Vento,Gris Oscuro,Irregular,Maria Avila Pineda,2023-11-03 20:36:28,TY8-057-D.jpg
U4R-124-N,PUE,Audi A4,Rojo,Activo,Alejandro Vargas Ortega,2025-11-28 12:18:08,U4R-124-N.jpg
UFV-952-F,PUE,Renault Sandero,Verde Oscuro,Baja Definitiva,Camila Medina Plascencia,2021-09-05 18:55:40,UFV-952-F.jpg
UEL-948-S,PUE,Jeep Wrangler,Gris Oscuro,Activo,Guillermo Martinez Rosales,2021-10-18 12:37:19,UEL-948-S.jpg
U5Z-597-V,PUE,Volkswagen Golf,Morado,Importacion Definitiva,Gabriela Valencia Acosta,2020-06-07 23:22:09,U5Z-597-V.jpg
UJ5-881-K,PUE,Chevrolet Cruze,Negro,En Proceso Legal,Jorge Mora Mejia,2017-11-01 18:58:40,UJ5-881-K.jpg
U97-353-B,PUE,Kia Forte,Morado,Homologacion,Estela Olvera Urbina,2022-11-29 07:30:45,U97-353-B.jpg
TR7-103-M,PUE,Ford Fusion,Verde Oscuro,Recuperado,Ruben Cabrera Barajas,2019-11-11 13:28:43,TR7-103-M.jpg
TY8-435-P,PUE,Jeep Wrangler,Gris,Cancelado,Regina Ramirez Montoya,2024-10-09 04:20:41,TY8-435-P.jpg
TUP-531-X,PUE,Peugeot 308,Verde,Homologacion,Cristian Espinoza Fuentes,2021-10-17 16:20:08,TUP-531-X.jpg
TPL-391-P,PUE,Toyota Corolla,Azul Marino,Homologacion,Adolfo Velazquez Montes,2024-02-29 21:07:30,TPL-391-P.jpg
TR7-157-B,PUE,Mercedes-Benz A-Class,Azul,Baja Temporal,Elias Guerrero Barajas,2020-06-29 13:44:42,TR7-157-B.jpg
TZ4-891-D,PUE,Jeep Compass,Naranja,Irregular,Salvador Navarro Correa,2021-08-24 20:51:59,TZ4-891-D.jpg
TXR-952-Z,PUE,Honda Accord,Cafe,En Proceso Legal,Patricia De La Cruz Serrano,2021-12-17 03:43:43,TXR-952-Z.jpg
UBC-920-Y,PUE,Fiat Argo,Gris,Robado,Rebeca Solano Torres,2020-04-18 11:57:39,UBC-920-Y.jpg
TT4-615-R,PUE,Peugeot 5008,Verde,Reposicion,Oscar Serrano Castillo,2021-10-20 12:29:07,TT4-615-R.jpg
TUX-531-J,PUE,Nissan Versa,Verde Oscuro,Importacion Definitiva,Camila Romero Trejo,2021-11-07 17:08:06,TUX-531-J.jpg
TT7-501-B,PUE,BMW 5 Series,Negro,Baja Temporal,Marisol Cervantes Pacheco,2019-10-02 22:07:49,TT7-501-B.jpg
U72-044-R,PUE,Volkswagen Vento,Azul Marino,Baja Temporal,Renata Esquivel Jimenez,2024-03-09 15:07:32,U72-044-R.jpg
TPR-276-Z,PUE,BMW 3 Series,Beige,Activo,Claudia Escobar Palacios,2019-12-11 06:50:38,TPR-276-Z.jpg
U3V-832-V,PUE,Kia Rio,Gris Oscuro,Cancelado,Francisco Gallegos Solano,2019-05-16 21:06:26,U3V-832-V.jpg
U6N-627-B,PUE,Mazda CX-5,Amarillo,Activo,Adriana Suarez Dominguez,2018-04-29 03:16:05,U6N-627-B.jpg
UGL-836-T,PUE,Chevrolet Beat,Naranja,Cancelado,Marcos Zarate Leal,2026-02-10 22:30:45,UGL-836-T.jpg
U1L-971-T,PUE,Peugeot 308,Naranja,En Proceso Legal,Mauricio Lopez Trejo,2026-02-23 16:45:29,U1L-971-T.jpg
U48-545-F,PUE,Chevrolet Beat,Blanco,Remarcaje,Martha Salazar Martinez,2019-04-01 06:09:27,U48-545-F.jpg
UEN-104-X,PUE,Fiat Toro,Negro,Remarcaje,Roberto Aguilar Sepulveda,2024-06-04 11:29:42,UEN-104-X.jpg
U10-506-H,PUE,Mercedes-Benz GLC,Naranja,Recuperado,Cristian Maldonado Villanueva,2024-08-10 16:00:38,U10-506-H.jpg
UBH-519-S,PUE,BMW 3 Series,Blanco Perlado,Activo,Adriana Ramos Velazquez,2020-02-05 01:01:39,UBH-519-S.jpg
UFJ-466-P,PUE,Nissan NP300,Blanco,Robado,Camila Avila Ramos,2026-04-22 08:53:16,UFJ-466-P.jpg
U8Z-321-W,PUE,Hyundai Santa Fe,Blanco Perlado,Activo,German Castillo Villegas,2022-01-17 13:39:31,U8Z-321-W.jpg
TPP-362-G,PUE,Jeep Compass,Negro,Importacion Temporal,Angela Villanueva Luna,2017-08-26 13:01:14,TPP-362-G.jpg
U5U-692-D,PUE,BMW X3,Amarillo,Recuperado,Paola Carrillo Nieto,2024-06-24 13:49:17,U5U-692-D.jpg
U73-958-Y,PUE,BMW X3,Negro,Activo,Raul Campos Barajas,2023-11-15 22:20:48,U73-958-Y.jpg
UG5-763-Y,PUE,Jeep Compass,Rojo,Cancelado,Andres Izquierdo Cordero,2023-02-24 00:29:20,UG5-763-Y.jpg
U6Y-373-P,PUE,Toyota Prius,Rojo,Activo,Javier Villalobos Morales,2026-04-03 14:13:25,U6Y-373-P.jpg
TU6-381-E,PUE,Volkswagen Jetta,Azul,Reposicion,Arturo Vazquez Diaz,2023-04-19 23:27:09,TU6-381-E.jpg
TTJ-564-D,PUE,Mazda 3,Dorado,Robado,Carmen Estrada Barajas,2022-04-02 04:26:52,TTJ-564-D.jpg
UFW-673-R,PUE,Kia Sorento,Amarillo,Importacion Definitiva,Angela Sepulveda Quiroz,2024-06-02 02:59:04,UFW-673-R.jpg
U02-929-K,PUE,Mercedes-Benz C-Class,Dorado,Activo,Elsa Camacho Ortega,2023-04-27 16:46:12,U02-929-K.jpg
UJE-277-F,PUE,Peugeot 308,Amarillo,Reposicion,Ruben De La Cruz Alvarez,2023-11-02 22:48:02,UJE-277-F.jpg
U0H-647-X,PUE,Renault Logan,Naranja,Activo,Leticia Del Valle Rosales,2020-07-21 19:01:52,U0H-647-X.jpg
UEY-479-E,PUE,Mercedes-Benz GLC,Morado,Baja Temporal,Marco Juarez Guerrero,2026-04-08 07:45:40,UEY-479-E.jpg
TYC-052-D,PUE,Honda Accord,Vino,Importacion Temporal,Armando Zamora Zarate,2019-05-22 01:21:40,TYC-052-D.jpg
UDN-241-S,PUE,Peugeot 208,Verde,Importacion Definitiva,Lucia Figueroa Cordero,2023-07-21 21:38:33,UDN-241-S.jpg
U24-162-V,PUE,Chevrolet Beat,Verde Oscuro,Robado,Diego Diaz Silva,2024-07-12 08:14:42,U24-162-V.jpg
UA3-282-A,PUE,Kia Rio,Blanco Perlado,Activo,Marisol Peña Contreras,2022-08-20 23:27:28,UA3-282-A.jpg
TZW-935-P,PUE,Jeep Wrangler,Plateado,Activo,Sebastian Espinoza Escobar,2024-05-08 07:55:39,TZW-935-P.jpg
TZW-719-P,PUE,Mercedes-Benz C-Class,Naranja,Importacion Definitiva,Estela Beltran Cordero,2023-10-09 13:51:31,TZW-719-P.jpg
U6L-530-N,PUE,Jeep Compass,Plateado,Activo,Pedro Avila Bravo,2019-04-07 02:16:28,U6L-530-N.jpg
UG7-402-U,PUE,Renault Sandero,Dorado,Importacion Temporal,Armando Hernandez Ortega,2021-07-23 05:07:35,UG7-402-U.jpg
UAJ-243-A,PUE,Peugeot 5008,Rojo,Activo,Marco Vazquez Trejo,2024-10-06 02:45:27,UAJ-243-A.jpg
U4T-104-M,PUE,Honda CR-V,Negro,Cancelado,Juan Gutierrez Arellano,2024-02-13 02:56:10,U4T-104-M.jpg
UJH-698-C,PUE,Hyundai Accent,Blanco Perlado,Robado,Hector Castro Gonzalez,2020-11-11 07:14:57,UJH-698-C.jpg
UDM-466-T,PUE,Hyundai Accent,Azul Marino,Activo,Ana Olvera Sanchez,2019-09-01 17:50:26,UDM-466-T.jpg
U85-453-C,PUE,Peugeot 5008,Verde Oscuro,En Proceso Legal,Sandra Camacho Moya,2021-11-30 06:16:26,U85-453-C.jpg
UBV-955-G,PUE,Kia Sorento,Gris,Irregular,Alicia Castillo Carrillo,2025-09-28 21:15:10,UBV-955-G.jpg
UFS-708-J,PUE,Renault Logan,Gris,Reposicion,Rosa Montoya De La Cruz,2018-01-16 16:33:18,UFS-708-J.jpg
TZP-416-J,PUE,Kia Forte,Verde Oscuro,Activo,Gabriela Maldonado Medina,2022-02-08 12:55:36,TZP-416-J.jpg
TTJ-645-Y,PUE,Hyundai Santa Fe,Vino,Activo,Elsa Vargas Villanueva,2020-04-10 14:41:51,TTJ-645-Y.jpg
U6X-491-Y,PUE,Kia Forte,Blanco,Reposicion,Manuel Navarro Figueroa,2021-07-05 05:01:38,U6X-491-Y.jpg
U4D-450-G,PUE,Hyundai Tucson,Blanco,Activo,Hector Mejia Mejia,2020-06-06 10:32:16,U4D-450-G.jpg
UAE-416-V,PUE,BMW 3 Series,Negro,Irregular,Camila Leal Portillo,2020-12-11 02:28:55,UAE-416-V.jpg
TUX-025-N,PUE,Nissan Versa,Amarillo,En Proceso Legal,Regina Ruiz Guerrero,2023-02-25 23:39:32,TUX-025-N.jpg
UBC-463-K,PUE,Fiat 500,Rojo,En Proceso Legal,Regina Montoya Quiroz,2022-10-11 15:13:41,UBC-463-K.jpg
UBD-444-K,PUE,Renault Duster,Dorado,Remarcaje,Alberto Portillo Villegas,2024-02-19 13:09:37,UBD-444-K.jpg
TXV-016-Y,PUE,Mercedes-Benz C-Class,Rojo Oscuro,En Proceso Legal,Regina Rosales Huerta,2022-11-25 11:33:01,TXV-016-Y.jpg
UFP-994-Z,PUE,Toyota Corolla,Gris Oscuro,Recuperado,Daniela Medina Diaz,2020-12-31 19:40:54,UFP-994-Z.jpg
TT8-673-R,PUE,Audi A3,Plateado,Activo,Alejandra Romero Martinez,2020-08-16 03:09:13,TT8-673-R.jpg
TSN-236-A,PUE,Mazda MX-5,Gris,Activo,Leticia Acosta Velazquez,2017-06-19 20:56:00,TSN-236-A.jpg
UFJ-326-G,PUE,Chevrolet Cruze,Naranja,Robado,Miguel Diaz Gutierrez,2023-02-06 03:44:23,UFJ-326-G.jpg
UHH-220-T,PUE,Renault Logan,Azul Marino,Homologacion,Sandra Perez Nieto,2017-05-03 17:32:21,UHH-220-T.jpg
U97-186-S,PUE,Chevrolet Aveo,Naranja,Importacion Definitiva,Mauricio Barajas Del Valle,2023-10-09 22:44:16,U97-186-S.jpg
UJR-898-A,PUE,Renault Logan,Naranja,Recuperado,Cristian Cabrera Peña,2020-06-27 19:08:47,UJR-898-A.jpg
UF1-296-E,PUE,BMW 5 Series,Verde Oscuro,Recuperado,David Mejia Chavez,2019-05-13 11:33:49,UF1-296-E.jpg
U20-495-U,PUE,Ford Focus,Negro,Activo,German Torres Arellano,2025-05-14 15:30:11,U20-495-U.jpg
U7D-837-M,PUE,Chevrolet Spark,Rojo,Activo,Monica Navarro Arroyo,2025-10-24 10:15:28,U7D-837-M.jpg
U2G-773-Z,PUE,Audi Q3,Negro,Importacion Temporal,Noe Tovar Alvarez,2023-06-20 07:10:15,U2G-773-Z.jpg
U4N-416-E,PUE,Nissan Versa,Morado,Recuperado,Noe Plascencia Rios,2026-04-25 22:24:01,U4N-416-E.jpg
TX0-738-E,PUE,Toyota Hilux,Cafe,Activo,Antonio Orozco Leal,2024-10-13 16:49:35,TX0-738-E.jpg
U8H-596-T,PUE,Mercedes-Benz C-Class,Gris Oscuro,Importacion Definitiva,Hector Sepulveda Luna,2025-12-08 04:58:43,U8H-596-T.jpg
TNT-440-W,PUE,Jeep Wrangler,Azul Marino,Cancelado,Rocio Arroyo Villegas,2020-02-15 22:53:53,TNT-440-W.jpg
UH0-827-D,PUE,Jeep Compass,Gris,Activo,Miguel Plascencia Navarro,2025-04-25 17:08:19,UH0-827-D.jpg
U8Y-493-D,PUE,Mazda CX-5,Cafe,Recuperado,Silvia Torres Arroyo,2019-05-28 08:45:25,U8Y-493-D.jpg
UFM-567-P,PUE,Toyota Yaris,Plateado,Cancelado,Manuel Cervantes Espinoza,2023-11-27 09:50:39,UFM-567-P.jpg
TPR-667-Z,PUE,Honda CR-V,Dorado,Remarcaje,Isabel Gutierrez Carrillo,2025-06-25 04:50:21,TPR-667-Z.jpg
TTN-275-A,PUE,Peugeot 5008,Vino,Activo,Pedro Tovar Escobar,2022-09-12 00:06:09,TTN-275-A.jpg
U1X-051-T,PUE,Mercedes-Benz GLC,Dorado,Baja Definitiva,Guadalupe Fernandez Fernandez,2021-11-07 01:06:26,U1X-051-T.jpg
TX9-216-C,PUE,Kia Rio,Morado,Irregular,Silvia Esquivel Villalobos,2024-08-15 08:14:10,TX9-216-C.jpg
UGE-387-L,PUE,Mercedes-Benz GLA,Rojo,Irregular,Mauricio Martinez Rios,2025-10-02 02:29:10,UGE-387-L.jpg
U1X-429-H,PUE,Nissan Sentra,Azul,Remarcaje,Leticia Acosta Villegas,2019-11-04 12:38:03,U1X-429-H.jpg
UHB-248-Z,PUE,Fiat Argo,Blanco Perlado,En Proceso Legal,Elsa Acosta Vargas,2024-12-17 10:40:09,UHB-248-Z.jpg
UF1-431-N,PUE,Hyundai Tucson,Gris,Reposicion,Manuel Fuentes Mora,2024-06-17 12:56:13,UF1-431-N.jpg
UMW-740-P,QRO,Kia Sportage,Azul,Cancelado,Rosa Rodriguez Arroyo,2024-12-08 20:03:27,UMW-740-P.jpg
UMR-809-P,QRO,Mercedes-Benz C-Class,Vino,Robado,Beatriz Cervantes Quiroz,2019-01-30 01:42:55,UMR-809-P.jpg
ULT-890-L,QRO,Toyota Prius,Amarillo,Importacion Definitiva,Jesus Serrano Velazquez,2022-09-12 01:17:33,ULT-890-L.jpg
UKX-382-D,QRO,Peugeot 5008,Naranja,Importacion Temporal,Noe Fuentes Rios,2024-08-20 06:29:34,UKX-382-D.jpg
UM1-984-M,QRO,Volkswagen Jetta,Blanco,Recuperado,Martha Leal Estrada,2018-04-24 21:16:04,UM1-984-M.jpg
UNJ-544-V,QRO,Mercedes-Benz GLA,Naranja,Recuperado,Camila Pineda Serrano,2024-05-19 16:55:47,UNJ-544-V.jpg
UM6-528-X,QRO,Ford Focus,Blanco Perlado,Robado,Ignacio Ortega Ramirez,2023-05-25 19:42:29,UM6-528-X.jpg
ULD-751-K,QRO,Fiat Argo,Azul,Importacion Definitiva,Antonio Rios Valencia,2023-10-30 13:40:50,ULD-751-K.jpg
ULH-062-V,QRO,Ford Fiesta,Morado,Baja Definitiva,Monica Bravo Beltran,2019-08-04 06:03:35,ULH-062-V.jpg
UPN-869-F,QRO,Mercedes-Benz GLC,Azul,Activo,Julieta Contreras Perez,2021-11-07 14:55:34,UPN-869-F.jpg
UMC-128-B,QRO,Nissan Sentra,Azul Marino,Cancelado,Guillermo Ortega Quiroz,2023-06-20 22:11:44,UMC-128-B.jpg
ULR-650-L,QRO,Peugeot 5008,Gris,En Proceso Legal,Elizabeth Castro Lopez,2025-06-15 08:27:13,ULR-650-L.jpg
UMG-010-E,QRO,Hyundai Accent,Morado,Homologacion,Lorena Guerrero Castro,2025-05-30 23:56:47,UMG-010-E.jpg
UNJ-335-A,QRO,Jeep Wrangler,Beige,Cancelado,Fernando Gallegos Arellano,2017-10-19 19:29:48,UNJ-335-A.jpg
UMZ-014-N,QRO,Mazda MX-5,Morado,Activo,Estela Camacho Perez,2017-10-11 10:39:02,UMZ-014-N.jpg
UM9-601-N,QRO,Peugeot 3008,Gris Oscuro,Activo,Ruben Castro Valdez,2026-01-08 04:04:45,UM9-601-N.jpg
ULK-251-T,QRO,Toyota Yaris,Rojo,Recuperado,Noe Serrano Zarate,2017-05-09 04:24:49,ULK-251-T.jpg
ULR-762-G,QRO,Peugeot 5008,Cafe,Importacion Temporal,Estela Sanchez Villalobos,2024-12-29 22:04:15,ULR-762-G.jpg
ULU-732-P,QRO,Jeep Renegade,Verde,Importacion Temporal,Mauricio Salazar Ortega,2022-11-07 20:28:37,ULU-732-P.jpg
UKV-282-Z,QRO,Ford Ranger,Negro,Baja Temporal,Ana Arellano Villanueva,2020-01-09 08:39:24,UKV-282-Z.jpg
UMK-308-L,QRO,Mercedes-Benz GLA,Blanco Perlado,Activo,Diego Fuentes Castro,2024-07-28 02:57:01,UMK-308-L.jpg
UMT-114-A,QRO,Hyundai Tucson,Dorado,Baja Temporal,Guadalupe Pineda Navarro,2026-04-14 07:20:05,UMT-114-A.jpg
UPB-464-S,QRO,Toyota Hilux,Dorado,Activo,Salvador Correa Jimenez,2020-08-08 20:23:12,UPB-464-S.jpg
UKG-595-S,QRO,Mercedes-Benz GLA,Rojo Oscuro,Remarcaje,Adriana Alvarez Gallegos,2018-10-11 14:33:03,UKG-595-S.jpg
UPZ-537-D,QRO,Toyota Hilux,Morado,Remarcaje,Alberto Delgado Mendoza,2026-05-23 04:26:41,UPZ-537-D.jpg
UMD-274-Y,QRO,Chevrolet Beat,Amarillo,Reposicion,Fabiola Mora Olvera,2018-09-18 15:52:36,UMD-274-Y.jpg
UP0-633-K,QRO,Peugeot 5008,Rojo,Cancelado,Elizabeth Ramirez Aguilar,2019-03-07 00:13:09,UP0-633-K.jpg
UNW-977-E,QRO,Ford Fiesta,Morado,Activo,Valeria Hernandez Sanchez,2019-04-02 06:24:27,UNW-977-E.jpg
UNX-928-A,QRO,Kia Forte,Morado,Activo,Guillermo Villanueva Escobar,2019-11-26 13:48:00,UNX-928-A.jpg
UPM-328-J,QRO,Mazda 2,Gris Oscuro,Irregular,Raul Valdez Cordero,2025-01-08 04:21:40,UPM-328-J.jpg
UMZ-231-F,QRO,Mazda MX-5,Gris,Importacion Temporal,Carmen Velazquez Rosales,2018-06-04 16:01:12,UMZ-231-F.jpg
UN0-200-C,QRO,Volkswagen Amarok,Blanco Perlado,Baja Definitiva,Camila Soto Barajas,2017-04-16 04:37:59,UN0-200-C.jpg
UPD-492-H,QRO,Volkswagen Golf,Azul,Activo,Manuel Fuentes Salazar,2023-11-19 18:01:13,UPD-492-H.jpg
UNY-260-T,QRO,Audi Q5,Gris Oscuro,Importacion Temporal,Jesus Reyes Sepulveda,2024-12-01 02:08:42,UNY-260-T.jpg
UP2-894-L,QRO,Fiat Toro,Rojo Oscuro,Importacion Temporal,Daniela Castro Luna,2018-03-29 04:42:15,UP2-894-L.jpg
UKJ-153-N,QRO,Jeep Renegade,Rojo Oscuro,Baja Definitiva,Norma Izquierdo Torres,2019-07-26 06:54:48,UKJ-153-N.jpg
UPW-828-J,QRO,Renault Kwid,Blanco,Cancelado,Lorena Villanueva Dominguez,2025-05-28 10:54:11,UPW-828-J.jpg
UNN-592-G,QRO,Mercedes-Benz GLA,Naranja,Cancelado,Antonio Mendoza Orozco,2021-01-17 02:42:38,UNN-592-G.jpg
UPP-133-X,QRO,Ford Fusion,Azul,Robado,Patricia Delgado Suarez,2018-03-22 02:43:29,UPP-133-X.jpg
UML-765-Y,QRO,Ford Fusion,Rojo,Remarcaje,Paola Villanueva Gonzalez,2018-02-26 11:47:22,UML-765-Y.jpg
UNJ-115-E,QRO,Hyundai Santa Fe,Azul Marino,En Proceso Legal,Ernesto Contreras Cruz,2024-02-26 12:19:37,UNJ-115-E.jpg
ULX-129-T,QRO,Mazda 2,Beige,Activo,Alejandra Huerta Torres,2020-02-01 12:43:54,ULX-129-T.jpg
UMM-903-Z,QRO,Jeep Renegade,Beige,Baja Temporal,Jose Contreras Luna,2025-11-16 08:28:47,UMM-903-Z.jpg
UPF-597-P,QRO,Mazda MX-5,Blanco,Irregular,Andres Del Valle Suarez,2023-07-21 23:13:21,UPF-597-P.jpg
UPK-445-L,QRO,Mazda 2,Gris Oscuro,Cancelado,Valeria Portillo Moya,2023-07-01 11:24:02,UPK-445-L.jpg
UP4-593-G,QRO,Nissan Sentra,Blanco Perlado,Activo,Armando Velazquez Huerta,2022-01-31 11:24:43,UP4-593-G.jpg
UPH-718-X,QRO,Nissan Sentra,Verde Oscuro,Activo,Marcos Valdez Villegas,2018-01-28 23:14:42,UPH-718-X.jpg
UKK-511-V,QRO,Jeep Wrangler,Negro,Remarcaje,Estela Mendoza Trejo,2020-12-20 02:45:17,UKK-511-V.jpg
UP0-719-J,QRO,Nissan March,Plateado,Cancelado,Adriana Mendoza Ortega,2023-12-10 08:00:09,UP0-719-J.jpg
UL1-298-R,QRO,Fiat Argo,Gris Oscuro,Cancelado,Armando Arellano Velazquez,2026-04-28 01:07:23,UL1-298-R.jpg
UNA-479-T,QRO,Volkswagen Vento,Naranja,Activo,Guillermo Aguilar Juarez,2018-08-17 18:48:45,UNA-479-T.jpg
UNS-250-Y,QRO,Mazda 3,Azul Marino,Recuperado,David Villegas Vargas,2019-12-13 10:12:50,UNS-250-Y.jpg
UL0-717-M,QRO,Mazda MX-5,Plateado,Baja Temporal,Alejandro Navarro Camacho,2019-02-27 21:40:43,UL0-717-M.jpg
UKF-163-M,QRO,Kia Forte,Rojo Oscuro,Baja Temporal,Manuel Perez Medina,2019-09-27 12:49:45,UKF-163-M.jpg
UKK-441-P,QRO,Jeep Grand Cherokee,Rojo,Remarcaje,Hugo Morales Sepulveda,2022-12-27 00:47:01,UKK-441-P.jpg
UL4-735-D,QRO,Jeep Compass,Amarillo,Activo,Felipe Pineda Cruz,2024-11-11 16:58:40,UL4-735-D.jpg
UMK-339-T,QRO,Honda CR-V,Amarillo,Baja Temporal,Maria Montes Rios,2025-03-19 12:35:16,UMK-339-T.jpg
UKD-504-T,QRO,Mazda CX-5,Dorado,Reposicion,Guillermo Villanueva Solano,2022-12-13 09:57:00,UKD-504-T.jpg
UKU-173-K,QRO,Ford Focus,Vino,Activo,Hugo Montoya Cruz,2017-10-06 06:43:59,UKU-173-K.jpg
UPJ-053-E,QRO,Toyota Prius,Rojo,Robado,Diego Mejia Estrada,2023-10-20 13:51:11,UPJ-053-E.jpg
ULN-088-F,QRO,Peugeot 308,Rojo,Remarcaje,Angela Cordero Montes,2018-03-30 18:30:21,ULN-088-F.jpg
UKP-625-N,QRO,Mercedes-Benz A-Class,Cafe,Cancelado,Carolina Pacheco Ramos,2024-09-26 09:33:41,UKP-625-N.jpg
UMD-775-H,QRO,Nissan NP300,Azul Marino,Importacion Definitiva,Raul Quiroz Beltran,2022-03-27 03:28:03,UMD-775-H.jpg
UMW-766-P,QRO,Audi Q5,Verde Oscuro,Activo,Monica Campos Aguilar,2021-04-30 17:36:15,UMW-766-P.jpg
UPY-591-P,QRO,Mercedes-Benz A-Class,Rojo Oscuro,Activo,Rocio Villanueva Jimenez,2021-02-17 22:15:24,UPY-591-P.jpg
UPY-832-A,QRO,Mercedes-Benz A-Class,Gris,Irregular,Elsa Hernandez Campos,2024-03-20 13:54:44,UPY-832-A.jpg
UPX-032-M,QRO,Mercedes-Benz C-Class,Rojo Oscuro,En Proceso Legal,Juan Velazquez Villalobos,2017-09-12 21:58:13,UPX-032-M.jpg
UKM-701-S,QRO,Nissan March,Vino,Homologacion,Laura Villegas Montes,2019-07-04 06:17:20,UKM-701-S.jpg
ULC-167-A,QRO,Mercedes-Benz GLA,Gris Oscuro,Activo,Estela Portillo Pacheco,2019-09-23 11:00:20,ULC-167-A.jpg
UKT-920-K,QRO,Honda Civic,Plateado,Homologacion,Laura Pacheco Leal,2022-11-01 14:20:26,UKT-920-K.jpg
UPG-560-C,QRO,Audi Q5,Gris Oscuro,En Proceso Legal,Fabiola Mendoza Luna,2020-12-26 23:23:43,UPG-560-C.jpg
UL7-253-J,QRO,Audi Q5,Vino,Recuperado,Alicia Sepulveda Medina,2019-03-03 14:25:53,UL7-253-J.jpg
ULM-422-T,QRO,Toyota Hilux,Amarillo,Irregular,Paola Olvera Hernandez,2024-12-06 14:18:21,ULM-422-T.jpg
UNY-486-B,QRO,Mazda CX-5,Azul,Importacion Temporal,Hugo Orozco Soto,2024-10-20 03:13:51,UNY-486-B.jpg
UKV-805-J,QRO,Renault Logan,Verde,Activo,Norma Vazquez De La Cruz,2022-05-15 03:06:20,UKV-805-J.jpg
UPE-917-W,QRO,Mazda 2,Beige,En Proceso Legal,Benjamin Guerrero Nieto,2025-08-19 01:59:38,UPE-917-W.jpg
UKX-296-C,QRO,Chevrolet Spark,Rojo Oscuro,Irregular,Antonio Gonzalez Palacios,2017-10-15 11:06:21,UKX-296-C.jpg
UM8-466-M,QRO,Honda CR-V,Blanco,Baja Definitiva,Diego Gallegos Sepulveda,2023-09-16 03:53:10,UM8-466-M.jpg
UMD-345-D,QRO,Mazda 2,Rojo Oscuro,Importacion Temporal,Fabiola Montes Gonzalez,2020-05-21 06:05:57,UMD-345-D.jpg
ULP-231-W,QRO,Mercedes-Benz C-Class,Rojo Oscuro,Irregular,Armando Romero Estrada,2024-12-27 19:18:11,ULP-231-W.jpg
UMK-912-A,QRO,Mazda 3,Azul Marino,Remarcaje,Javier Martinez Alvarez,2025-11-19 01:41:51,UMK-912-A.jpg
UL7-969-D,QRO,Jeep Renegade,Rojo Oscuro,Baja Definitiva,Guillermo De La Cruz Sepulveda,2023-12-12 17:38:30,UL7-969-D.jpg
UPX-340-M,QRO,Mercedes-Benz GLC,Rojo,Baja Temporal,Beatriz Herrera Luna,2020-08-31 00:15:37,UPX-340-M.jpg
UM9-511-P,QRO,Renault Duster,Blanco,Robado,Sandra Hernandez Trejo,2022-01-06 12:38:46,UM9-511-P.jpg
UPE-503-X,QRO,Nissan NP300,Blanco,Robado,Maria Montoya Acosta,2018-08-11 22:23:29,UPE-503-X.jpg
UPZ-916-V,QRO,Toyota Corolla,Azul,Importacion Definitiva,Mauricio Bravo Alvarez,2023-01-16 21:34:17,UPZ-916-V.jpg
UPT-960-K,QRO,Audi A4,Blanco,Activo,Marisol Montes Gutierrez,2019-11-22 09:52:47,UPT-960-K.jpg
UNM-858-U,QRO,Audi Q5,Vino,Activo,Antonio Plascencia Guerrero,2019-10-27 17:51:52,UNM-858-U.jpg
UPE-007-N,QRO,Volkswagen Jetta,Blanco,Reposicion,Laura Hernandez Izquierdo,2019-10-09 14:01:57,UPE-007-N.jpg
ULN-501-H,QRO,Mercedes-Benz C-Class,Vino,Activo,Armando Sanchez Tovar,2017-08-03 16:02:48,ULN-501-H.jpg
UPT-757-N,QRO,Toyota Yaris,Rojo,Homologacion,Victor Cordero Ramos,2023-12-05 06:57:18,UPT-757-N.jpg
UN3-853-H,QRO,Honda CR-V,Vino,Cancelado,Marcos Plascencia Contreras,2026-05-09 13:12:38,UN3-853-H.jpg
UNU-699-R,QRO,Renault Sandero,Azul Marino,Importacion Temporal,Guadalupe Villegas Luna,2017-09-06 18:35:31,UNU-699-R.jpg
UNS-956-Y,QRO,Chevrolet Beat,Rojo,Cancelado,Ernesto De La Cruz Cordero,2019-12-06 10:45:50,UNS-956-Y.jpg
UP8-221-X,QRO,Nissan Versa,Dorado,En Proceso Legal,Sebastian Zamora Pineda,2024-09-20 03:19:12,UP8-221-X.jpg
UM7-156-F,QRO,Kia Rio,Morado,Cancelado,Sebastian Ortega Quiroz,2019-03-15 11:56:18,UM7-156-F.jpg
UKJ-976-K,QRO,Kia Rio,Vino,Activo,Antonio Serrano Urbina,2024-04-23 07:34:33,UKJ-976-K.jpg
UPK-850-T,QRO,Nissan Versa,Beige,Recuperado,Victor Fuentes Flores,2024-08-02 12:48:51,UPK-850-T.jpg
UPF-724-L,QRO,Jeep Wrangler,Vino,Baja Temporal,Yolanda Chavez Herrera,2026-01-23 18:18:55,UPF-724-L.jpg
UNZ-176-X,QRO,Chevrolet Aveo,Morado,Importacion Definitiva,Juan Maldonado Morales,2024-03-28 16:07:04,UNZ-176-X.jpg
UPJ-919-B,QRO,Peugeot 5008,Blanco,Activo,Elizabeth Aguilar Juarez,2017-08-12 14:32:35,UPJ-919-B.jpg
UNX-358-B,QRO,Ford Focus,Morado,Remarcaje,Jesus Reyes Correa,2022-06-14 08:42:42,UNX-358-B.jpg
ULG-553-H,QRO,Mazda MX-5,Rojo Oscuro,Activo,Ana Fernandez Camacho,2021-11-03 12:11:26,ULG-553-H.jpg
ULL-838-R,QRO,Kia Sportage,Azul,Activo,Benjamin Jimenez Gonzalez,2019-08-04 14:57:24,ULL-838-R.jpg
UP9-832-G,QRO,Kia Rio,Dorado,Baja Temporal,Lucia Vargas Perez,2024-05-18 07:55:11,UP9-832-G.jpg
UP9-071-W,QRO,Nissan NP300,Verde Oscuro,Activo,Fernando Urbina Mendoza,2023-01-06 12:26:23,UP9-071-W.jpg
UNY-213-G,QRO,Jeep Renegade,Blanco Perlado,Importacion Temporal,Guadalupe Luna Ramirez,2021-05-05 17:30:14,UNY-213-G.jpg
UKL-433-Y,QRO,Audi Q3,Rojo Oscuro,Homologacion,Valeria Castro Cabrera,2023-08-26 07:23:01,UKL-433-Y.jpg
UNR-685-W,QRO,Volkswagen Golf,Plateado,Baja Temporal,Alejandro Castro Fernandez,2019-10-14 02:18:26,UNR-685-W.jpg
UPZ-119-J,QRO,Toyota Corolla,Morado,Importacion Definitiva,Noe Avila Camacho,2023-03-26 08:54:19,UPZ-119-J.jpg
ULD-822-C,QRO,Honda CR-V,Gris Oscuro,Irregular,Cristian Diaz Luna,2020-08-23 05:47:53,ULD-822-C.jpg
ULP-302-X,QRO,Ford Ranger,Verde,Baja Definitiva,Adriana Orozco Fuentes,2021-09-08 06:41:51,ULP-302-X.jpg
UMD-850-J,QRO,Ford Fusion,Blanco Perlado,Activo,Juan Plascencia Valencia,2020-05-08 17:46:41,UMD-850-J.jpg
UMN-575-G,QRO,Mazda MX-5,Cafe,Irregular,Ricardo Zarate De La Cruz,2020-06-08 13:25:18,UMN-575-G.jpg
UNL-015-X,QRO,Nissan NP300,Naranja,Baja Definitiva,Guadalupe Lopez Vargas,2021-06-02 04:46:15,UNL-015-X.jpg
UP4-051-P,QRO,Renault Logan,Azul,Activo,Felipe Cervantes Reyes,2018-08-24 02:01:35,UP4-051-P.jpg
UN8-964-P,QRO,Mercedes-Benz A-Class,Blanco Perlado,Baja Definitiva,Gabriela Urbina Jimenez,2025-07-05 05:01:24,UN8-964-P.jpg
UNL-756-T,QRO,Toyota Hilux,Vino,Robado,Renata Torres Delgado,2023-08-08 21:15:17,UNL-756-T.jpg
UN8-967-L,QRO,Peugeot 5008,Verde,Recuperado,Mauricio Cordero Sanchez,2024-09-12 23:41:47,UN8-967-L.jpg
UKB-973-G,QRO,Chevrolet Cruze,Verde,Baja Definitiva,Renata Barajas Moya,2023-09-06 12:37:22,UKB-973-G.jpg
UN7-153-Y,QRO,Honda HR-V,Morado,Activo,Elias Diaz Espinoza,2024-09-11 00:15:20,UN7-153-Y.jpg
UKW-730-G,QRO,Mercedes-Benz GLC,Amarillo,Activo,Renata Espinoza Sanchez,2023-01-15 02:02:12,UKW-730-G.jpg
UND-327-N,QRO,Chevrolet Beat,Azul,Importacion Temporal,Benjamin Morales Cordero,2021-01-15 04:24:23,UND-327-N.jpg
UMV-997-P,QRO,Mercedes-Benz GLC,Rojo Oscuro,Baja Definitiva,Regina Estrada Romero,2019-11-14 07:25:22,UMV-997-P.jpg
UPX-730-A,QRO,Renault Logan,Blanco,Activo,Victor Castillo Quiroz,2024-12-25 03:43:59,UPX-730-A.jpg
UL8-821-A,QRO,Jeep Compass,Beige,Activo,Susana Ortega Izquierdo,2019-12-31 20:53:31,UL8-821-A.jpg
UNH-765-G,QRO,Fiat Cronos,Cafe,Recuperado,Laura Del Valle Fuentes,2020-12-15 18:48:51,UNH-765-G.jpg
UMY-468-Y,QRO,Volkswagen Amarok,Blanco,Irregular,Camila Pineda Martinez,2017-04-18 12:42:16,UMY-468-Y.jpg
UNY-458-M,QRO,Nissan Sentra,Morado,Cancelado,Jose Vargas Martinez,2019-03-19 08:04:58,UNY-458-M.jpg
UPK-092-K,QRO,Jeep Compass,Azul,Recuperado,Arturo Izquierdo Ortega,2025-05-12 13:40:17,UPK-092-K.jpg
UPW-198-K,QRO,Hyundai Elantra,Dorado,Irregular,Teresa Portillo Gallegos,2018-11-16 12:09:42,UPW-198-K.jpg
UMA-874-Z,QRO,Audi A4,Blanco,Importacion Temporal,Sebastian Martinez Luna,2022-07-21 14:46:56,UMA-874-Z.jpg
UNR-958-M,QRO,Mercedes-Benz A-Class,Dorado,Importacion Temporal,Susana Correa Urbina,2017-03-22 00:28:32,UNR-958-M.jpg
UMG-235-K,QRO,Fiat Toro,Gris Oscuro,Irregular,Julieta Rivera Del Valle,2020-11-01 00:41:27,UMG-235-K.jpg
UMT-095-C,QRO,Fiat Argo,Amarillo,Activo,Pedro Suarez Cordero,2017-01-21 06:39:58,UMT-095-C.jpg
UN7-672-B,QRO,BMW X5,Cafe,Baja Definitiva,Andres Morales Quiroz,2020-01-03 23:58:52,UN7-672-B.jpg
UL7-718-H,QRO,Peugeot 5008,Gris,Activo,Andres Vargas Flores,2018-06-20 01:14:12,UL7-718-H.jpg
UPA-756-N,QRO,Volkswagen Jetta,Rojo,Baja Temporal,David Sanchez Portillo,2017-05-27 12:29:15,UPA-756-N.jpg
UPY-941-W,QRO,Jeep Wrangler,Verde Oscuro,Homologacion,Alejandra Guerrero Salazar,2021-07-19 10:55:58,UPY-941-W.jpg
UMN-426-L,QRO,Volkswagen Jetta,Blanco,Reposicion,Adriana Vargas Ramirez,2023-06-11 03:41:53,UMN-426-L.jpg
UMC-676-P,QRO,Chevrolet Beat,Amarillo,Importacion Temporal,Valeria Solano Diaz,2017-04-09 02:41:15,UMC-676-P.jpg
UMD-632-L,QRO,Volkswagen Vento,Morado,Importacion Definitiva,Andres Cruz Castillo,2020-08-21 04:44:55,UMD-632-L.jpg
UPS-934-Z,QRO,Toyota Prius,Rojo Oscuro,Recuperado,Jorge Dominguez Correa,2021-06-21 03:46:05,UPS-934-Z.jpg
UN4-176-A,QRO,Hyundai Elantra,Rojo,Robado,Miguel Del Valle Mejia,2025-09-13 11:00:20,UN4-176-A.jpg
UP4-904-S,QRO,Fiat Argo,Rojo,Cancelado,Valeria Luna Ramos,2020-11-03 18:58:05,UP4-904-S.jpg
UPR-199-U,QRO,Mercedes-Benz GLA,Azul Marino,Remarcaje,Jesus Plascencia Martinez,2018-03-01 16:55:50,UPR-199-U.jpg
UPE-003-V,QRO,Volkswagen Vento,Rojo,En Proceso Legal,Alicia Aguilar Luna,2023-10-05 18:20:59,UPE-003-V.jpg
UM9-855-X,QRO,Kia Sorento,Amarillo,En Proceso Legal,Gabriela Gonzalez Silva,2017-11-02 20:01:41,UM9-855-X.jpg
UMS-145-K,QRO,Fiat Argo,Azul Marino,Remarcaje,Isabel Sanchez Sepulveda,2023-02-13 02:19:06,UMS-145-K.jpg
UNL-432-H,QRO,Hyundai Santa Fe,Azul Marino,Robado,Adolfo Nieto Urbina,2024-04-29 07:19:04,UNL-432-H.jpg
UNL-218-F,QRO,Toyota Corolla,Blanco,Activo,Marina Juarez Espinoza,2020-06-28 20:55:25,UNL-218-F.jpg
UPU-340-U,QRO,Jeep Compass,Gris,Reposicion,Guillermo Ramos Torres,2022-10-09 12:24:44,UPU-340-U.jpg
ULT-555-P,QRO,Mercedes-Benz GLC,Rojo,Baja Temporal,Marisol Cordero Sandoval,2020-08-11 01:40:01,ULT-555-P.jpg
UPV-961-Y,QRO,BMW X3,Gris Oscuro,Homologacion,Antonio Acosta Alvarez,2021-01-29 20:32:17,UPV-961-Y.jpg
UP6-013-F,QRO,Mazda CX-5,Dorado,Homologacion,Ernesto Gallegos Moya,2017-11-30 16:25:18,UP6-013-F.jpg
UP5-628-F,QRO,BMW 3 Series,Amarillo,Activo,Oscar Trejo Romero,2020-09-01 02:24:48,UP5-628-F.jpg
UN5-023-C,QRO,Audi Q3,Naranja,Importacion Definitiva,Juan Ramirez Nieto,2017-06-01 14:25:43,UN5-023-C.jpg
UN9-363-Y,QRO,Peugeot 3008,Azul Marino,Homologacion,Cristian Morales Estrada,2019-08-12 14:57:58,UN9-363-Y.jpg
ULM-864-E,QRO,Honda Civic,Blanco,Importacion Definitiva,Elizabeth De La Cruz Aguilar,2022-04-10 04:32:50,ULM-864-E.jpg
UMB-897-C,QRO,Mercedes-Benz GLC,Rojo Oscuro,Activo,Adriana Rivera Delgado,2021-07-07 02:08:40,UMB-897-C.jpg
UPY-231-K,QRO,Fiat Cronos,Verde Oscuro,Activo,Isabel Perez Perez,2017-11-19 02:56:10,UPY-231-K.jpg
UPY-525-C,QRO,Mercedes-Benz C-Class,Amarillo,Activo,Marina Contreras Montes,2018-10-07 10:53:40,UPY-525-C.jpg
UMG-406-Z,QRO,BMW X3,Blanco,Homologacion,Alberto Gallegos Ruiz,2026-02-01 21:37:38,UMG-406-Z.jpg
UNL-769-C,QRO,Honda CR-V,Vino,Reposicion,Elsa Salazar Rios,2024-10-26 02:30:18,UNL-769-C.jpg
UPN-624-L,QRO,Hyundai Accent,Morado,Recuperado,Andres Tovar Palacios,2023-08-17 15:01:48,UPN-624-L.jpg
UL6-229-W,QRO,Peugeot 208,Plateado,Reposicion,Estela Montes Suarez,2017-01-29 03:58:51,UL6-229-W.jpg
UKP-257-D,QRO,Mazda 2,Plateado,Recuperado,Oscar Fuentes Barajas,2022-05-11 12:12:03,UKP-257-D.jpg
UND-935-J,QRO,Nissan March,Amarillo,Activo,Elias Vargas Figueroa,2026-05-03 10:27:54,UND-935-J.jpg
UN4-278-R,QRO,Ford Focus,Blanco Perlado,Activo,Felipe Silva Trejo,2022-04-16 04:48:06,UN4-278-R.jpg
UKZ-626-F,QRO,Renault Duster,Plateado,Irregular,Felipe Garcia Ortega,2024-11-03 11:50:33,UKZ-626-F.jpg
UKY-850-C,QRO,Nissan Sentra,Gris Oscuro,Irregular,Sofia Campos Huerta,2017-09-09 13:41:24,UKY-850-C.jpg
UNT-173-N,QRO,Chevrolet Beat,Azul Marino,Activo,Martha Sepulveda Villanueva,2017-10-12 11:40:52,UNT-173-N.jpg
ULK-925-R,QRO,Audi Q5,Naranja,Activo,Sebastian Romero Delgado,2017-01-05 19:37:50,ULK-925-R.jpg
UP5-309-Z,QRO,Volkswagen Golf,Morado,Activo,Raul Montoya Fuentes,2020-07-31 08:55:41,UP5-309-Z.jpg
UKG-985-K,QRO,Volkswagen Amarok,Blanco,Importacion Definitiva,Paola Fuentes Torres,2025-08-06 15:05:12,UKG-985-K.jpg
UPH-461-Y,QRO,Nissan March,Gris Oscuro,Recuperado,Pedro Contreras Rosales,2025-09-23 12:37:45,UPH-461-Y.jpg
UMU-727-A,QRO,Renault Logan,Vino,Recuperado,Antonio Orozco Camacho,2020-05-18 10:17:24,UMU-727-A.jpg
UMX-421-S,QRO,Chevrolet Beat,Beige,Baja Definitiva,Sebastian Quintero Barajas,2021-09-08 01:21:43,UMX-421-S.jpg
UP3-109-A,QRO,Toyota Corolla,Vino,Activo,Leticia Gutierrez Fuentes,2021-02-15 02:46:30,UP3-109-A.jpg
UND-573-J,QRO,Mercedes-Benz GLC,Rojo,Robado,Leticia Castillo Montes,2018-02-12 04:10:57,UND-573-J.jpg
UPK-019-E,QRO,Hyundai Accent,Naranja,Homologacion,Rocio Orozco Zarate,2018-03-03 13:59:32,UPK-019-E.jpg
UNG-076-K,QRO,Mercedes-Benz A-Class,Beige,Baja Definitiva,Yolanda Romero Pacheco,2020-11-15 02:55:08,UNG-076-K.jpg
UNB-123-M,QRO,Toyota Corolla,Verde,Activo,Ricardo Avila Salazar,2023-05-29 14:20:31,UNB-123-M.jpg
UKL-251-K,QRO,Renault Duster,Gris,Cancelado,Marcos Cordero Izquierdo,2019-05-06 02:18:41,UKL-251-K.jpg
UNE-707-E,QRO,Nissan March,Azul,Cancelado,Isabel Palacios Vargas,2017-06-03 11:39:56,UNE-707-E.jpg
UPR-735-K,QRO,Volkswagen Vento,Blanco,Activo,Luis Romero Chavez,2020-06-16 18:32:26,UPR-735-K.jpg
UMX-286-E,QRO,Toyota Hilux,Rojo,Activo,Guillermo Serrano Dominguez,2025-05-16 09:25:25,UMX-286-E.jpg
ULT-550-N,QRO,Audi Q5,Gris Oscuro,Activo,Elsa Diaz Beltran,2019-06-20 03:26:59,ULT-550-N.jpg
UMN-076-S,QRO,Hyundai Tucson,Cafe,Cancelado,Regina Ramirez Olvera,2024-12-10 18:54:07,UMN-076-S.jpg
UKZ-851-X,QRO,Volkswagen Amarok,Vino,Robado,Silvia Tovar Gallegos,2018-04-22 10:23:25,UKZ-851-X.jpg
UP2-533-Y,QRO,Mazda MX-5,Vino,Baja Definitiva,Arturo Sanchez Cordero,2017-11-01 14:14:23,UP2-533-Y.jpg
UNL-668-R,QRO,Honda Accord,Morado,Activo,Miguel Huerta Urbina,2024-01-12 01:52:17,UNL-668-R.jpg
UM7-255-M,QRO,Kia Sportage,Gris,Activo,Jesus Lopez Arellano,2020-02-05 05:23:09,UM7-255-M.jpg
ULV-928-W,QRO,Hyundai Accent,Verde Oscuro,Activo,Marisol Mendoza Herrera,2020-07-05 03:16:43,ULV-928-W.jpg
ULK-770-R,QRO,Mercedes-Benz GLC,Azul,Baja Definitiva,Fabiola Mendoza Peña,2025-04-22 05:31:45,ULK-770-R.jpg
UKP-001-X,QRO,Volkswagen Vento,Azul,Cancelado,Marco Campos Sandoval,2025-02-24 01:44:48,UKP-001-X.jpg
UPR-223-K,QRO,Honda CR-V,Gris Oscuro,Recuperado,Luis Ruiz Montoya,2025-05-21 00:13:37,UPR-223-K.jpg
UMS-093-J,QRO,Hyundai Santa Fe,Verde,Homologacion,Rocio Gallegos Garcia,2017-11-24 09:03:55,UMS-093-J.jpg
UKY-497-A,QRO,Nissan Sentra,Verde,Activo,Hugo Mora Avila,2023-09-19 13:10:51,UKY-497-A.jpg
UMR-258-B,QRO,Honda HR-V,Gris,Irregular,Ernesto Ramirez Alvarez,2018-08-05 12:29:56,UMR-258-B.jpg
ULJ-252-Y,QRO,Peugeot 5008,Morado,Activo,Hugo Alvarez Mejia,2023-10-03 13:30:39,ULJ-252-Y.jpg
UN1-709-U,QRO,Honda Accord,Rojo,Activo,Benjamin Rios Campos,2017-03-18 06:57:56,UN1-709-U.jpg
UPR-029-F,QRO,Nissan March,Cafe,Cancelado,Felipe Del Valle Hernandez,2020-07-13 10:11:35,UPR-029-F.jpg
UKY-767-D,QRO,Fiat Cronos,Negro,Robado,Jesus Ramirez Morales,2022-07-25 00:28:39,UKY-767-D.jpg
UKF-607-N,QRO,Mazda CX-5,Gris Oscuro,Robado,Jesus Pacheco Fuentes,2023-04-09 20:38:01,UKF-607-N.jpg
ULN-979-C,QRO,Audi A3,Amarillo,En Proceso Legal,Beatriz Cervantes Perez,2024-03-14 21:49:45,ULN-979-C.jpg
UN7-348-T,QRO,BMW 3 Series,Plateado,Robado,Sofia Izquierdo Mendoza,2024-08-29 07:44:37,UN7-348-T.jpg
UKW-500-E,QRO,Nissan Versa,Rojo Oscuro,Recuperado,Emilio Izquierdo Gutierrez,2024-04-21 06:16:47,UKW-500-E.jpg
ULX-938-N,QRO,Nissan Sentra,Gris,Activo,Victor Espinoza Jimenez,2022-10-17 13:51:50,ULX-938-N.jpg
UNB-052-E,QRO,Mazda MX-5,Verde,Importacion Temporal,Rosa Cervantes Pineda,2024-10-29 16:11:24,UNB-052-E.jpg
UN1-543-T,QRO,Mercedes-Benz GLC,Dorado,Remarcaje,Regina Quintero Castro,2024-07-29 10:23:05,UN1-543-T.jpg
UPC-239-A,QRO,Kia Forte,Cafe,Importacion Temporal,Juan Castro Vargas,2024-12-01 03:24:11,UPC-239-A.jpg
UKF-244-K,QRO,Audi A3,Plateado,Reposicion,Rebeca Tovar Garcia,2025-05-18 19:45:19,UKF-244-K.jpg
UM0-861-F,QRO,Jeep Compass,Gris Oscuro,Homologacion,Elsa Plascencia Zamora,2019-10-08 01:58:38,UM0-861-F.jpg
UP8-652-N,QRO,Fiat Argo,Amarillo,Activo,Susana Huerta Garcia,2020-04-29 05:13:31,UP8-652-N.jpg
UNL-483-U,QRO,Hyundai Elantra,Azul,Homologacion,Javier Medina Urbina,2022-07-01 00:57:38,UNL-483-U.jpg
UPC-328-C,QRO,Chevrolet Aveo,Azul Marino,Activo,Cristian De La Cruz Gallegos,2024-08-25 21:22:20,UPC-328-C.jpg
UNX-038-X,QRO,Hyundai Santa Fe,Cafe,Activo,Rosa Figueroa Garcia,2026-05-26 22:02:32,UNX-038-X.jpg
UNB-075-N,QRO,Fiat Toro,Blanco Perlado,Cancelado,Jesus Soto Reyes,2025-06-11 08:05:15,UNB-075-N.jpg
UKF-670-V,QRO,Kia Sportage,Vino,Activo,Hugo Rodriguez Salazar,2021-05-15 23:53:19,UKF-670-V.jpg
UMU-245-K,QRO,Kia Rio,Morado,Importacion Temporal,Lucia Suarez Rosales,2021-12-14 02:56:29,UMU-245-K.jpg
UM9-704-L,QRO,BMW X3,Verde,Activo,Juan Rodriguez Contreras,2020-07-06 01:07:59,UM9-704-L.jpg
UL8-289-B,QRO,Mercedes-Benz GLC,Negro,Importacion Definitiva,Fabiola Jimenez Fernandez,2019-06-14 21:01:18,UL8-289-B.jpg
UNF-755-U,QRO,Audi A4,Verde Oscuro,Remarcaje,Teresa Campos Martinez,2024-04-05 16:20:58,UNF-755-U.jpg
UMN-456-Z,QRO,BMW X5,Plateado,En Proceso Legal,Ruben Nieto Tapia,2025-03-10 04:06:33,UMN-456-Z.jpg
UNE-298-D,QRO,Audi Q3,Blanco Perlado,Activo,Lorena Solano Lopez,2024-11-18 17:09:24,UNE-298-D.jpg
UNL-216-X,QRO,Audi A4,Verde Oscuro,Baja Temporal,Jorge Palacios Camacho,2019-11-09 02:27:53,UNL-216-X.jpg
UPN-061-N,QRO,BMW 5 Series,Vino,Baja Temporal,Ana Fuentes Silva,2019-02-18 17:56:14,UPN-061-N.jpg
UMS-596-Z,QRO,Honda Civic,Azul,Activo,Camila Vargas Navarro,2026-02-13 08:19:11,UMS-596-Z.jpg
ULG-069-V,QRO,Ford Fiesta,Verde Oscuro,Baja Temporal,Sandra Sandoval Vargas,2020-09-12 03:31:01,ULG-069-V.jpg
UM4-276-N,QRO,Peugeot 5008,Azul,Importacion Temporal,Javier Rios Reyes,2024-02-06 16:28:03,UM4-276-N.jpg
UKP-048-B,QRO,Fiat Toro,Verde Oscuro,En Proceso Legal,Carmen Quintero Trejo,2018-01-03 02:21:46,UKP-048-B.jpg
UMG-865-J,QRO,Chevrolet Cruze,Rojo Oscuro,Activo,Diego Castro Sanchez,2021-11-13 11:54:03,UMG-865-J.jpg
ULA-681-P,QRO,BMW X3,Naranja,Remarcaje,Sofia Ruiz Cruz,2022-11-18 07:09:48,ULA-681-P.jpg
UPS-275-S,QRO,Ford Fiesta,Morado,Activo,Martha Leal Esquivel,2025-03-05 04:40:21,UPS-275-S.jpg
UNS-327-D,QRO,Audi Q3,Amarillo,Importacion Definitiva,Sergio Vargas Rios,2018-02-25 04:35:05,UNS-327-D.jpg
UMX-602-C,QRO,Nissan Versa,Amarillo,Homologacion,Cristian Bravo Urbina,2018-12-17 00:35:04,UMX-602-C.jpg
UM8-262-S,QRO,BMW X3,Amarillo,Activo,Laura Juarez Fernandez,2021-10-24 17:20:45,UM8-262-S.jpg
UPH-008-D,QRO,Volkswagen Jetta,Amarillo,Reposicion,Gabriela Maldonado Arroyo,2026-05-05 21:07:32,UPH-008-D.jpg
ULA-031-A,QRO,Peugeot 208,Morado,Recuperado,Ana Fuentes Sanchez,2020-06-08 08:10:18,ULA-031-A.jpg
UNM-168-W,QRO,Kia Rio,Azul Marino,Activo,Valeria Esquivel Estrada,2025-01-24 10:53:20,UNM-168-W.jpg
UN2-284-X,QRO,Jeep Compass,Beige,En Proceso Legal,Rebeca Cervantes Hernandez,2020-01-30 14:29:10,UN2-284-X.jpg
UMD-856-E,QRO,Mercedes-Benz A-Class,Morado,Activo,Isabel Villalobos Tovar,2020-08-01 06:48:15,UMD-856-E.jpg
UPU-490-E,QRO,Fiat Toro,Plateado,Homologacion,Marina Ramirez Morales,2019-07-23 02:29:54,UPU-490-E.jpg
UPJ-988-K,QRO,Fiat 500,Gris,Baja Definitiva,Lorena Serrano Barajas,2017-09-26 14:45:19,UPJ-988-K.jpg
UKY-932-M,QRO,Chevrolet Spark,Azul,Activo,Yolanda Zarate Aguilar,2020-09-12 12:16:09,UKY-932-M.jpg
UNK-070-H,QRO,Toyota Hilux,Gris Oscuro,Activo,Ruben Zarate Tovar,2019-10-15 05:27:25,UNK-070-H.jpg
UKG-754-N,QRO,Honda Civic,Dorado,Reposicion,Benjamin Zarate Mejia,2017-09-09 10:11:40,UKG-754-N.jpg
UNN-899-B,QRO,BMW 5 Series,Rojo,Baja Definitiva,Rebeca Luna Portillo,2021-09-01 23:43:16,UNN-899-B.jpg
UMM-713-U,QRO,Toyota Corolla,Beige,Remarcaje,Alicia Montoya Juarez,2026-04-23 14:26:56,UMM-713-U.jpg
UU9-889-G,QR,Ford Ranger,Azul Marino,Baja Definitiva,Gabriela Serrano Hernandez,2021-12-12 09:23:31,UU9-889-G.jpg
UUX-940-G,QR,Nissan Versa,Verde Oscuro,Cancelado,Julieta De La Cruz Orozco,2020-08-09 10:24:43,UUX-940-G.jpg
UU2-108-J,QR,BMW 5 Series,Plateado,Activo,Hector Perez Gonzalez,2026-05-29 18:55:12,UU2-108-J.jpg
USL-920-J,QR,Renault Duster,Vino,Recuperado,Carmen Del Valle Rios,2018-02-26 23:06:16,USL-920-J.jpg
UTH-331-T,QR,BMW X5,Verde Oscuro,Irregular,Manuel Ramirez Castillo,2017-06-20 10:14:13,UTH-331-T.jpg
UTC-974-K,QR,Hyundai Elantra,Blanco Perlado,Activo,Fernando Trejo Pineda,2022-04-25 09:25:40,UTC-974-K.jpg
USF-919-J,QR,Chevrolet Cruze,Vino,Importacion Definitiva,Elias Camacho Trejo,2019-03-05 19:22:07,USF-919-J.jpg
UT8-598-F,QR,Audi Q3,Verde Oscuro,Reposicion,Armando Sandoval Figueroa,2022-06-04 12:31:14,UT8-598-F.jpg
URX-601-Y,QR,BMW 3 Series,Naranja,Activo,Gabriela Pacheco Orozco,2017-06-19 16:45:35,URX-601-Y.jpg
UT7-395-C,QR,Toyota Corolla,Rojo,En Proceso Legal,Elias Quiroz Arellano,2018-06-17 02:58:18,UT7-395-C.jpg
UTM-871-G,QR,Kia Rio,Verde,En Proceso Legal,Emilio Huerta Diaz,2021-01-27 02:25:35,UTM-871-G.jpg
UV7-050-C,QR,Jeep Wrangler,Amarillo,Importacion Temporal,Emilio Mora Maldonado,2017-11-13 14:51:34,UV7-050-C.jpg
UUM-098-Y,QR,Mazda MX-5,Azul,Cancelado,Alejandro De La Cruz Trejo,2025-12-10 09:27:10,UUM-098-Y.jpg
UUW-431-N,QR,Toyota Prius,Gris Oscuro,Irregular,Raul Villanueva Cervantes,2019-01-10 06:03:51,UUW-431-N.jpg
UUU-548-P,QR,Jeep Compass,Amarillo,Activo,Martha Ramirez Sanchez,2019-09-14 02:11:41,UUU-548-P.jpg
UUE-130-Y,QR,Renault Duster,Gris,Remarcaje,Leticia Gonzalez Pacheco,2022-11-07 13:45:12,UUE-130-Y.jpg
UU0-596-V,QR,Nissan March,Plateado,Activo,Valeria Villanueva Quintero,2020-11-21 00:58:03,UU0-596-V.jpg
UV2-074-X,QR,Toyota Prius,Negro,Homologacion,Daniela Tovar Mora,2024-05-02 19:05:18,UV2-074-X.jpg
UV1-831-V,QR,Volkswagen Jetta,Verde,Homologacion,Hugo Fernandez Cruz,2019-09-12 18:56:06,UV1-831-V.jpg
UTW-144-V,QR,Mercedes-Benz A-Class,Gris Oscuro,En Proceso Legal,Rosa Arellano Ramos,2017-09-27 04:10:32,UTW-144-V.jpg
URE-345-A,QR,Fiat Toro,Negro,Baja Definitiva,Ricardo Jimenez Arellano,2025-12-20 00:58:55,URE-345-A.jpg
USC-520-N,QR,Jeep Compass,Amarillo,Irregular,Alberto Villalobos Fernandez,2022-04-24 06:02:56,USC-520-N.jpg
US5-756-H,QR,Mazda 3,Rojo Oscuro,Robado,Cecilia Campos Valdez,2022-04-13 01:37:43,US5-756-H.jpg
UVF-260-P,QR,Hyundai Elantra,Verde Oscuro,Baja Temporal,Rebeca Velazquez Peña,2023-07-23 15:44:24,UVF-260-P.jpg
USD-983-Y,QR,Jeep Wrangler,Azul Marino,Irregular,Jorge Diaz Sanchez,2018-06-29 00:00:12,USD-983-Y.jpg
UTL-948-R,QR,Ford Focus,Amarillo,En Proceso Legal,Oscar Zamora Rodriguez,2023-09-24 05:36:14,UTL-948-R.jpg
UUF-454-D,QR,Nissan Versa,Verde Oscuro,Activo,David Arroyo Ramirez,2025-09-16 07:44:27,UUF-454-D.jpg
USX-949-A,QR,Volkswagen Amarok,Dorado,Cancelado,Elizabeth Castillo Villalobos,2022-03-25 02:46:58,USX-949-A.jpg
UUW-905-K,QR,Jeep Grand Cherokee,Azul Marino,Homologacion,Mauricio Velazquez Cabrera,2025-08-08 19:27:08,UUW-905-K.jpg
UTY-072-W,QR,Toyota Corolla,Blanco,En Proceso Legal,Marisol Beltran Escobar,2023-09-29 18:01:30,UTY-072-W.jpg
UT2-750-D,QR,Honda Civic,Dorado,Robado,Ignacio Villanueva Portillo,2024-08-15 19:04:50,UT2-750-D.jpg
UTP-091-F,QR,Ford Fusion,Cafe,Activo,Beatriz Fernandez Palacios,2021-04-30 07:00:08,UTP-091-F.jpg
US7-180-A,QR,Peugeot 308,Blanco,Activo,Victor Hernandez Campos,2019-12-16 00:26:14,US7-180-A.jpg
UV0-751-J,QR,Renault Sandero,Azul Marino,Activo,Diego Garcia Martinez,2025-02-16 17:46:39,UV0-751-J.jpg
UTJ-279-A,QR,Jeep Compass,Morado,Cancelado,Elizabeth Pacheco Rios,2022-01-17 18:01:16,UTJ-279-A.jpg
UVV-777-U,QR,Mercedes-Benz A-Class,Naranja,Reposicion,Guadalupe Pacheco Gutierrez,2023-11-04 09:14:25,UVV-777-U.jpg
USR-556-W,QR,Kia Rio,Amarillo,Cancelado,Carlos Diaz Cervantes,2024-07-26 23:26:31,USR-556-W.jpg
URX-441-K,QR,Jeep Grand Cherokee,Gris,Baja Definitiva,Marina Urbina Villegas,2020-07-25 03:19:17,URX-441-K.jpg
USZ-835-K,QR,Hyundai Tucson,Verde Oscuro,Activo,Alicia Vazquez Fuentes,2019-08-10 23:26:48,USZ-835-K.jpg
USW-265-D,QR,Kia Rio,Negro,Importacion Temporal,Juan Castro Zamora,2025-01-20 15:44:43,USW-265-D.jpg
UT2-420-W,QR,Volkswagen Jetta,Rojo,Reposicion,Noe Quiroz Delgado,2023-04-30 09:31:10,UT2-420-W.jpg
UVY-796-K,QR,Honda HR-V,Azul Marino,Cancelado,Maria Urbina Sanchez,2024-07-02 22:45:47,UVY-796-K.jpg
UV9-209-J,QR,Hyundai Tucson,Verde Oscuro,Activo,Sebastian Gutierrez Medina,2019-07-30 07:47:39,UV9-209-J.jpg
USP-378-X,QR,Toyota Corolla,Azul,Activo,Armando Lopez Carrillo,2019-08-21 01:03:51,USP-378-X.jpg
UU9-371-E,QR,Peugeot 208,Rojo,Reposicion,Teresa Villalobos Lopez,2020-10-13 14:48:29,UU9-371-E.jpg
USX-752-P,QR,Mercedes-Benz GLA,Gris Oscuro,Homologacion,Marina Gutierrez Quiroz,2017-10-11 09:34:10,USX-752-P.jpg
UUL-596-L,QR,Audi A4,Verde,Activo,Marco Bravo Diaz,2022-12-23 03:24:40,UUL-596-L.jpg
UVD-461-D,QR,Volkswagen Golf,Azul,Robado,Benjamin Mora Martinez,2017-12-31 08:23:08,UVD-461-D.jpg
UVG-941-J,QR,Ford Fiesta,Gris,Importacion Definitiva,Silvia Chavez Mejia,2018-09-18 04:29:20,UVG-941-J.jpg
US7-050-B,QR,Honda HR-V,Gris Oscuro,Importacion Definitiva,Claudia De La Cruz Maldonado,2018-12-31 11:33:07,US7-050-B.jpg
UV7-842-N,QR,Fiat Toro,Cafe,Cancelado,Alberto Morales Perez,2023-07-29 13:14:25,UV7-842-N.jpg
US8-489-A,QR,Toyota Hilux,Gris,Irregular,Isabel Garcia Bravo,2021-12-24 10:51:22,US8-489-A.jpg
URV-523-R,QR,Nissan NP300,Dorado,Robado,Victor Garcia Ramos,2018-05-06 20:00:14,URV-523-R.jpg
UVB-973-A,QR,Nissan March,Rojo,Activo,Ignacio Juarez Velazquez,2020-11-06 21:36:16,UVB-973-A.jpg
UTF-775-W,QR,Jeep Renegade,Amarillo,Importacion Definitiva,Alberto Medina Pacheco,2020-11-30 23:34:28,UTF-775-W.jpg
UVW-954-U,QR,Mazda 2,Azul,Reposicion,Sandra Maldonado Ramos,2022-03-28 21:16:04,UVW-954-U.jpg
UVY-402-R,QR,Peugeot 308,Naranja,Baja Temporal,Carmen Pineda Morales,2020-11-04 10:45:28,UVY-402-R.jpg
US1-200-K,QR,Nissan March,Blanco,Baja Definitiva,Leticia Gutierrez Estrada,2017-07-11 15:16:49,US1-200-K.jpg
UU8-579-T,QR,Nissan Versa,Gris,Recuperado,Ignacio Barajas Huerta,2018-03-17 08:43:32,UU8-579-T.jpg
UU5-998-H,QR,Fiat Toro,Azul Marino,Importacion Definitiva,Benjamin Olvera Romero,2021-08-27 14:42:22,UU5-998-H.jpg
URE-013-Z,QR,Peugeot 5008,Rojo,Activo,Fabiola Portillo Barajas,2019-08-27 05:24:12,URE-013-Z.jpg
UV6-035-K,QR,Kia Rio,Azul Marino,Baja Temporal,Juan Beltran Cordero,2025-02-05 01:44:45,UV6-035-K.jpg
USA-938-M,QR,Jeep Grand Cherokee,Beige,Recuperado,Rocio Cabrera Juarez,2025-01-31 22:53:31,USA-938-M.jpg
USY-188-C,QR,Mercedes-Benz GLC,Azul Marino,En Proceso Legal,Alejandra Barajas Solano,2020-01-14 06:45:59,USY-188-C.jpg
UV5-038-E,QR,Hyundai Elantra,Morado,Cancelado,Alberto Vargas De La Cruz,2025-10-16 05:41:55,UV5-038-E.jpg
UTT-278-P,QR,Volkswagen Golf,Plateado,Recuperado,Antonio Villalobos Diaz,2020-08-25 07:54:23,UTT-278-P.jpg
UTD-420-L,QR,Volkswagen Amarok,Cafe,Activo,Julieta Villanueva Rios,2024-02-21 18:24:08,UTD-420-L.jpg
USA-229-C,QR,Chevrolet Cruze,Cafe,Remarcaje,Carolina Portillo Maldonado,2022-09-08 12:42:33,USA-229-C.jpg
URW-664-L,QR,Kia Forte,Naranja,Activo,Marco Dominguez Cervantes,2020-08-02 23:11:42,URW-664-L.jpg
UTA-731-U,QR,Mazda CX-5,Verde Oscuro,Irregular,Salvador Fuentes Portillo,2020-05-04 12:24:31,UTA-731-U.jpg
UTU-247-S,QR,Kia Sportage,Negro,En Proceso Legal,Diego Camacho Campos,2018-07-27 01:20:42,UTU-247-S.jpg
USK-885-Y,QR,Audi Q5,Amarillo,Activo,Felipe Fernandez Serrano,2024-07-27 11:58:25,USK-885-Y.jpg
UVG-402-D,QR,Hyundai Tucson,Beige,Baja Temporal,Silvia Vazquez Plascencia,2019-11-15 16:41:39,UVG-402-D.jpg
UV0-496-J,QR,Nissan March,Azul Marino,Irregular,Marco Gallegos Barajas,2017-06-07 17:51:49,UV0-496-J.jpg
US9-168-B,QR,BMW X3,Cafe,Activo,Luis Sepulveda Gutierrez,2022-03-28 12:06:55,US9-168-B.jpg
UVY-244-A,QR,Hyundai Santa Fe,Azul,Robado,Martha Ortega Ramos,2023-02-12 08:09:59,UVY-244-A.jpg
UUG-519-D,QR,Hyundai Tucson,Vino,Baja Definitiva,Andres Solano Beltran,2019-01-06 18:58:38,UUG-519-D.jpg
UUV-299-G,QR,Mercedes-Benz A-Class,Vino,Importacion Temporal,Martha Palacios Barajas,2026-01-16 22:27:38,UUV-299-G.jpg
UVR-881-F,QR,BMW 5 Series,Vino,Importacion Temporal,Pedro Dominguez Esquivel,2017-09-05 22:20:52,UVR-881-F.jpg
UVZ-783-F,QR,Peugeot 5008,Azul,Remarcaje,Ignacio Ortega Figueroa,2018-07-15 10:09:38,UVZ-783-F.jpg
UUL-027-Y,QR,Mazda 3,Negro,Importacion Temporal,Sandra Zarate Velazquez,2022-01-25 23:58:15,UUL-027-Y.jpg
UST-306-M,QR,Jeep Wrangler,Plateado,Remarcaje,Elias Leal Orozco,2022-04-04 18:10:47,UST-306-M.jpg
UVG-004-K,QR,Audi Q5,Beige,Activo,Roberto Plascencia Solano,2018-01-12 11:52:06,UVG-004-K.jpg
UU9-512-K,QR,Kia Rio,Cafe,Remarcaje,Javier Castillo Garcia,2024-07-14 05:37:52,UU9-512-K.jpg
URY-138-J,QR,Chevrolet Aveo,Rojo,Baja Definitiva,Eduardo Tapia Castillo,2020-04-28 11:14:38,URY-138-J.jpg
UTG-112-G,QR,Ford Fiesta,Gris Oscuro,Baja Definitiva,Jesus Maldonado Silva,2017-01-17 11:45:34,UTG-112-G.jpg
UTR-797-W,QR,Nissan Versa,Vino,Cancelado,Veronica Gonzalez Villanueva,2017-08-12 17:17:32,UTR-797-W.jpg
URZ-086-M,QR,Mazda CX-5,Azul Marino,Robado,Ignacio Trejo Diaz,2021-08-08 14:55:50,URZ-086-M.jpg
UTB-931-F,QR,Mazda 2,Amarillo,Homologacion,Alejandra Mejia Tapia,2019-03-14 11:33:57,UTB-931-F.jpg
USN-570-S,QR,Nissan Versa,Gris Oscuro,Activo,Raul De La Cruz Peña,2018-09-08 17:55:13,USN-570-S.jpg
USF-681-F,QR,Ford Ranger,Verde Oscuro,Activo,Yolanda Esquivel Martinez,2018-01-09 11:18:33,USF-681-F.jpg
US6-660-P,QR,Fiat Toro,Negro,Homologacion,Camila Contreras Plascencia,2021-09-20 01:00:42,US6-660-P.jpg
UVZ-126-E,QR,Peugeot 3008,Azul Marino,Remarcaje,Alberto Espinoza Huerta,2022-04-01 08:01:16,UVZ-126-E.jpg
URV-420-C,QR,Ford Focus,Amarillo,En Proceso Legal,Isabel Juarez Contreras,2019-01-14 17:17:26,URV-420-C.jpg
URG-469-X,QR,Nissan Sentra,Morado,Irregular,Renata Quiroz Tovar,2020-05-20 22:27:49,URG-469-X.jpg
UUE-647-X,QR,Hyundai Elantra,Blanco,En Proceso Legal,Mauricio Jimenez Arellano,2023-10-30 22:28:34,UUE-647-X.jpg
USW-853-W,QR,Peugeot 208,Naranja,Activo,Rosa Hernandez Huerta,2020-01-27 18:16:28,USW-853-W.jpg
US8-850-L,QR,BMW X5,Plateado,Baja Temporal,Sergio Cabrera Sepulveda,2024-03-03 07:00:37,US8-850-L.jpg
UU5-344-B,QR,Fiat Cronos,Azul Marino,Importacion Temporal,Guillermo Serrano Rosales,2020-10-22 23:01:58,UU5-344-B.jpg
UUE-369-E,QR,Peugeot 208,Plateado,Robado,Daniela Gutierrez Suarez,2019-12-31 03:44:08,UUE-369-E.jpg
UUN-105-B,QR,Mazda 2,Naranja,Reposicion,Diego Guerrero Peña,2024-12-12 16:42:14,UUN-105-B.jpg
UUE-042-V,QR,Nissan March,Dorado,Activo,Armando Aguilar Rios,2020-05-17 09:58:37,UUE-042-V.jpg
UUC-260-F,QR,Chevrolet Spark,Azul Marino,En Proceso Legal,Armando Olvera Acosta,2025-02-26 20:40:08,UUC-260-F.jpg
UU0-936-E,QR,Renault Duster,Verde,Baja Definitiva,Mateo Perez Esquivel,2020-05-13 14:42:17,UU0-936-E.jpg
UUM-422-U,QR,Kia Sportage,Rojo Oscuro,Reposicion,Sandra Peña Flores,2021-10-18 07:29:13,UUM-422-U.jpg
URV-683-P,QR,Chevrolet Cruze,Naranja,Recuperado,Veronica Dominguez Villanueva,2023-09-22 17:27:24,URV-683-P.jpg
UV6-556-R,QR,Mercedes-Benz A-Class,Morado,Cancelado,Valeria Montes Rosales,2024-10-16 06:15:43,UV6-556-R.jpg
UTK-068-T,QR,BMW X3,Amarillo,Importacion Temporal,Ruben Vazquez Trejo,2024-01-07 09:59:08,UTK-068-T.jpg
US6-501-V,QR,Mercedes-Benz C-Class,Verde Oscuro,Irregular,Fernando Diaz Martinez,2017-02-09 20:29:31,US6-501-V.jpg
UT9-668-B,QR,Nissan Sentra,Amarillo,Importacion Temporal,Marisol Rivera Suarez,2017-07-15 00:17:02,UT9-668-B.jpg
UTU-795-A,QR,Hyundai Accent,Morado,Homologacion,Oscar Peña Contreras,2018-07-10 10:08:32,UTU-795-A.jpg
UU7-014-X,QR,Chevrolet Spark,Amarillo,Importacion Temporal,Sergio Palacios Velazquez,2020-01-16 05:36:54,UU7-014-X.jpg
URK-938-P,QR,Hyundai Accent,Plateado,Activo,Pedro Maldonado Soto,2020-10-07 11:45:50,URK-938-P.jpg
UU9-603-D,QR,Toyota Corolla,Negro,Activo,Camila Bravo Esquivel,2025-07-20 12:25:33,UU9-603-D.jpg
UVF-831-D,QR,Honda HR-V,Gris,Cancelado,Claudia Reyes Perez,2017-05-24 18:56:35,UVF-831-D.jpg
URZ-320-Y,QR,Hyundai Accent,Dorado,Baja Temporal,Hugo Ruiz Estrada,2023-08-29 19:10:00,URZ-320-Y.jpg
UV0-347-C,QR,Volkswagen Golf,Plateado,Recuperado,Elizabeth Camacho Diaz,2018-07-24 18:46:43,UV0-347-C.jpg
URE-274-R,QR,BMW X3,Amarillo,Activo,Beatriz Ortega Pacheco,2020-08-09 10:56:49,URE-274-R.jpg
US6-907-H,QR,Ford Fusion,Blanco,Activo,Monica Pacheco Sanchez,2020-07-04 01:37:59,US6-907-H.jpg
UTL-320-A,QR,Renault Kwid,Dorado,En Proceso Legal,Beatriz Izquierdo Arellano,2026-05-15 12:27:37,UTL-320-A.jpg
URW-931-V,QR,Nissan Versa,Plateado,Importacion Definitiva,Emilio Aguilar Cordero,2019-05-29 21:50:12,URW-931-V.jpg
UV1-228-L,QR,Peugeot 208,Blanco,Reposicion,Gabriela Trejo Flores,2019-07-31 21:51:34,UV1-228-L.jpg
UVG-039-W,QR,Peugeot 5008,Beige,Baja Temporal,Leticia Solano Mendoza,2019-07-21 14:45:46,UVG-039-W.jpg
URS-934-D,QR,Fiat Argo,Gris,Baja Definitiva,Fernando Ramirez Campos,2022-05-09 08:11:47,URS-934-D.jpg
UTX-607-R,QR,Peugeot 5008,Blanco,Activo,Lucia Rodriguez Arroyo,2018-04-27 22:07:47,UTX-607-R.jpg
UUD-385-L,QR,Audi A4,Beige,Activo,Rebeca Rivera Rosales,2023-07-08 21:41:54,UUD-385-L.jpg
UT2-086-G,QR,Honda Civic,Blanco,Baja Temporal,Hugo Escobar Huerta,2018-01-24 08:07:52,UT2-086-G.jpg
USU-552-C,QR,Nissan Sentra,Rojo Oscuro,Cancelado,Martha Juarez Trejo,2017-04-25 11:47:10,USU-552-C.jpg
UU9-237-K,QR,Mercedes-Benz C-Class,Amarillo,Irregular,Elsa Pacheco Huerta,2019-07-21 09:57:51,UU9-237-K.jpg
UUR-110-F,QR,Honda CR-V,Verde Oscuro,Reposicion,Julieta Medina Valdez,2023-04-27 04:01:55,UUR-110-F.jpg
UTT-899-N,QR,Nissan Versa,Rojo,Activo,Teresa Sanchez Soto,2025-08-08 08:56:24,UTT-899-N.jpg
UVP-363-V,QR,Honda HR-V,Dorado,Importacion Temporal,Veronica Medina Pineda,2017-05-01 04:35:13,UVP-363-V.jpg
UUD-707-A,QR,BMW 3 Series,Blanco Perlado,Homologacion,Alicia Leal Arellano,2021-08-30 02:49:22,UUD-707-A.jpg
UUK-584-Z,QR,Kia Forte,Rojo Oscuro,Cancelado,Regina Alvarez Salazar,2017-10-06 00:05:25,UUK-584-Z.jpg
URH-316-G,QR,Hyundai Tucson,Blanco Perlado,Baja Temporal,Cecilia Sandoval Arellano,2019-11-26 20:49:44,URH-316-G.jpg
URX-842-F,QR,Kia Forte,Morado,Importacion Definitiva,Renata Correa Sanchez,2017-05-30 22:35:52,URX-842-F.jpg
UTY-627-W,QR,Mazda MX-5,Azul,Activo,German Tovar Guerrero,2021-08-15 20:27:08,UTY-627-W.jpg
URZ-131-G,QR,Volkswagen Golf,Negro,Remarcaje,Pedro Peña Plascencia,2024-09-23 07:19:16,URZ-131-G.jpg
UVY-315-S,QR,Fiat Argo,Blanco,Robado,Teresa Palacios Solano,2017-08-21 09:32:31,UVY-315-S.jpg
USY-906-V,QR,Nissan NP300,Rojo Oscuro,Activo,Rebeca Zarate Huerta,2018-01-12 16:37:07,USY-906-V.jpg
UUE-620-H,QR,Mazda MX-5,Blanco Perlado,Importacion Temporal,Antonio Montes Villegas,2021-05-04 19:17:04,UUE-620-H.jpg
UTY-525-B,QR,Mercedes-Benz GLA,Morado,Activo,Alejandra Serrano Bravo,2023-11-06 01:04:58,UTY-525-B.jpg
UUK-248-E,QR,Chevrolet Spark,Azul,Recuperado,Elizabeth Morales Gutierrez,2024-06-14 04:09:28,UUK-248-E.jpg
UV7-279-W,QR,BMW X5,Plateado,Importacion Definitiva,Mauricio Sepulveda Delgado,2025-05-07 19:43:40,UV7-279-W.jpg
URH-230-A,QR,Audi Q5,Blanco Perlado,Activo,Liliana Guerrero Mendoza,2025-01-18 23:25:28,URH-230-A.jpg
USH-269-Z,QR,Honda CR-V,Negro,Homologacion,Salvador Garcia Villalobos,2023-11-22 09:31:07,USH-269-Z.jpg
UVN-644-Y,QR,Toyota Prius,Amarillo,Recuperado,Martha Pineda Olvera,2017-07-22 08:22:01,UVN-644-Y.jpg
USP-004-D,QR,Jeep Grand Cherokee,Rojo,Irregular,Carolina Peña Gallegos,2017-03-01 10:52:51,USP-004-D.jpg
URH-337-F,QR,Fiat Cronos,Negro,Irregular,Lorena Mendoza Camacho,2024-08-16 11:54:24,URH-337-F.jpg
UTU-715-A,QR,Ford Fiesta,Vino,Robado,Fernando Rosales Izquierdo,2018-07-04 15:00:58,UTU-715-A.jpg
UVT-046-W,QR,Jeep Grand Cherokee,Amarillo,Homologacion,Arturo Olvera Ruiz,2017-12-31 21:43:56,UVT-046-W.jpg
USJ-027-A,QR,Fiat Cronos,Amarillo,Activo,Alicia Cervantes Herrera,2018-12-26 19:47:08,USJ-027-A.jpg
UTU-965-Z,QR,Renault Duster,Negro,Recuperado,Isabel Martinez Peña,2017-10-14 05:17:53,UTU-965-Z.jpg
UU3-269-G,QR,Peugeot 308,Blanco Perlado,Homologacion,Benjamin Pineda Estrada,2018-07-27 14:23:38,UU3-269-G.jpg
UUL-960-Z,QR,Volkswagen Amarok,Blanco,Activo,Miguel Campos Soto,2017-11-08 10:48:11,UUL-960-Z.jpg
UVT-109-J,QR,Audi Q3,Rojo,Reposicion,Armando Aguilar Salazar,2025-06-03 18:32:37,UVT-109-J.jpg
USD-531-J,QR,Volkswagen Jetta,Cafe,Activo,Adolfo Valencia Escobar,2018-07-01 10:44:18,USD-531-J.jpg
UTC-594-S,QR,Kia Sportage,Azul,Robado,Carmen Valdez Villanueva,2023-06-01 21:22:43,UTC-594-S.jpg
UVT-988-R,QR,Toyota Hilux,Amarillo,Recuperado,Alberto Ramos Montes,2022-12-04 12:26:28,UVT-988-R.jpg
UTC-703-N,QR,Volkswagen Jetta,Blanco Perlado,Activo,Victor Luna Esquivel,2020-04-04 21:56:52,UTC-703-N.jpg
UU9-362-W,QR,Jeep Grand Cherokee,Verde Oscuro,Activo,Yolanda Vargas Orozco,2023-01-03 14:46:59,UU9-362-W.jpg
UTG-586-N,QR,Renault Logan,Verde Oscuro,Activo,Claudia Ramos Orozco,2023-08-23 01:49:52,UTG-586-N.jpg
USD-684-W,QR,Peugeot 308,Negro,Importacion Definitiva,Mateo Ramos Soto,2024-04-05 05:18:38,USD-684-W.jpg
UT3-617-L,QR,Volkswagen Vento,Gris,Remarcaje,Noe Fernandez Zarate,2026-04-29 09:04:42,UT3-617-L.jpg
UVY-441-L,QR,Toyota Prius,Blanco Perlado,Baja Definitiva,Susana Lopez Huerta,2023-05-26 07:44:20,UVY-441-L.jpg
USJ-642-L,QR,Jeep Wrangler,Rojo Oscuro,Cancelado,Marco Quintero Cruz,2024-08-12 11:40:24,USJ-642-L.jpg
UTK-785-W,QR,Audi Q3,Amarillo,Homologacion,Renata Chavez Rivera,2018-07-24 17:08:18,UTK-785-W.jpg
UVY-418-K,QR,Peugeot 308,Plateado,Reposicion,Armando Navarro Sandoval,2017-06-25 04:01:06,UVY-418-K.jpg
URK-712-Y,QR,Nissan Versa,Blanco Perlado,Homologacion,Guillermo Guerrero Morales,2025-09-20 03:26:28,URK-712-Y.jpg
URR-652-V,QR,Chevrolet Cruze,Naranja,Homologacion,Raul Cabrera Lopez,2024-11-12 00:00:08,URR-652-V.jpg
UTC-525-A,QR,Fiat Cronos,Naranja,Remarcaje,Alicia Sandoval Rosales,2017-02-08 12:12:21,UTC-525-A.jpg
UVC-164-X,QR,Renault Sandero,Vino,Irregular,Gabriela Valdez Del Valle,2025-12-16 01:27:18,UVC-164-X.jpg
USD-898-Y,QR,Toyota Hilux,Blanco,Irregular,Armando Trejo Nieto,2025-01-31 16:52:10,USD-898-Y.jpg
UUB-211-D,QR,Volkswagen Golf,Beige,Baja Definitiva,Felipe Castro Villegas,2024-11-07 00:17:53,UUB-211-D.jpg
UUZ-789-U,QR,Fiat Cronos,Beige,Activo,Carlos Rosales Figueroa,2024-12-26 02:21:48,UUZ-789-U.jpg
US6-394-A,QR,Honda Accord,Plateado,Importacion Temporal,Javier Correa Arellano,2022-10-27 02:28:06,US6-394-A.jpg
UTE-276-W,QR,Renault Sandero,Morado,Reposicion,Maria Olvera Beltran,2019-09-05 03:25:43,UTE-276-W.jpg
UVT-873-W,QR,Kia Forte,Azul,Activo,Lorena Garcia Montes,2020-10-10 21:27:38,UVT-873-W.jpg
USJ-479-A,QR,Audi A4,Rojo Oscuro,Homologacion,Claudia Villegas Delgado,2018-05-11 07:58:18,USJ-479-A.jpg
UTJ-785-N,QR,Hyundai Elantra,Dorado,Activo,Alicia Zarate Quintero,2021-01-26 16:34:51,UTJ-785-N.jpg
UV3-103-N,QR,Mercedes-Benz GLC,Blanco,Importacion Temporal,Norma Romero Navarro,2021-02-24 17:20:10,UV3-103-N.jpg
UVD-363-S,QR,Nissan Sentra,Morado,Cancelado,Sebastian Rodriguez Diaz,2017-01-29 19:03:31,UVD-363-S.jpg
UV6-559-T,QR,BMW 5 Series,Rojo Oscuro,Robado,Luis Alvarez Quiroz,2021-02-17 02:49:20,UV6-559-T.jpg
URS-655-M,QR,Peugeot 3008,Vino,Robado,Jesus Soto Fuentes,2017-10-20 11:03:33,URS-655-M.jpg
UVA-946-L,QR,Volkswagen Jetta,Vino,Baja Definitiva,Marina Sanchez Cordero,2025-09-16 23:50:48,UVA-946-L.jpg
USP-507-D,QR,Chevrolet Spark,Amarillo,Remarcaje,Salvador Cervantes Escobar,2022-05-07 09:51:11,USP-507-D.jpg
UTX-287-F,QR,Mercedes-Benz A-Class,Amarillo,Cancelado,Pedro Zarate Juarez,2025-01-14 03:45:49,UTX-287-F.jpg
URH-075-L,QR,Renault Logan,Morado,Activo,Pedro Del Valle Escobar,2017-11-20 14:07:48,URH-075-L.jpg
UUM-709-Z,QR,Honda CR-V,Azul Marino,Baja Definitiva,Sofia Castro Mora,2017-01-23 10:56:03,UUM-709-Z.jpg
UTH-703-D,QR,Volkswagen Golf,Gris,Activo,Juan Gutierrez Martinez,2022-11-08 08:31:38,UTH-703-D.jpg
UV0-088-K,QR,Mazda 3,Vino,Cancelado,Cecilia Olvera Palacios,2025-04-02 06:37:13,UV0-088-K.jpg
USJ-523-Y,QR,BMW X5,Gris,Robado,Diego Ramirez Maldonado,2019-01-31 23:47:52,USJ-523-Y.jpg
UV0-677-S,QR,Chevrolet Beat,Rojo,En Proceso Legal,Daniela Contreras Trejo,2023-03-26 03:46:26,UV0-677-S.jpg
UVX-204-F,QR,Jeep Wrangler,Amarillo,En Proceso Legal,Teresa Lopez Estrada,2019-04-22 23:22:05,UVX-204-F.jpg
USE-877-Z,QR,Fiat Argo,Blanco Perlado,Robado,Ricardo Fuentes Aguilar,2021-05-01 19:37:46,USE-877-Z.jpg
UTF-159-X,QR,Audi A3,Vino,Baja Temporal,German Reyes Plascencia,2021-05-22 00:51:51,UTF-159-X.jpg
UVB-655-D,QR,Jeep Renegade,Morado,Reposicion,Leticia Chavez Jimenez,2026-05-09 11:35:12,UVB-655-D.jpg
US3-022-P,QR,Mazda MX-5,Rojo Oscuro,Activo,Beatriz Gonzalez Valencia,2021-06-19 23:55:31,US3-022-P.jpg
UVB-457-V,QR,Jeep Wrangler,Morado,Remarcaje,Sandra Rosales De La Cruz,2020-12-30 21:05:43,UVB-457-V.jpg
UUL-319-W,QR,Mazda 3,Dorado,En Proceso Legal,Renata Cruz Ruiz,2017-07-18 18:16:25,UUL-319-W.jpg
URK-860-W,QR,Hyundai Santa Fe,Vino,Activo,Carmen Maldonado Aguilar,2021-12-16 03:00:59,URK-860-W.jpg
US3-763-W,QR,Ford Fusion,Dorado,Irregular,Ana Beltran Contreras,2022-08-07 14:23:20,US3-763-W.jpg
URA-538-N,QR,Volkswagen Golf,Azul Marino,Remarcaje,Estela Rios Solano,2023-07-25 10:40:58,URA-538-N.jpg
UV9-806-S,QR,Fiat Argo,Plateado,Recuperado,Marcos Escobar Carrillo,2019-02-17 11:16:28,UV9-806-S.jpg
USA-957-L,QR,Hyundai Tucson,Azul,Irregular,David Esquivel Campos,2019-07-10 18:21:51,USA-957-L.jpg
UUT-325-F,QR,Fiat Argo,Beige,Activo,Gabriela Navarro Pineda,2026-03-08 12:23:36,UUT-325-F.jpg
UUW-447-E,QR,Honda CR-V,Rojo Oscuro,Importacion Definitiva,Marisol Huerta Gutierrez,2023-10-08 02:35:52,UUW-447-E.jpg
US8-415-C,QR,Kia Forte,Naranja,Importacion Definitiva,Victor Avila Valencia,2020-09-28 16:01:44,US8-415-C.jpg
USN-832-W,QR,Kia Rio,Morado,Irregular,Rebeca Leal Arroyo,2022-08-02 15:53:51,USN-832-W.jpg
UVZ-128-J,QR,Jeep Grand Cherokee,Blanco,Reposicion,Claudia Correa Rodriguez,2020-11-29 18:38:12,UVZ-128-J.jpg
UV0-772-M,QR,Ford Fusion,Rojo,Activo,Regina Mendoza Portillo,2021-03-25 03:10:30,UV0-772-M.jpg
UUF-826-B,QR,BMW X3,Gris,Activo,Armando Guerrero Quintero,2023-12-04 02:14:43,UUF-826-B.jpg
URY-802-E,QR,Jeep Compass,Gris Oscuro,Activo,Cristian Beltran Avila,2024-03-26 23:28:02,URY-802-E.jpg
USM-565-Y,QR,Chevrolet Beat,Morado,Recuperado,Daniel Vargas Villegas,2024-03-07 07:36:09,USM-565-Y.jpg
UU3-157-S,QR,Nissan March,Gris,Homologacion,Ruben Bravo Mendoza,2022-11-22 20:59:54,UU3-157-S.jpg
URN-515-S,QR,Audi Q3,Negro,Importacion Temporal,Martha Herrera Espinoza,2024-01-14 12:07:27,URN-515-S.jpg
UTK-737-D,QR,Ford Focus,Verde Oscuro,Remarcaje,Sergio Rosales Portillo,2021-05-02 16:22:35,UTK-737-D.jpg
USS-062-Y,QR,Chevrolet Spark,Azul Marino,Baja Temporal,Carmen Diaz Palacios,2018-10-08 22:21:38,USS-062-Y.jpg
URX-379-V,QR,Honda HR-V,Dorado,Activo,Miguel Villalobos Huerta,2021-10-22 12:02:55,URX-379-V.jpg
URP-807-D,QR,Chevrolet Aveo,Blanco,Irregular,Hector Dominguez Vargas,2019-02-16 00:42:45,URP-807-D.jpg
UU8-518-K,QR,Mercedes-Benz C-Class,Vino,Reposicion,Beatriz Juarez Trejo,2017-06-02 04:55:50,UU8-518-K.jpg
UT1-378-X,QR,Toyota Prius,Morado,Importacion Definitiva,Monica Navarro Montoya,2023-04-30 09:17:24,UT1-378-X.jpg
UTY-643-R,QR,Jeep Renegade,Negro,Remarcaje,Roberto Guerrero Barajas,2019-12-20 17:18:41,UTY-643-R.jpg
US7-030-L,QR,Toyota Corolla,Verde,Recuperado,Ricardo Morales Martinez,2022-03-02 20:20:19,US7-030-L.jpg
UTW-744-G,QR,Honda Accord,Morado,Activo,Renata Campos Nieto,2026-05-18 23:03:56,UTW-744-G.jpg
USC-290-Y,QR,Volkswagen Amarok,Verde,Robado,Elizabeth Sepulveda Rosales,2018-07-15 19:38:02,USC-290-Y.jpg
USD-085-L,QR,Peugeot 308,Rojo,Baja Definitiva,Estela Estrada Mejia,2024-05-15 18:41:26,USD-085-L.jpg
UTE-328-P,QR,Nissan Sentra,Amarillo,Cancelado,Carolina Medina Rodriguez,2019-06-03 15:19:11,UTE-328-P.jpg
UTH-775-K,QR,Honda HR-V,Dorado,Remarcaje,Javier Diaz Bravo,2017-06-10 06:24:49,UTH-775-K.jpg
UVD-628-P,QR,Mazda 2,Gris Oscuro,Remarcaje,Lorena Torres Gutierrez,2023-10-22 13:26:04,UVD-628-P.jpg
US9-064-A,QR,Chevrolet Beat,Negro,Activo,Jorge Perez Zarate,2021-03-01 03:25:16,US9-064-A.jpg
UVF-136-M,QR,Ford Fiesta,Gris,Baja Definitiva,Hugo Herrera Aguilar,2024-06-15 20:42:59,UVF-136-M.jpg
UVD-777-S,QR,Mazda 3,Rojo,Robado,German Reyes Plascencia,2018-06-02 18:15:34,UVD-777-S.jpg
UVT-861-C,QR,Nissan March,Beige,Irregular,Marisol Camacho Lopez,2023-05-13 06:19:07,UVT-861-C.jpg
UTM-203-Y,QR,Peugeot 5008,Rojo Oscuro,Recuperado,Pedro Rosales Fernandez,2021-08-20 12:01:23,UTM-203-Y.jpg
USJ-578-M,QR,Renault Kwid,Beige,Reposicion,Adriana Beltran Flores,2022-04-24 07:06:51,USJ-578-M.jpg
UUL-209-A,QR,Jeep Compass,Cafe,Activo,Valeria Cruz Ortega,2025-07-31 19:25:57,UUL-209-A.jpg
UUR-178-D,QR,Toyota Prius,Negro,Irregular,Carolina Valdez Castillo,2022-06-27 18:39:37,UUR-178-D.jpg
UVL-924-T,QR,Peugeot 308,Morado,Homologacion,German Sandoval Avila,2019-12-05 07:52:24,UVL-924-T.jpg
URA-101-Y,QR,Chevrolet Cruze,Dorado,Baja Temporal,Salvador Ramos Cervantes,2022-02-17 00:23:01,URA-101-Y.jpg
URP-323-A,QR,Kia Rio,Azul,Activo,Leticia Navarro Soto,2017-09-26 03:54:10,URP-323-A.jpg
US6-893-F,QR,Renault Logan,Gris Oscuro,Activo,Patricia Trejo Cervantes,2018-01-10 11:23:45,US6-893-F.jpg
UT4-817-L,QR,Audi Q5,Gris,Remarcaje,Alicia Arellano Aguilar,2022-11-04 18:46:07,UT4-817-L.jpg
UVD-537-A,QR,Renault Sandero,Blanco,Importacion Temporal,Leticia Hernandez Rios,2019-07-16 03:39:37,UVD-537-A.jpg
UUF-009-R,QR,Jeep Renegade,Rojo Oscuro,Activo,Leticia Navarro Mora,2021-05-12 17:23:04,UUF-009-R.jpg
UUC-258-K,QR,Nissan Sentra,Rojo Oscuro,Baja Temporal,Guillermo Beltran Montes,2019-05-18 07:45:25,UUC-258-K.jpg
UV1-391-K,QR,Fiat Argo,Azul,Baja Definitiva,Liliana Villegas Dominguez,2021-07-13 08:49:54,UV1-391-K.jpg
UUX-125-R,QR,Hyundai Elantra,Verde,Homologacion,Jose Sanchez Gonzalez,2025-05-09 23:53:25,UUX-125-R.jpg
US5-836-Z,QR,Fiat 500,Verde Oscuro,Homologacion,Daniel Reyes Salazar,2022-02-14 18:49:32,US5-836-Z.jpg
UVJ-642-T,QR,BMW X3,Amarillo,Importacion Temporal,Maria Medina Mejia,2024-10-30 23:09:34,UVJ-642-T.jpg
V1M-337-M,SLP,Honda Accord,Morado,Robado,Julieta Aguilar Hernandez,2023-01-16 00:06:21,V1M-337-M.jpg
V3G-796-P,SLP,Nissan March,Plateado,Cancelado,Veronica Nieto Valencia,2024-07-07 08:28:18,V3G-796-P.jpg
V94-482-R,SLP,Chevrolet Beat,Vino,Homologacion,Antonio Vazquez Bravo,2022-02-21 13:51:40,V94-482-R.jpg
UXS-460-Y,SLP,Hyundai Elantra,Blanco,Reposicion,Guadalupe Cervantes Cervantes,2024-04-28 04:30:28,UXS-460-Y.jpg
V2X-106-F,SLP,Audi A4,Blanco,Importacion Definitiva,Sebastian Beltran Cruz,2023-02-24 00:37:03,V2X-106-F.jpg
UZ6-116-L,SLP,Jeep Renegade,Gris,Baja Definitiva,Lucia Orozco Torres,2025-07-12 02:40:08,UZ6-116-L.jpg
V54-736-V,SLP,Renault Logan,Negro,Activo,Gabriela Guerrero Montoya,2018-05-12 22:42:20,V54-736-V.jpg
UYA-431-H,SLP,Kia Sorento,Blanco,Remarcaje,Pedro Correa Alvarez,2024-08-08 04:18:41,UYA-431-H.jpg
V0L-699-H,SLP,Ford Ranger,Morado,Activo,Martha Dominguez Fuentes,2018-05-21 17:51:27,V0L-699-H.jpg
VD7-681-J,SLP,Mazda CX-5,Verde Oscuro,En Proceso Legal,Mauricio Diaz Escobar,2025-12-15 06:34:37,VD7-681-J.jpg
UZX-793-X,SLP,Peugeot 3008,Verde Oscuro,Recuperado,Veronica Mejia Palacios,2024-02-05 12:27:12,UZX-793-X.jpg
V5F-453-Y,SLP,Renault Kwid,Blanco Perlado,En Proceso Legal,Jorge Velazquez Solano,2021-10-03 08:37:25,V5F-453-Y.jpg
V97-422-E,SLP,Volkswagen Golf,Verde,Cancelado,Benjamin Estrada Esquivel,2022-01-30 09:34:34,V97-422-E.jpg
V5N-335-Z,SLP,Peugeot 208,Vino,Activo,Sebastian Urbina Figueroa,2022-07-12 22:47:37,V5N-335-Z.jpg
UZ1-025-V,SLP,Volkswagen Vento,Rojo Oscuro,Remarcaje,Jose Morales Flores,2017-11-18 12:28:48,UZ1-025-V.jpg
VDY-986-H,SLP,Peugeot 5008,Gris Oscuro,Recuperado,Gabriela Beltran Olvera,2025-10-23 05:19:39,VDY-986-H.jpg
V76-209-D,SLP,Audi A4,Verde,Baja Temporal,Leticia Soto Rodriguez,2019-06-14 20:16:01,V76-209-D.jpg
V4T-314-R,SLP,Mercedes-Benz GLA,Amarillo,Homologacion,Norma Maldonado Campos,2020-05-21 10:59:00,V4T-314-R.jpg
UZU-402-L,SLP,Kia Sportage,Verde Oscuro,Irregular,Susana Soto Solano,2022-05-17 08:10:50,UZU-402-L.jpg
V9R-506-K,SLP,Honda CR-V,Verde,Baja Temporal,Liliana Contreras Pineda,2020-08-04 18:07:16,V9R-506-K.jpg
VCL-844-P,SLP,Volkswagen Jetta,Verde Oscuro,Importacion Temporal,Cristian Huerta Quintero,2025-05-20 07:42:51,VCL-844-P.jpg
VBU-085-S,SLP,Mazda CX-5,Rojo Oscuro,Reposicion,Jose Perez Ortega,2021-12-25 12:02:14,VBU-085-S.jpg
VC4-200-T,SLP,Chevrolet Aveo,Blanco Perlado,Homologacion,Veronica Figueroa Campos,2017-03-30 19:44:38,VC4-200-T.jpg
V6K-794-T,SLP,Toyota Yaris,Verde,Remarcaje,Benjamin Escobar Montes,2019-09-16 13:29:28,V6K-794-T.jpg
V3E-161-V,SLP,BMW X3,Vino,Baja Definitiva,Lorena Gallegos Vargas,2023-02-26 20:36:30,V3E-161-V.jpg
V9F-449-E,SLP,Renault Kwid,Gris Oscuro,Cancelado,Carolina Valencia Juarez,2022-12-09 07:27:42,V9F-449-E.jpg
V4J-017-L,SLP,Ford Ranger,Azul,Reposicion,Elizabeth Mora Sandoval,2025-01-28 17:49:39,V4J-017-L.jpg
VBU-070-R,SLP,Mazda 3,Negro,Importacion Definitiva,Alicia Torres Silva,2019-09-20 14:18:44,VBU-070-R.jpg
VCP-951-Z,SLP,Toyota Hilux,Morado,Importacion Definitiva,Cristian Solano Rivera,2019-05-24 18:33:55,VCP-951-Z.jpg
V4K-331-P,SLP,Nissan Sentra,Plateado,Activo,Ernesto Mora Correa,2020-01-01 17:37:53,V4K-331-P.jpg
VCG-293-A,SLP,BMW 5 Series,Morado,Cancelado,Marcos Nieto Soto,2018-08-29 19:38:58,VCG-293-A.jpg
UZ2-272-S,SLP,Nissan NP300,Verde,Activo,Guillermo Quiroz Morales,2019-10-19 18:23:34,UZ2-272-S.jpg
UYF-167-F,SLP,Ford Fusion,Morado,Activo,Adriana Fuentes Castillo,2019-11-19 19:33:50,UYF-167-F.jpg
VA1-416-V,SLP,Jeep Compass,Negro,Activo,Yolanda Vazquez Diaz,2024-10-05 06:16:20,VA1-416-V.jpg
V6F-107-X,SLP,Nissan March,Verde,Baja Temporal,Ernesto Valencia Aguilar,2021-05-03 08:35:26,V6F-107-X.jpg
V21-896-A,SLP,Nissan March,Blanco Perlado,Activo,Renata Zarate Castillo,2023-09-25 22:00:59,V21-896-A.jpg
V2P-842-S,SLP,Nissan NP300,Blanco Perlado,Homologacion,Oscar Valencia Portillo,2020-07-03 12:39:37,V2P-842-S.jpg
VCG-595-D,SLP,Honda Civic,Dorado,Robado,Guillermo Montes Arellano,2022-07-10 09:50:33,VCG-595-D.jpg
VCH-909-Y,SLP,Mazda 2,Vino,Activo,Andres Urbina Olvera,2017-01-30 11:00:28,VCH-909-Y.jpg
V43-062-A,SLP,Volkswagen Vento,Azul Marino,Reposicion,Ana Urbina Silva,2018-01-03 03:26:17,V43-062-A.jpg
VE2-407-Y,SLP,Ford Focus,Morado,Recuperado,Benjamin Valdez Beltran,2023-02-13 22:55:17,VE2-407-Y.jpg
UX8-104-P,SLP,Toyota Corolla,Azul Marino,Remarcaje,Liliana De La Cruz Zarate,2018-02-14 05:10:04,UX8-104-P.jpg
V3W-052-G,SLP,Jeep Wrangler,Negro,Remarcaje,Carmen Maldonado Peña,2020-05-21 08:27:46,V3W-052-G.jpg
UY6-818-T,SLP,Jeep Compass,Morado,Importacion Temporal,Maria Zamora Medina,2022-11-02 10:08:52,UY6-818-T.jpg
VB0-985-G,SLP,Jeep Compass,Verde Oscuro,En Proceso Legal,Armando Villalobos Juarez,2018-07-11 13:52:48,VB0-985-G.jpg
V0Y-684-D,SLP,Renault Duster,Dorado,Importacion Temporal,Alejandro Del Valle Rosales,2022-02-11 11:45:23,V0Y-684-D.jpg
V47-844-Y,SLP,Hyundai Tucson,Negro,Remarcaje,Carolina Palacios Velazquez,2026-03-31 10:00:01,V47-844-Y.jpg
VB6-185-G,SLP,Chevrolet Spark,Azul,Baja Definitiva,Mauricio Avila Luna,2024-10-20 23:02:15,VB6-185-G.jpg
V5V-574-H,SLP,Nissan Sentra,Rojo,Importacion Definitiva,Arturo Gallegos Trejo,2024-06-30 07:34:51,V5V-574-H.jpg
UXP-478-H,SLP,Fiat 500,Verde,Recuperado,Victor Pacheco Zamora,2018-01-25 04:53:29,UXP-478-H.jpg
V99-822-Z,SLP,Peugeot 5008,Plateado,Baja Definitiva,Guadalupe Plascencia Luna,2018-11-16 09:22:18,V99-822-Z.jpg
VAV-263-P,SLP,Peugeot 3008,Beige,Homologacion,Camila Estrada De La Cruz,2019-08-21 00:07:37,VAV-263-P.jpg
V5H-153-S,SLP,Hyundai Elantra,Gris,Importacion Definitiva,Leticia Mejia Campos,2023-06-04 13:27:51,V5H-153-S.jpg
UYJ-468-G,SLP,Ford Fusion,Cafe,Activo,Rebeca Flores Ruiz,2024-09-23 19:08:20,UYJ-468-G.jpg
V66-012-U,SLP,Chevrolet Spark,Verde,En Proceso Legal,Guadalupe Garcia Pacheco,2020-08-02 23:41:54,V66-012-U.jpg
V2A-798-C,SLP,Mercedes-Benz C-Class,Verde Oscuro,Irregular,Javier Cordero Valdez,2019-10-27 23:35:33,V2A-798-C.jpg
VDG-731-J,SLP,Toyota Corolla,Negro,Activo,Liliana Cervantes Soto,2019-09-03 04:59:29,VDG-731-J.jpg
VAY-212-X,SLP,Renault Sandero,Naranja,Activo,Rosa Medina Alvarez,2023-03-13 10:36:38,VAY-212-X.jpg
UWU-956-C,SLP,Nissan Sentra,Plateado,Baja Temporal,Raul Escobar Cervantes,2019-11-14 03:35:21,UWU-956-C.jpg
VBC-360-P,SLP,Kia Forte,Gris,Baja Definitiva,Martha Ramirez Navarro,2019-06-07 10:21:04,VBC-360-P.jpg
UY3-462-T,SLP,Audi Q5,Naranja,Activo,Rosa Reyes Pacheco,2021-09-06 12:27:04,UY3-462-T.jpg
VD2-492-T,SLP,Fiat 500,Dorado,Importacion Temporal,Eduardo Del Valle Leal,2024-02-15 02:04:31,VD2-492-T.jpg
UXT-885-D,SLP,Ford Focus,Blanco,Activo,Jesus Sepulveda Villanueva,2024-08-19 01:51:23,UXT-885-D.jpg
VD9-360-Z,SLP,Mazda MX-5,Verde,Baja Temporal,Adriana Trejo Leal,2022-06-15 17:19:57,VD9-360-Z.jpg
VAP-887-M,SLP,Fiat Toro,Gris,Cancelado,Silvia Solano Pacheco,2019-09-30 06:36:17,VAP-887-M.jpg
V1C-111-U,SLP,Mercedes-Benz A-Class,Negro,Recuperado,Sebastian Quintero Bravo,2022-04-27 12:17:32,V1C-111-U.jpg
V46-293-K,SLP,BMW X5,Verde Oscuro,Cancelado,Juan Villegas Martinez,2020-06-25 08:56:39,V46-293-K.jpg
V19-365-E,SLP,Ford Focus,Negro,Recuperado,Fernando Jimenez Correa,2022-04-08 13:42:14,V19-365-E.jpg
UYV-919-F,SLP,Toyota Corolla,Rojo Oscuro,Activo,Miguel Escobar Medina,2024-03-10 05:11:38,UYV-919-F.jpg
V8M-843-F,SLP,Mercedes-Benz C-Class,Negro,Activo,Elias Mora Ruiz,2020-09-11 17:54:21,V8M-843-F.jpg
V4D-601-E,SLP,Audi A4,Naranja,Baja Definitiva,Benjamin Esquivel Trejo,2024-10-09 05:19:41,V4D-601-E.jpg
V1Y-210-C,SLP,Renault Sandero,Naranja,Cancelado,Liliana Esquivel Quintero,2024-04-22 10:18:51,V1Y-210-C.jpg
UXG-637-Y,SLP,Nissan Versa,Vino,Reposicion,Daniel Zamora Gutierrez,2019-11-18 05:12:56,UXG-637-Y.jpg
V42-711-G,SLP,Volkswagen Jetta,Dorado,Baja Definitiva,Regina Jimenez Diaz,2023-03-05 02:02:59,V42-711-G.jpg
UZV-330-J,SLP,Jeep Wrangler,Morado,Activo,Sofia Rosales Hernandez,2022-09-14 01:31:48,UZV-330-J.jpg
UYS-346-D,SLP,Honda Civic,Verde,Baja Definitiva,Mauricio Castillo Salazar,2019-04-21 01:59:00,UYS-346-D.jpg
V62-942-L,SLP,Hyundai Accent,Vino,En Proceso Legal,Isabel Cervantes Cruz,2025-10-11 07:42:24,V62-942-L.jpg
V5K-039-X,SLP,Fiat Cronos,Azul Marino,Importacion Temporal,Roberto Hernandez Luna,2022-12-10 13:20:39,V5K-039-X.jpg
V2T-290-T,SLP,Peugeot 308,Gris,Importacion Temporal,Mateo Diaz Figueroa,2024-04-02 07:04:10,V2T-290-T.jpg
V5N-465-Z,SLP,Toyota Hilux,Azul Marino,Importacion Temporal,Claudia Fuentes Ruiz,2019-08-10 11:51:02,V5N-465-Z.jpg
V8S-952-F,SLP,Hyundai Tucson,Gris Oscuro,Recuperado,Susana Acosta Ortega,2019-11-08 00:51:33,V8S-952-F.jpg
VDN-548-W,SLP,Chevrolet Aveo,Morado,Importacion Temporal,Marcos Mejia Delgado,2026-01-01 22:07:00,VDN-548-W.jpg
V75-300-A,SLP,Peugeot 308,Morado,Remarcaje,Jose Barajas Acosta,2022-04-19 09:06:56,V75-300-A.jpg
V9G-618-Z,SLP,Jeep Grand Cherokee,Amarillo,Baja Temporal,Jorge Martinez Estrada,2024-12-08 08:37:29,V9G-618-Z.jpg
UY5-500-U,SLP,Renault Logan,Plateado,Importacion Definitiva,Antonio Salazar Sanchez,2017-10-10 04:01:27,UY5-500-U.jpg
UYJ-848-M,SLP,Mercedes-Benz GLC,Verde,Remarcaje,Adolfo Pineda Pacheco,2018-07-02 07:53:25,UYJ-848-M.jpg
V7T-414-J,SLP,Ford Focus,Beige,Baja Temporal,Rocio Contreras Flores,2021-07-20 18:14:32,V7T-414-J.jpg
V4K-876-N,SLP,Mazda 2,Rojo,En Proceso Legal,Regina Mora Montes,2024-09-11 01:48:47,V4K-876-N.jpg
UXD-238-T,SLP,Mercedes-Benz A-Class,Blanco Perlado,Irregular,Carmen Reyes Valencia,2022-12-25 23:43:20,UXD-238-T.jpg
V3D-548-C,SLP,Kia Rio,Plateado,Recuperado,Antonio Nieto Medina,2022-04-16 17:17:35,V3D-548-C.jpg
V9F-195-Y,SLP,Mercedes-Benz GLA,Beige,Activo,Sofia Castillo Romero,2023-10-05 14:27:08,V9F-195-Y.jpg
VCP-202-C,SLP,Kia Rio,Naranja,Homologacion,Alejandro Avila Correa,2025-04-17 11:57:46,VCP-202-C.jpg
V33-212-G,SLP,Mazda 3,Beige,Remarcaje,Teresa Valencia Cruz,2019-11-08 08:41:35,V33-212-G.jpg
VDV-704-V,SLP,Hyundai Accent,Blanco,En Proceso Legal,Carolina Escobar Alvarez,2018-05-30 11:42:41,VDV-704-V.jpg
V6A-877-R,SLP,Mazda 2,Naranja,Activo,Fernando Mendoza Leal,2021-03-11 17:00:46,V6A-877-R.jpg
VAB-521-H,SLP,Mazda 3,Gris,Activo,Antonio Camacho Campos,2017-06-05 08:56:22,VAB-521-H.jpg
V3N-300-P,SLP,Jeep Renegade,Blanco Perlado,Reposicion,Silvia Villanueva Del Valle,2020-05-29 12:27:59,V3N-300-P.jpg
V1Z-571-W,SLP,Jeep Grand Cherokee,Blanco,Irregular,Patricia Izquierdo Esquivel,2019-09-13 06:12:20,V1Z-571-W.jpg
UZ4-534-L,SLP,Audi A4,Negro,Remarcaje,Lorena Suarez De La Cruz,2025-10-18 15:28:51,UZ4-534-L.jpg
V8Y-235-U,SLP,Volkswagen Golf,Morado,Reposicion,Juan Olvera Medina,2025-12-10 06:22:35,V8Y-235-U.jpg
V7H-724-J,SLP,Hyundai Accent,Naranja,Activo,Hugo Cordero Torres,2021-09-11 15:56:19,V7H-724-J.jpg
V12-526-N,SLP,Peugeot 5008,Dorado,Irregular,Mateo Portillo Campos,2021-01-16 11:15:46,V12-526-N.jpg
V5P-841-J,SLP,Fiat Toro,Verde,Activo,Claudia Ramos Torres,2025-11-17 17:50:48,V5P-841-J.jpg
UZN-581-C,SLP,Peugeot 5008,Naranja,Homologacion,Adolfo Suarez Lopez,2025-08-16 18:53:40,UZN-581-C.jpg
V5K-306-R,SLP,Hyundai Accent,Gris,Homologacion,German Quintero Reyes,2025-05-27 05:06:31,V5K-306-R.jpg
V3C-738-A,SLP,Hyundai Santa Fe,Negro,Activo,Antonio Figueroa Herrera,2020-03-31 18:55:22,V3C-738-A.jpg
VA8-295-U,SLP,Mazda MX-5,Plateado,En Proceso Legal,Ignacio Arellano Cordero,2024-08-30 23:32:23,VA8-295-U.jpg
V9A-943-J,SLP,Audi A3,Plateado,Homologacion,Jose Navarro Guerrero,2025-10-19 02:55:19,V9A-943-J.jpg
V4R-475-S,SLP,Mazda CX-5,Azul,Baja Definitiva,Martha Correa Silva,2023-03-29 20:06:54,V4R-475-S.jpg
VEW-615-C,SLP,Fiat Cronos,Morado,Reposicion,Carmen Flores Mejia,2019-04-20 22:31:49,VEW-615-C.jpg
V5F-364-D,SLP,Ford Fusion,Gris,Importacion Definitiva,Gabriela Campos Quintero,2020-01-20 20:03:09,V5F-364-D.jpg
V53-240-C,SLP,Hyundai Elantra,Verde,Recuperado,David Villanueva Ramos,2019-10-28 17:27:22,V53-240-C.jpg
VA6-020-X,SLP,Hyundai Elantra,Negro,Baja Definitiva,Adolfo Valdez Maldonado,2023-09-21 08:30:57,VA6-020-X.jpg
V8B-683-D,SLP,Nissan March,Verde Oscuro,Homologacion,Alicia Perez Fuentes,2018-06-07 04:01:03,V8B-683-D.jpg
UWS-907-R,SLP,Hyundai Elantra,Verde,Activo,Marina Sanchez Morales,2017-02-13 02:42:14,UWS-907-R.jpg
V4D-817-X,SLP,Mercedes-Benz C-Class,Azul Marino,Activo,Jose Ramos Pineda,2020-11-20 23:09:22,V4D-817-X.jpg
V7W-813-L,SLP,Hyundai Accent,Negro,Activo,Benjamin Rios Villanueva,2020-01-09 20:35:49,V7W-813-L.jpg
V11-988-W,SLP,Hyundai Elantra,Azul,Activo,Yolanda Sanchez Valdez,2017-12-06 05:22:02,V11-988-W.jpg
V7Y-836-U,SLP,BMW 5 Series,Blanco Perlado,Activo,Alejandra Estrada Rosales,2025-11-13 15:50:42,V7Y-836-U.jpg
V2U-800-P,SLP,BMW 3 Series,Naranja,Recuperado,Rocio Luna Alvarez,2017-09-20 08:23:04,V2U-800-P.jpg
V4N-475-D,SLP,Honda Accord,Dorado,Importacion Temporal,Marcos Jimenez Tovar,2023-05-16 23:44:12,V4N-475-D.jpg
VAL-238-J,SLP,Chevrolet Beat,Blanco Perlado,Robado,Valeria Cordero Vazquez,2022-09-17 15:50:38,VAL-238-J.jpg
V77-760-S,SLP,Audi Q3,Verde,Baja Temporal,Armando Gallegos Izquierdo,2023-08-04 16:11:25,V77-760-S.jpg
V3K-065-L,SLP,Mazda MX-5,Rojo Oscuro,Importacion Definitiva,Adolfo Fuentes Zarate,2018-04-04 21:27:45,V3K-065-L.jpg
VEE-262-Y,SLP,Hyundai Elantra,Gris,Cancelado,Isabel Ramos Tapia,2024-01-12 08:04:01,VEE-262-Y.jpg
V9D-632-V,SLP,Mercedes-Benz GLA,Rojo,Importacion Temporal,Ana Villegas Fuentes,2020-12-12 13:59:11,V9D-632-V.jpg
UY9-219-W,SLP,Fiat Toro,Azul Marino,En Proceso Legal,Lucia Gallegos Hernandez,2018-11-21 09:58:17,UY9-219-W.jpg
V0C-402-W,SLP,Kia Sportage,Blanco Perlado,Activo,Adolfo Juarez Portillo,2017-12-31 16:29:36,V0C-402-W.jpg
UX6-957-C,SLP,Hyundai Santa Fe,Gris,Baja Temporal,Emilio Urbina Rios,2020-03-21 02:32:28,UX6-957-C.jpg
VA3-409-D,SLP,Hyundai Elantra,Gris Oscuro,Baja Temporal,Arturo Pacheco Fuentes,2022-01-08 04:47:35,VA3-409-D.jpg
V0X-484-Y,SLP,Nissan Versa,Gris Oscuro,Cancelado,Adriana Gutierrez Acosta,2024-04-18 18:55:30,V0X-484-Y.jpg
V3G-203-G,SLP,Toyota Corolla,Azul,Baja Temporal,Francisco Guerrero Lopez,2018-03-04 01:39:45,V3G-203-G.jpg
UWG-505-X,SLP,Ford Focus,Naranja,Importacion Definitiva,Ricardo Correa Moya,2017-11-06 10:50:45,UWG-505-X.jpg
V6K-913-B,SLP,BMW 3 Series,Vino,Remarcaje,Pedro Tapia Gonzalez,2018-11-04 21:18:59,V6K-913-B.jpg
V4J-978-T,SLP,Mercedes-Benz GLA,Verde Oscuro,Baja Temporal,Susana Diaz Villalobos,2025-08-05 15:53:05,V4J-978-T.jpg
V79-199-W,SLP,Ford Fusion,Blanco Perlado,Baja Temporal,Rocio Cervantes Cabrera,2023-11-18 21:18:42,V79-199-W.jpg
VBD-323-P,SLP,Jeep Compass,Gris,Recuperado,Victor Fuentes Rios,2023-04-01 09:29:22,VBD-323-P.jpg
UZX-779-L,SLP,Toyota Hilux,Gris Oscuro,Activo,Carolina Arroyo Diaz,2017-06-30 12:16:15,UZX-779-L.jpg
UZZ-138-H,SLP,Kia Rio,Gris,Baja Definitiva,Julieta Acosta Gutierrez,2019-08-25 12:02:55,UZZ-138-H.jpg
VD9-291-H,SLP,Fiat Argo,Naranja,Robado,Marina Trejo Pineda,2022-01-21 20:29:10,VD9-291-H.jpg
V1N-821-T,SLP,Nissan NP300,Azul Marino,Activo,Carolina Mendoza Sepulveda,2020-08-06 21:19:27,V1N-821-T.jpg
V6F-191-L,SLP,Nissan March,Blanco Perlado,Reposicion,Laura Maldonado Rios,2025-05-15 00:42:05,V6F-191-L.jpg
V4G-134-Y,SLP,Chevrolet Beat,Gris,Cancelado,Miguel Garcia Portillo,2018-12-24 09:15:31,V4G-134-Y.jpg
UXB-638-U,SLP,Toyota Yaris,Blanco Perlado,Cancelado,Guadalupe Escobar Carrillo,2018-06-15 05:59:11,UXB-638-U.jpg
V82-317-T,SLP,Kia Sportage,Plateado,Recuperado,Elizabeth Moya Luna,2025-06-11 16:37:18,V82-317-T.jpg
V2M-328-C,SLP,Kia Rio,Blanco Perlado,Activo,Silvia Aguilar Cervantes,2020-04-04 03:44:57,V2M-328-C.jpg
VDR-272-N,SLP,Audi A3,Dorado,Activo,Liliana Camacho Garcia,2018-07-24 12:50:40,VDR-272-N.jpg
V4S-819-E,SLP,Volkswagen Golf,Gris,Importacion Definitiva,Valeria Suarez Acosta,2019-08-31 06:53:20,V4S-819-E.jpg
VEF-522-S,SLP,Jeep Compass,Vino,Activo,Daniel Vargas Valencia,2022-01-03 11:05:01,VEF-522-S.jpg
V4X-138-Y,SLP,Nissan NP300,Naranja,Homologacion,Liliana Acosta Gutierrez,2020-04-11 20:45:44,V4X-138-Y.jpg
V8Y-967-L,SLP,Honda HR-V,Dorado,Activo,Marina Cruz Luna,2018-06-28 03:50:17,V8Y-967-L.jpg
VDN-574-M,SLP,Peugeot 3008,Amarillo,Recuperado,Yolanda Rosales Pineda,2021-07-14 19:18:40,VDN-574-M.jpg
VB6-665-B,SLP,BMW 5 Series,Plateado,Recuperado,Elsa Zarate Espinoza,2021-09-06 16:46:10,VB6-665-B.jpg
V6T-348-H,SLP,Chevrolet Spark,Morado,Robado,Marina Sanchez Avila,2019-05-02 02:55:13,V6T-348-H.jpg
VBK-225-B,SLP,Nissan Versa,Verde,Baja Definitiva,Oscar Castillo Gallegos,2019-11-10 08:47:06,VBK-225-B.jpg
VEH-389-W,SLP,Kia Sorento,Verde Oscuro,Reposicion,Liliana Martinez Guerrero,2024-08-04 15:08:29,VEH-389-W.jpg
V68-873-Z,SLP,Volkswagen Amarok,Plateado,Irregular,Isabel Villanueva Beltran,2024-01-07 20:16:33,V68-873-Z.jpg
V8T-415-L,SLP,Kia Sportage,Vino,Recuperado,Fernando Sepulveda Martinez,2020-02-13 22:38:46,V8T-415-L.jpg
V7K-114-U,SLP,Renault Sandero,Rojo,Irregular,Alicia Plascencia Escobar,2024-06-01 04:33:08,V7K-114-U.jpg
V9W-127-B,SLP,BMW X3,Beige,Importacion Temporal,Carlos Bravo Moya,2021-09-17 15:26:24,V9W-127-B.jpg
VBX-738-Y,SLP,Mercedes-Benz GLA,Naranja,Activo,Diego Ramirez Plascencia,2018-06-24 18:21:54,VBX-738-Y.jpg
UX3-513-T,SLP,Toyota Corolla,Rojo Oscuro,Recuperado,Carmen Portillo Beltran,2023-05-24 18:52:46,UX3-513-T.jpg
VCB-470-X,SLP,Honda CR-V,Gris Oscuro,Activo,Ignacio Solano Hernandez,2017-07-04 23:22:41,VCB-470-X.jpg
V33-803-U,SLP,Mercedes-Benz GLC,Azul,Activo,Leticia Serrano Lopez,2021-05-05 07:54:38,V33-803-U.jpg
VB5-069-G,SLP,Hyundai Accent,Gris,Importacion Definitiva,Rocio Perez Sanchez,2020-04-04 01:43:22,VB5-069-G.jpg
V5K-318-Z,SLP,Renault Logan,Gris Oscuro,Importacion Definitiva,Veronica Fernandez Cabrera,2017-04-06 10:34:06,V5K-318-Z.jpg
VD5-629-H,SLP,Toyota Yaris,Gris,Remarcaje,Carolina Cervantes Montoya,2019-02-08 21:39:46,VD5-629-H.jpg
UYL-477-Z,SLP,BMW 5 Series,Azul Marino,Activo,Antonio Aguilar Del Valle,2023-12-05 17:42:48,UYL-477-Z.jpg
V02-090-U,SLP,Hyundai Santa Fe,Cafe,Irregular,Estela Ruiz Peña,2025-08-24 08:16:11,V02-090-U.jpg
UYG-800-D,SLP,Nissan NP300,Verde Oscuro,Activo,Elsa Martinez Aguilar,2017-11-01 03:29:12,UYG-800-D.jpg
V0S-871-Y,SLP,Peugeot 3008,Plateado,Remarcaje,Marina Montes Del Valle,2019-08-11 14:05:49,V0S-871-Y.jpg
V4W-391-U,SLP,Volkswagen Golf,Plateado,Activo,Claudia Torres Ramos,2026-03-24 23:29:51,V4W-391-U.jpg
V1M-806-S,SLP,Volkswagen Golf,Naranja,Activo,Oscar Aguilar Rios,2023-11-05 00:14:15,V1M-806-S.jpg
VA6-714-V,SLP,Toyota Hilux,Dorado,Activo,Claudia Lopez Cordero,2019-01-08 02:10:17,VA6-714-V.jpg
VC5-518-E,SLP,BMW 5 Series,Gris,Activo,Carolina Ortega Rodriguez,2019-02-24 22:54:42,VC5-518-E.jpg
V0V-188-E,SLP,Volkswagen Jetta,Blanco,Irregular,Lorena Velazquez Gonzalez,2021-07-03 07:42:13,V0V-188-E.jpg
VE6-727-T,SLP,Mazda 3,Plateado,Activo,Gabriela Olvera Rodriguez,2017-05-04 23:57:28,VE6-727-T.jpg
VET-548-V,SLP,Honda CR-V,Plateado,Reposicion,Arturo Beltran Vazquez,2024-05-05 18:07:29,VET-548-V.jpg
UY8-951-D,SLP,Chevrolet Aveo,Gris Oscuro,Reposicion,Angela Garcia Ramos,2020-05-08 06:10:35,UY8-951-D.jpg
VAA-972-J,SLP,Hyundai Tucson,Morado,En Proceso Legal,Miguel Hernandez Ramirez,2019-08-22 00:08:46,VAA-972-J.jpg
VEP-203-W,SLP,Audi A3,Blanco Perlado,Remarcaje,Mauricio Soto Moya,2023-03-10 23:21:52,VEP-203-W.jpg
UX8-476-S,SLP,Ford Fiesta,Cafe,Baja Temporal,Alejandra Pineda Moya,2017-04-14 11:13:42,UX8-476-S.jpg
V6Y-669-N,SLP,Honda HR-V,Vino,Activo,Sofia Silva Serrano,2022-10-27 17:43:41,V6Y-669-N.jpg
VDG-746-L,SLP,Fiat Argo,Vino,Recuperado,Mauricio Gallegos Perez,2020-07-18 06:35:48,VDG-746-L.jpg
V2M-610-Z,SLP,Kia Sportage,Cafe,Irregular,Valeria Morales Herrera,2017-07-22 15:32:01,V2M-610-Z.jpg
V2K-084-B,SLP,Kia Sportage,Blanco Perlado,Baja Temporal,Hector Sanchez Torres,2021-04-29 03:49:23,V2K-084-B.jpg
UZR-716-T,SLP,Hyundai Santa Fe,Gris Oscuro,En Proceso Legal,Eduardo Nieto Del Valle,2018-01-08 02:00:51,UZR-716-T.jpg
V2S-209-H,SLP,Audi A4,Blanco Perlado,Recuperado,Carolina Alvarez Ramirez,2022-12-09 06:47:13,V2S-209-H.jpg
VBK-472-V,SLP,Nissan NP300,Gris Oscuro,Importacion Definitiva,Daniela Trejo Lopez,2018-11-08 07:58:06,VBK-472-V.jpg
UZR-586-K,SLP,Ford Ranger,Dorado,Baja Temporal,Martha Torres Zarate,2024-11-19 22:01:33,UZR-586-K.jpg
V7S-210-P,SLP,Toyota Hilux,Naranja,Robado,Ricardo Vargas Martinez,2018-10-24 21:29:35,V7S-210-P.jpg
VED-644-N,SLP,Renault Logan,Verde Oscuro,Baja Temporal,Fernando Salazar Beltran,2025-09-21 08:24:14,VED-644-N.jpg
VA7-279-T,SLP,BMW 5 Series,Plateado,En Proceso Legal,Alicia Acosta Fernandez,2024-06-18 19:22:53,VA7-279-T.jpg
V8M-081-R,SLP,Mercedes-Benz GLC,Blanco,Robado,Norma Izquierdo Quiroz,2018-10-18 13:18:04,V8M-081-R.jpg
V3R-387-A,SLP,Volkswagen Golf,Rojo Oscuro,Homologacion,German Mendoza Herrera,2021-10-20 19:20:34,V3R-387-A.jpg
V74-175-F,SLP,Ford Fiesta,Plateado,Activo,Jorge Leal Fuentes,2021-06-07 01:42:23,V74-175-F.jpg
VBM-201-M,SLP,Chevrolet Spark,Negro,Baja Temporal,Adriana Sanchez Cervantes,2020-05-28 06:40:00,VBM-201-M.jpg
UY2-281-J,SLP,Volkswagen Jetta,Dorado,Baja Definitiva,Laura Fuentes Silva,2018-03-27 09:33:30,UY2-281-J.jpg
VEV-454-K,SLP,Nissan NP300,Amarillo,Cancelado,Victor Esquivel Plascencia,2022-08-13 08:03:00,VEV-454-K.jpg
V5M-543-D,SLP,Renault Logan,Amarillo,Baja Temporal,Angela Fernandez Carrillo,2022-12-07 00:04:48,V5M-543-D.jpg
V8T-874-U,SLP,Peugeot 308,Blanco,Activo,Carlos Moya Barajas,2020-02-22 08:12:24,V8T-874-U.jpg
UYW-713-V,SLP,Peugeot 5008,Beige,Recuperado,Juan Solano Fuentes,2020-07-01 09:10:10,UYW-713-V.jpg
V0S-983-D,SLP,Kia Sportage,Amarillo,Activo,Mauricio Acosta Sanchez,2023-01-18 09:58:13,V0S-983-D.jpg
VCV-310-P,SLP,BMW 5 Series,Gris Oscuro,Activo,Estela Espinoza Cabrera,2019-06-20 15:01:45,VCV-310-P.jpg
VCC-201-D,SLP,Mercedes-Benz GLA,Rojo,Importacion Temporal,Daniela Navarro Carrillo,2022-09-29 12:28:20,VCC-201-D.jpg
UXW-747-C,SLP,Renault Sandero,Verde,Recuperado,Miguel Martinez Serrano,2023-03-02 07:54:39,UXW-747-C.jpg
V8Y-306-K,SLP,Hyundai Tucson,Negro,Remarcaje,Martha Carrillo Tovar,2023-08-31 10:37:28,V8Y-306-K.jpg
V23-425-D,SLP,BMW 5 Series,Rojo,En Proceso Legal,Elizabeth Sanchez Torres,2026-01-10 02:44:26,V23-425-D.jpg
VCT-210-G,SLP,Ford Focus,Blanco Perlado,Robado,Liliana Quiroz Cervantes,2025-01-27 14:50:53,VCT-210-G.jpg
VE6-429-S,SLP,Renault Logan,Azul Marino,Activo,Carolina Esquivel Martinez,2020-06-02 19:13:33,VE6-429-S.jpg
V4T-192-M,SLP,BMW X3,Vino,Irregular,Rebeca Sandoval Herrera,2024-02-17 08:45:18,V4T-192-M.jpg
V06-559-J,SLP,Peugeot 5008,Morado,Baja Definitiva,Jose Portillo Izquierdo,2018-08-02 21:51:23,V06-559-J.jpg
V5N-469-E,SLP,Audi A3,Dorado,Importacion Definitiva,Renata Castillo Juarez,2024-02-23 18:28:07,V5N-469-E.jpg
V1K-030-Z,SLP,Volkswagen Jetta,Dorado,En Proceso Legal,Hugo Hernandez Solano,2020-03-03 09:22:48,V1K-030-Z.jpg
VB8-697-Y,SLP,Mazda 3,Azul Marino,Robado,Lucia Zarate Gutierrez,2018-03-17 01:22:17,VB8-697-Y.jpg
VEL-817-F,SLP,Nissan Versa,Azul Marino,Robado,Mauricio Ruiz Esquivel,2021-02-16 17:18:58,VEL-817-F.jpg
V9D-497-G,SLP,Fiat Cronos,Rojo Oscuro,Recuperado,Rocio Izquierdo Gallegos,2020-06-13 14:27:13,V9D-497-G.jpg
VE2-673-E,SLP,Kia Sportage,Morado,Activo,Arturo Juarez Diaz,2019-06-06 23:04:47,VE2-673-E.jpg
V7S-951-X,SLP,Mazda 2,Negro,Activo,Elias Medina Castro,2025-06-06 02:52:35,V7S-951-X.jpg
UYC-405-Z,SLP,Hyundai Tucson,Verde,Robado,Guadalupe Castillo Diaz,2024-09-04 08:23:31,UYC-405-Z.jpg
VEB-354-D,SLP,Nissan March,Verde Oscuro,Activo,Camila Torres Medina,2020-12-02 22:43:50,VEB-354-D.jpg
V01-884-M,SLP,Audi A4,Morado,Reposicion,Jorge Jimenez Contreras,2019-01-30 13:20:38,V01-884-M.jpg
V0M-824-Y,SLP,Jeep Compass,Gris Oscuro,Activo,Yolanda Reyes Guerrero,2024-10-31 16:36:05,V0M-824-Y.jpg
UZY-259-F,SLP,Kia Forte,Beige,En Proceso Legal,Diego Diaz Gutierrez,2020-08-13 23:03:30,UZY-259-F.jpg
V69-428-L,SLP,Hyundai Elantra,Azul Marino,Homologacion,Silvia Cordero Tapia,2021-04-04 13:20:44,V69-428-L.jpg
V6Y-228-X,SLP,Fiat Argo,Rojo Oscuro,Cancelado,Teresa Lopez Herrera,2025-05-12 02:35:53,V6Y-228-X.jpg
VAL-953-S,SLP,Jeep Compass,Vino,Importacion Temporal,Lorena Sanchez Villegas,2017-10-09 03:34:55,VAL-953-S.jpg
VCP-971-D,SLP,Nissan Sentra,Verde,Baja Definitiva,Teresa Villalobos Rodriguez,2019-10-30 12:20:43,VCP-971-D.jpg
UX2-753-F,SLP,Renault Kwid,Morado,Robado,David Suarez Martinez,2019-06-29 12:28:31,UX2-753-F.jpg
V8C-967-G,SLP,BMW 5 Series,Dorado,Activo,Rebeca Mora Villanueva,2021-05-06 03:27:37,V8C-967-G.jpg
V8J-033-H,SLP,Mazda 2,Rojo Oscuro,Activo,Andres Ruiz Contreras,2022-10-25 22:36:34,V8J-033-H.jpg
UYZ-196-H,SLP,Fiat Argo,Verde,Cancelado,Armando Ramirez Delgado,2025-11-27 12:12:19,UYZ-196-H.jpg
VD2-302-J,SLP,Nissan Sentra,Cafe,Homologacion,Carolina Nieto Huerta,2025-08-01 01:21:24,VD2-302-J.jpg
UZW-164-G,SLP,Mercedes-Benz C-Class,Plateado,Irregular,Veronica Correa Bravo,2018-08-24 07:30:01,UZW-164-G.jpg
UYA-477-V,SLP,Jeep Compass,Blanco,Activo,Guillermo Navarro Villegas,2017-03-13 19:05:39,UYA-477-V.jpg
UZH-928-D,SLP,BMW X3,Vino,Importacion Definitiva,David Avila Navarro,2023-04-22 20:51:30,UZH-928-D.jpg
V6Z-162-V,SLP,Volkswagen Golf,Plateado,Activo,Marisol Velazquez Ortega,2019-01-01 13:36:56,V6Z-162-V.jpg
V37-896-P,SLP,Peugeot 308,Azul Marino,Activo,Hector Tovar Barajas,2017-05-10 00:46:41,V37-896-P.jpg
UYU-796-M,SLP,Mazda CX-5,Beige,Irregular,Norma Ramos Arroyo,2021-05-13 16:03:44,UYU-796-M.jpg
V89-456-U,SLP,Audi A3,Dorado,Cancelado,Yolanda Rivera Espinoza,2024-02-02 17:40:55,V89-456-U.jpg
UYH-942-L,SLP,Toyota Hilux,Vino,Remarcaje,Javier Zarate Mendoza,2023-10-29 01:22:48,UYH-942-L.jpg
VDE-731-U,SLP,Audi A4,Cafe,Importacion Definitiva,Marisol Sepulveda Rivera,2024-03-19 12:10:22,VDE-731-U.jpg
V4H-164-C,SLP,Fiat Toro,Azul,Activo,Roberto Montoya Alvarez,2025-09-05 03:28:09,V4H-164-C.jpg
UX8-525-T,SLP,Kia Forte,Beige,Baja Temporal,Rosa Ramos Jimenez,2024-07-08 17:04:18,UX8-525-T.jpg
VBL-993-Y,SLP,Chevrolet Beat,Verde,Activo,Susana Estrada Arellano,2022-09-03 00:46:42,VBL-993-Y.jpg
V9P-260-A,SLP,Honda CR-V,Rojo Oscuro,Activo,Teresa Barajas Zamora,2023-07-19 04:30:51,V9P-260-A.jpg
VAR-918-F,SLP,Audi Q5,Verde Oscuro,En Proceso Legal,Rosa Suarez Gallegos,2022-04-06 15:10:34,VAR-918-F.jpg
V3N-113-J,SLP,Fiat Toro,Rojo Oscuro,Importacion Temporal,Daniela Mora Romero,2025-09-10 12:37:43,V3N-113-J.jpg
V2L-813-G,SLP,Mazda 2,Morado,Activo,Daniel Gonzalez Estrada,2020-09-11 19:07:14,V2L-813-G.jpg
V6F-076-V,SLP,Fiat 500,Beige,Activo,Diego Tovar Nieto,2019-01-11 04:48:19,V6F-076-V.jpg
VJL-496-D,SIN,Toyota Prius,Plateado,Remarcaje,Camila Villegas Velazquez,2024-06-20 08:16:09,VJL-496-D.jpg
VS8-652-K,SIN,Toyota Hilux,Rojo Oscuro,Importacion Temporal,Cristian Esquivel Gallegos,2025-07-30 14:54:05,VS8-652-K.jpg
VP0-262-G,SIN,Nissan Sentra,Plateado,Activo,Noe Castro Sepulveda,2017-09-04 19:01:34,VP0-262-G.jpg
VP5-031-Y,SIN,Renault Duster,Beige,Reposicion,Regina Morales Ramos,2026-05-06 23:26:56,VP5-031-Y.jpg
VJP-666-U,SIN,Toyota Yaris,Dorado,Baja Definitiva,Rebeca Suarez Fernandez,2024-11-02 01:28:04,VJP-666-U.jpg
VFA-129-T,SIN,Nissan Versa,Azul,En Proceso Legal,Carmen Vargas Orozco,2021-07-30 14:25:05,VFA-129-T.jpg
VM8-977-R,SIN,Toyota Corolla,Verde,Remarcaje,Adolfo Quiroz Villalobos,2019-06-14 01:10:36,VM8-977-R.jpg
VPZ-969-H,SIN,Jeep Grand Cherokee,Vino,Activo,Adriana Serrano Orozco,2020-09-15 01:58:23,VPZ-969-H.jpg
VLF-489-Y,SIN,Fiat Argo,Azul Marino,Importacion Temporal,Lucia Serrano Pineda,2025-06-24 03:51:57,VLF-489-Y.jpg
VNB-704-E,SIN,Renault Duster,Blanco Perlado,Homologacion,Emilio Gutierrez Castro,2019-04-03 23:11:38,VNB-704-E.jpg
VPP-331-P,SIN,Chevrolet Beat,Rojo,Recuperado,Guillermo Esquivel Valencia,2022-10-07 08:03:18,VPP-331-P.jpg
VL6-343-H,SIN,Peugeot 5008,Negro,Irregular,Laura Vazquez Guerrero,2018-11-02 20:06:21,VL6-343-H.jpg
VR7-667-U,SIN,Hyundai Elantra,Beige,Activo,Lucia Valdez Luna,2023-06-20 05:28:22,VR7-667-U.jpg
VSP-118-X,SIN,Honda HR-V,Azul,Cancelado,Diego Urbina Sandoval,2017-05-03 16:30:44,VSP-118-X.jpg
VPK-077-U,SIN,Renault Sandero,Verde,Cancelado,Noe Del Valle Zarate,2023-12-29 16:01:17,VPK-077-U.jpg
VR1-586-P,SIN,Fiat Cronos,Verde Oscuro,Baja Temporal,Victor Maldonado Portillo,2025-12-13 10:34:36,VR1-586-P.jpg
VGR-687-J,SIN,Honda CR-V,Amarillo,Baja Definitiva,Javier Juarez Gallegos,2018-10-20 00:05:13,VGR-687-J.jpg
VK0-752-B,SIN,Peugeot 5008,Gris,Baja Definitiva,Norma Ramos Plascencia,2021-01-08 09:25:14,VK0-752-B.jpg
VNP-053-Z,SIN,Peugeot 208,Gris,Baja Temporal,Jorge De La Cruz Pineda,2021-07-16 19:45:12,VNP-053-Z.jpg
VSK-481-A,SIN,Peugeot 5008,Plateado,Irregular,Martha Vargas Campos,2020-12-18 15:52:19,VSK-481-A.jpg
VKN-586-L,SIN,Fiat Argo,Blanco Perlado,Importacion Definitiva,Lucia Martinez Olvera,2022-01-05 08:45:32,VKN-586-L.jpg
VKP-261-J,SIN,Mercedes-Benz A-Class,Verde,Activo,Fabiola Estrada Maldonado,2022-10-02 07:55:07,VKP-261-J.jpg
VRL-966-E,SIN,Jeep Grand Cherokee,Rojo Oscuro,Activo,Norma Barajas Navarro,2025-01-02 07:55:10,VRL-966-E.jpg
VHV-337-F,SIN,Honda Civic,Negro,Irregular,German Cervantes Valencia,2019-02-19 17:26:34,VHV-337-F.jpg
VGU-123-C,SIN,Hyundai Santa Fe,Rojo Oscuro,Reposicion,Sebastian Morales Leal,2023-04-20 21:24:11,VGU-123-C.jpg
VML-238-L,SIN,Audi Q3,Verde Oscuro,Remarcaje,Rosa Perez Orozco,2024-04-18 07:23:02,VML-238-L.jpg
VLV-598-U,SIN,Chevrolet Beat,Verde Oscuro,Importacion Temporal,Francisco Cabrera Ramirez,2021-07-10 23:33:22,VLV-598-U.jpg
VHX-628-Y,SIN,Hyundai Tucson,Amarillo,Recuperado,Fabiola Rodriguez Guerrero,2018-06-18 04:52:35,VHX-628-Y.jpg
VLB-951-X,SIN,Peugeot 5008,Beige,Recuperado,Regina Sanchez Rodriguez,2022-11-21 02:16:43,VLB-951-X.jpg
VNY-238-R,SIN,Renault Sandero,Azul Marino,Activo,Patricia Camacho Izquierdo,2021-11-13 17:21:34,VNY-238-R.jpg
VSE-064-U,SIN,Peugeot 3008,Beige,Remarcaje,Ricardo Gonzalez Luna,2022-10-05 20:27:49,VSE-064-U.jpg
VLP-539-R,SIN,Peugeot 208,Vino,En Proceso Legal,Sofia Dominguez Portillo,2021-08-03 09:58:30,VLP-539-R.jpg
VG1-193-R,SIN,Volkswagen Amarok,Verde,Activo,Alberto Fernandez Ruiz,2024-02-14 04:47:45,VG1-193-R.jpg
VNZ-410-G,SIN,Nissan NP300,Azul Marino,Baja Temporal,Isabel Izquierdo Izquierdo,2024-12-15 12:37:02,VNZ-410-G.jpg
VKC-361-B,SIN,Hyundai Santa Fe,Naranja,Cancelado,Ruben Castro Pacheco,2021-11-08 18:31:19,VKC-361-B.jpg
VGR-061-A,SIN,Audi A3,Beige,Reposicion,Fernando Trejo Fernandez,2024-01-11 13:26:50,VGR-061-A.jpg
VL2-522-P,SIN,Fiat 500,Rojo,Remarcaje,Sebastian Torres Lopez,2020-09-14 15:00:29,VL2-522-P.jpg
VJ7-805-R,SIN,Ford Ranger,Gris Oscuro,Activo,Lucia Pineda Orozco,2025-11-23 14:16:16,VJ7-805-R.jpg
VG2-794-V,SIN,Nissan NP300,Beige,Baja Temporal,Alberto Maldonado Gutierrez,2025-06-11 15:51:35,VG2-794-V.jpg
VM9-957-H,SIN,Honda Civic,Beige,Irregular,Silvia Cabrera Arellano,2021-09-03 12:48:30,VM9-957-H.jpg
VJS-090-D,SIN,Mazda 3,Naranja,Activo,Francisco Fernandez Castillo,2023-10-22 07:22:05,VJS-090-D.jpg
VMF-543-S,SIN,Renault Sandero,Beige,Activo,Adriana Mora Cordero,2021-02-03 10:44:59,VMF-543-S.jpg
VFY-036-E,SIN,Audi Q5,Blanco Perlado,Activo,Raul Moya Chavez,2025-10-01 19:02:34,VFY-036-E.jpg
VG6-006-J,SIN,Mercedes-Benz GLA,Morado,Importacion Definitiva,Marco Valdez Reyes,2019-12-11 18:37:53,VG6-006-J.jpg
VGG-494-T,SIN,Peugeot 308,Dorado,Activo,Yolanda Diaz Serrano,2024-08-18 10:09:16,VGG-494-T.jpg
VHW-168-X,SIN,Ford Focus,Amarillo,Baja Temporal,Mauricio Juarez Tapia,2017-09-26 19:31:18,VHW-168-X.jpg
VK5-460-N,SIN,BMW 5 Series,Blanco,Remarcaje,Eduardo Olvera Plascencia,2022-12-27 09:26:57,VK5-460-N.jpg
VLP-030-H,SIN,Renault Kwid,Negro,Robado,Sebastian Suarez Soto,2025-10-09 03:37:39,VLP-030-H.jpg
VNF-057-U,SIN,Kia Sportage,Plateado,Homologacion,Cristian Gallegos Ruiz,2024-03-22 22:43:39,VNF-057-U.jpg
VMA-747-B,SIN,Fiat Toro,Gris,Irregular,Lorena Del Valle Sanchez,2020-03-03 05:04:50,VMA-747-B.jpg
VKL-727-C,SIN,Hyundai Accent,Morado,Importacion Definitiva,Laura Pacheco Vargas,2025-06-27 04:55:08,VKL-727-C.jpg
VJH-033-V,SIN,Hyundai Tucson,Azul,Activo,Arturo Ramos Ramirez,2018-09-14 23:21:13,VJH-033-V.jpg
VGW-234-V,SIN,Ford Fiesta,Negro,Reposicion,Marcos Sanchez Reyes,2023-03-12 11:05:28,VGW-234-V.jpg
VK1-450-V,SIN,Ford Fiesta,Dorado,Homologacion,Leticia Morales Cervantes,2018-04-05 01:23:51,VK1-450-V.jpg
VHU-548-B,SIN,Ford Fiesta,Negro,Activo,Rosa Herrera Suarez,2020-05-23 18:00:57,VHU-548-B.jpg
VP9-301-F,SIN,Volkswagen Jetta,Blanco Perlado,Activo,Mauricio Jimenez Quintero,2020-02-19 23:41:04,VP9-301-F.jpg
VMX-471-S,SIN,Fiat 500,Blanco Perlado,Irregular,Salvador Arroyo Leal,2017-10-03 12:59:43,VMX-471-S.jpg
VRA-909-W,SIN,Toyota Corolla,Gris,Activo,Manuel Luna Leal,2021-05-22 17:29:06,VRA-909-W.jpg
VKM-032-Y,SIN,Fiat Cronos,Azul Marino,Activo,Patricia Fernandez Perez,2020-10-28 04:54:18,VKM-032-Y.jpg
VNE-819-H,SIN,Toyota Corolla,Azul,Cancelado,Rebeca Gallegos Ramos,2021-08-25 21:56:50,VNE-819-H.jpg
VK9-093-T,SIN,Audi Q5,Amarillo,Robado,Marcos Ruiz Peña,2022-09-17 14:47:32,VK9-093-T.jpg
VGG-260-D,SIN,Ford Ranger,Azul Marino,Importacion Definitiva,Guadalupe Peña Diaz,2024-01-19 06:59:12,VGG-260-D.jpg
VP7-832-L,SIN,Jeep Compass,Azul Marino,Importacion Temporal,Ernesto Navarro Moya,2026-01-08 02:36:28,VP7-832-L.jpg
VK8-784-U,SIN,BMW 3 Series,Plateado,Activo,Silvia Gonzalez Arroyo,2019-08-17 08:22:23,VK8-784-U.jpg
VMM-953-J,SIN,Honda Civic,Dorado,Cancelado,Alberto Valencia Beltran,2018-12-25 02:39:15,VMM-953-J.jpg
VP2-372-A,SIN,Fiat Toro,Cafe,Activo,Carolina Martinez Romero,2018-09-10 10:52:09,VP2-372-A.jpg
VLS-239-C,SIN,Honda CR-V,Verde Oscuro,Activo,Guillermo Aguilar Cervantes,2021-07-18 04:37:36,VLS-239-C.jpg
VGW-285-N,SIN,Peugeot 5008,Plateado,Reposicion,Renata Arroyo Solano,2021-01-26 18:37:33,VGW-285-N.jpg
VRF-259-D,SIN,Toyota Corolla,Negro,Robado,Carmen Carrillo Olvera,2021-12-23 10:57:18,VRF-259-D.jpg
VPJ-559-C,SIN,Nissan Sentra,Verde,Baja Definitiva,Marina Urbina Correa,2023-03-16 09:16:26,VPJ-559-C.jpg
VLH-997-N,SIN,Nissan March,Naranja,Homologacion,Camila Gallegos Cabrera,2019-01-14 02:42:27,VLH-997-N.jpg
VFH-442-R,SIN,Mazda 3,Rojo Oscuro,Importacion Definitiva,Teresa Sanchez Flores,2025-02-07 21:22:31,VFH-442-R.jpg
VHS-274-J,SIN,Honda Accord,Gris,En Proceso Legal,Carmen Contreras Garcia,2022-02-28 18:01:25,VHS-274-J.jpg
VNA-537-V,SIN,Kia Sportage,Vino,Importacion Definitiva,Laura Flores Pacheco,2022-03-24 05:02:41,VNA-537-V.jpg
VL3-571-F,SIN,Jeep Compass,Rojo,Remarcaje,Mateo Peña Zamora,2021-03-17 04:38:29,VL3-571-F.jpg
VG3-648-F,SIN,Fiat Argo,Azul Marino,Activo,Regina Gallegos Arroyo,2022-04-09 16:33:49,VG3-648-F.jpg
VKH-627-E,SIN,Audi Q5,Plateado,Recuperado,Paola Plascencia Solano,2022-09-06 13:15:43,VKH-627-E.jpg
VPC-211-D,SIN,Renault Sandero,Verde,Activo,Rocio Peña Aguilar,2019-04-09 17:47:02,VPC-211-D.jpg
VGS-743-R,SIN,Ford Fiesta,Vino,Robado,Isabel Pineda Herrera,2025-10-30 10:30:39,VGS-743-R.jpg
VFH-030-P,SIN,Kia Rio,Blanco,Reposicion,Ernesto Castro Tovar,2021-11-26 16:11:31,VFH-030-P.jpg
VFB-962-B,SIN,Fiat Cronos,Blanco,Activo,Daniel Valdez Diaz,2020-11-12 15:17:01,VFB-962-B.jpg
VJ2-200-X,SIN,Fiat Toro,Blanco,Irregular,Susana Espinoza Vargas,2017-06-07 01:32:14,VJ2-200-X.jpg
VFU-815-U,SIN,Hyundai Santa Fe,Naranja,Remarcaje,Elias Trejo Gonzalez,2025-07-22 11:00:56,VFU-815-U.jpg
VLS-585-E,SIN,Mercedes-Benz C-Class,Rojo,Activo,Antonio Hernandez Sandoval,2022-07-13 01:18:25,VLS-585-E.jpg
VPU-819-B,SIN,Volkswagen Vento,Rojo,Cancelado,Mauricio Cordero Quintero,2023-01-17 18:47:26,VPU-819-B.jpg
VMY-430-J,SIN,Fiat Argo,Azul,Activo,Carlos Garcia Trejo,2021-08-18 03:18:01,VMY-430-J.jpg
VKS-363-C,SIN,Kia Rio,Gris,Reposicion,Adriana Montes Pineda,2017-06-24 09:39:10,VKS-363-C.jpg
VMD-808-Z,SIN,Audi A3,Blanco,Reposicion,Fabiola Maldonado Urbina,2019-12-05 00:41:35,VMD-808-Z.jpg
VGS-060-S,SIN,Honda CR-V,Cafe,Homologacion,Adolfo Mendoza Velazquez,2017-01-24 11:21:13,VGS-060-S.jpg
VFM-705-C,SIN,Jeep Compass,Gris Oscuro,Robado,Jose Alvarez Luna,2025-11-22 00:36:08,VFM-705-C.jpg
VNF-547-B,SIN,Hyundai Elantra,Azul Marino,Baja Temporal,Ruben Cordero Esquivel,2017-10-04 14:30:14,VNF-547-B.jpg
VG0-654-W,SIN,Peugeot 3008,Verde Oscuro,Activo,Ana Carrillo Cordero,2019-11-04 19:56:05,VG0-654-W.jpg
VFP-750-E,SIN,Mazda CX-5,Rojo Oscuro,Homologacion,Juan Olvera Morales,2019-04-20 06:08:08,VFP-750-E.jpg
VJ0-695-D,SIN,Mercedes-Benz GLC,Verde Oscuro,Activo,Laura Gallegos Castillo,2022-06-14 18:59:28,VJ0-695-D.jpg
VMF-260-J,SIN,Jeep Renegade,Gris,Robado,Cecilia Villegas Trejo,2018-12-26 07:30:42,VMF-260-J.jpg
VFM-330-F,SIN,Audi Q3,Azul,Baja Definitiva,Susana Solano Soto,2026-01-13 01:20:20,VFM-330-F.jpg
VJU-661-M,SIN,Ford Focus,Cafe,Baja Temporal,Juan Juarez Montes,2020-08-18 10:12:50,VJU-661-M.jpg
VRX-210-V,SIN,Honda CR-V,Cafe,Cancelado,Rocio Tapia Serrano,2019-04-20 11:26:18,VRX-210-V.jpg
VLM-788-X,SIN,Ford Fiesta,Beige,Importacion Temporal,Roberto Castro Delgado,2021-05-04 22:14:04,VLM-788-X.jpg
VP0-810-L,SIN,Peugeot 5008,Gris,Cancelado,Emilio Maldonado Villalobos,2024-10-30 03:23:52,VP0-810-L.jpg
VKD-067-A,SIN,BMW 5 Series,Verde Oscuro,Importacion Definitiva,Renata Sandoval Navarro,2017-11-02 04:34:40,VKD-067-A.jpg
VJ3-091-Y,SIN,Renault Sandero,Azul Marino,Activo,Eduardo Aguilar Guerrero,2022-02-04 00:54:57,VJ3-091-Y.jpg
VPM-621-D,SIN,Honda HR-V,Cafe,Remarcaje,Francisco Lopez Alvarez,2023-03-28 21:25:09,VPM-621-D.jpg
VM6-962-W,SIN,Ford Fusion,Dorado,Activo,Andres Huerta Mora,2018-06-14 02:29:48,VM6-962-W.jpg
VLA-819-A,SIN,Chevrolet Aveo,Cafe,Irregular,Jesus Gallegos Huerta,2023-12-01 08:50:55,VLA-819-A.jpg
VKS-970-B,SIN,Volkswagen Jetta,Amarillo,Activo,Salvador Valencia Acosta,2019-04-23 15:20:27,VKS-970-B.jpg
VJT-811-C,SIN,Mercedes-Benz A-Class,Azul,Recuperado,Mateo Cabrera Quintero,2019-11-08 18:46:45,VJT-811-C.jpg
VGR-916-H,SIN,BMW X5,Vino,Baja Temporal,Alicia Campos Dominguez,2025-01-05 22:10:13,VGR-916-H.jpg
VSH-212-J,SIN,Renault Duster,Blanco Perlado,Recuperado,Manuel Orozco Pineda,2026-05-02 08:07:14,VSH-212-J.jpg
VGH-750-S,SIN,Jeep Renegade,Azul Marino,Activo,Diego Arellano Cervantes,2022-05-21 07:08:00,VGH-750-S.jpg
VPP-729-D,SIN,Hyundai Tucson,Verde Oscuro,Irregular,Monica Nieto Chavez,2019-11-10 10:08:39,VPP-729-D.jpg
VHU-074-W,SIN,Jeep Grand Cherokee,Negro,Cancelado,Oscar Flores Gonzalez,2021-08-25 01:18:08,VHU-074-W.jpg
VJ6-902-D,SIN,Chevrolet Aveo,Verde,Baja Temporal,Adriana Mejia Barajas,2024-06-25 14:07:22,VJ6-902-D.jpg
VHB-357-U,SIN,Hyundai Accent,Gris Oscuro,Activo,Julieta Velazquez Gutierrez,2024-03-05 14:43:34,VHB-357-U.jpg
VMS-729-D,SIN,BMW 3 Series,Blanco,Activo,Elias Suarez Rivera,2021-10-31 20:02:06,VMS-729-D.jpg
VNT-412-L,SIN,Hyundai Accent,Cafe,Baja Temporal,Beatriz Espinoza Tovar,2026-03-06 22:57:22,VNT-412-L.jpg
VJC-070-Y,SIN,Chevrolet Cruze,Beige,En Proceso Legal,Guillermo Alvarez Castro,2025-05-27 06:25:44,VJC-070-Y.jpg
VPA-428-B,SIN,Hyundai Elantra,Beige,Robado,Lucia Valencia Garcia,2023-03-13 16:28:26,VPA-428-B.jpg
VFV-591-P,SIN,Chevrolet Aveo,Rojo Oscuro,Baja Definitiva,Daniel Pacheco Flores,2019-03-14 03:27:17,VFV-591-P.jpg
VPR-573-H,SIN,Toyota Prius,Blanco Perlado,Baja Temporal,Armando Velazquez Bravo,2022-09-26 16:16:30,VPR-573-H.jpg
VG6-155-W,SIN,Volkswagen Jetta,Morado,Activo,Ricardo Serrano Orozco,2018-09-26 16:35:38,VG6-155-W.jpg
VMC-505-C,SIN,Fiat 500,Morado,Importacion Definitiva,Diego Maldonado Tapia,2018-04-28 08:39:55,VMC-505-C.jpg
VNT-845-M,SIN,Honda HR-V,Azul,Activo,Victor Montes Morales,2017-03-31 16:16:49,VNT-845-M.jpg
VM4-530-B,SIN,Fiat Toro,Blanco,Reposicion,Renata Mejia Castillo,2022-05-12 10:35:21,VM4-530-B.jpg
VNC-961-V,SIN,Mercedes-Benz GLC,Vino,Activo,Rebeca Esquivel Alvarez,2018-12-19 15:23:02,VNC-961-V.jpg
VHM-495-K,SIN,Kia Forte,Gris,Homologacion,Julieta Diaz Perez,2018-02-14 09:59:15,VHM-495-K.jpg
VLN-754-E,SIN,Honda HR-V,Amarillo,Recuperado,Luis Acosta Ruiz,2025-04-13 23:48:24,VLN-754-E.jpg
VMD-334-U,SIN,Ford Focus,Cafe,Recuperado,Francisco Cabrera Suarez,2025-06-25 03:26:18,VMD-334-U.jpg
VLZ-722-B,SIN,Toyota Prius,Verde Oscuro,Reposicion,Arturo Bravo Vargas,2017-01-06 17:33:31,VLZ-722-B.jpg
VSR-426-L,SIN,Audi Q5,Azul Marino,Reposicion,Armando Maldonado Navarro,2023-01-23 07:29:59,VSR-426-L.jpg
VRR-675-T,SIN,Toyota Hilux,Morado,Baja Definitiva,Norma Sepulveda Sanchez,2025-01-18 18:41:58,VRR-675-T.jpg
VGU-215-G,SIN,Renault Logan,Rojo,Activo,Noe Flores Romero,2026-01-29 10:06:58,VGU-215-G.jpg
VM7-813-N,SIN,Mazda 2,Gris Oscuro,Homologacion,Regina Mejia Campos,2022-12-20 23:27:08,VM7-813-N.jpg
VJ2-460-N,SIN,Ford Focus,Rojo Oscuro,En Proceso Legal,Rebeca Izquierdo Castro,2023-12-11 07:41:42,VJ2-460-N.jpg
VH1-906-T,SIN,Ford Focus,Naranja,Importacion Definitiva,Patricia Zamora Guerrero,2017-10-11 11:12:59,VH1-906-T.jpg
VMW-094-X,SIN,Volkswagen Vento,Naranja,Remarcaje,Cecilia Silva Urbina,2022-03-05 01:42:33,VMW-094-X.jpg
VKG-651-V,SIN,Ford Fusion,Cafe,Homologacion,Camila Solano Rodriguez,2021-11-13 18:22:42,VKG-651-V.jpg
VNY-790-T,SIN,Jeep Wrangler,Naranja,Activo,Teresa Guerrero Cervantes,2022-07-17 12:10:17,VNY-790-T.jpg
VK7-064-D,SIN,Volkswagen Jetta,Vino,Activo,Elizabeth Salazar Ruiz,2025-07-11 09:13:18,VK7-064-D.jpg
VSU-625-S,SIN,Audi A3,Cafe,Importacion Definitiva,Sergio Pineda Fuentes,2020-09-12 01:39:25,VSU-625-S.jpg
VP3-258-V,SIN,Ford Fusion,Dorado,Cancelado,Camila Avila Portillo,2025-09-12 07:59:14,VP3-258-V.jpg
VMW-780-A,SIN,Jeep Compass,Vino,Activo,Cristian Herrera Villanueva,2024-02-22 19:43:29,VMW-780-A.jpg
VRB-497-B,SIN,Mazda MX-5,Blanco,Importacion Temporal,Gabriela Serrano Aguilar,2025-08-07 17:50:20,VRB-497-B.jpg
VFY-221-U,SIN,Chevrolet Spark,Cafe,Baja Temporal,Silvia Velazquez Olvera,2019-11-27 08:00:14,VFY-221-U.jpg
VHJ-120-F,SIN,Nissan March,Vino,Irregular,Roberto Barajas Villegas,2022-03-25 12:44:40,VHJ-120-F.jpg
VHW-365-H,SIN,Mercedes-Benz A-Class,Rojo Oscuro,Irregular,Daniel Sanchez Montes,2024-05-17 17:20:49,VHW-365-H.jpg
VLY-029-Y,SIN,Toyota Yaris,Blanco Perlado,Remarcaje,Ruben Moya Fuentes,2018-09-10 19:47:56,VLY-029-Y.jpg
VK1-652-E,SIN,Ford Focus,Verde Oscuro,Robado,Beatriz Fernandez Romero,2018-11-25 07:29:19,VK1-652-E.jpg
VKR-149-E,SIN,Ford Ranger,Vino,Homologacion,Oscar Plascencia Avila,2020-08-14 22:28:25,VKR-149-E.jpg
VGT-578-G,SIN,Jeep Wrangler,Dorado,Importacion Temporal,Ricardo Ramirez Navarro,2017-05-30 22:48:46,VGT-578-G.jpg
VJ4-471-U,SIN,Peugeot 308,Blanco,Cancelado,Armando Huerta Mejia,2018-12-20 00:40:15,VJ4-471-U.jpg
VMC-701-V,SIN,Renault Logan,Beige,Robado,Liliana Urbina Portillo,2025-06-02 18:59:25,VMC-701-V.jpg
VSC-276-P,SIN,Renault Sandero,Amarillo,Importacion Temporal,Elizabeth Herrera Vazquez,2021-04-12 03:23:52,VSC-276-P.jpg
VJD-651-L,SIN,Renault Kwid,Gris,Irregular,Silvia Villanueva Gutierrez,2021-09-22 03:52:41,VJD-651-L.jpg
VNV-952-M,SIN,Toyota Prius,Blanco,En Proceso Legal,David Torres Fernandez,2020-07-20 13:49:04,VNV-952-M.jpg
VRA-361-M,SIN,Toyota Prius,Plateado,Recuperado,Marina Valdez Escobar,2026-01-07 11:34:58,VRA-361-M.jpg
VRB-224-P,SIN,Renault Sandero,Negro,Remarcaje,Claudia Lopez Mendoza,2022-01-11 00:27:26,VRB-224-P.jpg
VRB-279-D,SIN,Mercedes-Benz C-Class,Vino,Reposicion,Eduardo Soto Ramos,2019-12-05 22:11:23,VRB-279-D.jpg
VKL-229-T,SIN,Honda Accord,Vino,Activo,Patricia Ruiz Mendoza,2024-09-21 22:43:53,VKL-229-T.jpg
VKS-030-E,SIN,Kia Sportage,Vino,Activo,Salvador Valencia Castillo,2024-11-26 15:50:14,VKS-030-E.jpg
VP2-033-T,SIN,Kia Sportage,Verde Oscuro,Reposicion,Martha Martinez Montes,2023-12-16 11:09:54,VP2-033-T.jpg
VL3-826-L,SIN,Kia Forte,Naranja,Activo,Isabel Romero Perez,2017-08-04 03:01:55,VL3-826-L.jpg
VFU-850-Z,SIN,Jeep Grand Cherokee,Cafe,Recuperado,Camila Rivera Navarro,2023-11-25 09:06:19,VFU-850-Z.jpg
VLH-307-X,SIN,Honda CR-V,Plateado,Activo,Javier Cervantes Gonzalez,2025-10-27 04:26:47,VLH-307-X.jpg
VFB-911-V,SIN,Mercedes-Benz A-Class,Plateado,Remarcaje,Guadalupe Esquivel Moya,2020-10-30 22:36:49,VFB-911-V.jpg
VFK-242-W,SIN,Ford Fiesta,Dorado,Remarcaje,Alejandra Montes Juarez,2021-08-16 11:40:32,VFK-242-W.jpg
VHY-824-B,SIN,Renault Logan,Gris,Activo,Andres Campos Cruz,2026-02-15 17:31:13,VHY-824-B.jpg
VS0-447-B,SIN,Audi Q3,Blanco,Remarcaje,Marisol Torres Sepulveda,2020-12-27 22:47:00,VS0-447-B.jpg
VHG-464-F,SIN,Ford Fiesta,Naranja,Irregular,Sandra Alvarez Quiroz,2021-06-23 03:34:42,VHG-464-F.jpg
VJT-610-G,SIN,Renault Kwid,Rojo Oscuro,Irregular,Alberto Contreras Moya,2018-10-14 10:43:41,VJT-610-G.jpg
VLV-529-E,SIN,Nissan March,Gris Oscuro,Recuperado,Angela Rosales Del Valle,2025-03-16 09:55:50,VLV-529-E.jpg
VNV-418-S,SIN,Ford Focus,Azul Marino,Cancelado,Mateo Esquivel Villanueva,2021-06-29 14:16:37,VNV-418-S.jpg
VL2-641-X,SIN,Mercedes-Benz C-Class,Gris,En Proceso Legal,Victor Quintero Castillo,2023-01-31 02:48:47,VL2-641-X.jpg
VR7-731-T,SIN,Jeep Wrangler,Vino,Baja Temporal,Antonio Gallegos Olvera,2022-09-16 08:56:32,VR7-731-T.jpg
VS5-220-W,SIN,Jeep Wrangler,Blanco Perlado,Robado,Marcos Guerrero Tovar,2026-03-27 10:50:13,VS5-220-W.jpg
VPE-653-G,SIN,Volkswagen Jetta,Negro,Activo,Sandra Quiroz Castro,2021-07-07 21:50:41,VPE-653-G.jpg
VNK-805-Y,SIN,Mercedes-Benz GLA,Rojo Oscuro,Importacion Temporal,Yolanda Gutierrez Rivera,2018-06-04 21:50:10,VNK-805-Y.jpg
VS7-990-G,SIN,Kia Sportage,Amarillo,Importacion Temporal,Isabel Quiroz Olvera,2022-02-02 20:27:52,VS7-990-G.jpg
VRX-703-M,SIN,Audi A3,Naranja,Robado,Guadalupe Izquierdo Reyes,2019-01-14 23:09:42,VRX-703-M.jpg
VN0-694-E,SIN,Chevrolet Spark,Dorado,Importacion Definitiva,Pedro Lopez Romero,2021-03-26 05:20:15,VN0-694-E.jpg
VJ1-706-C,SIN,Nissan Versa,Dorado,Irregular,Rosa Rosales Cervantes,2022-08-26 09:05:54,VJ1-706-C.jpg
VG8-686-E,SIN,Kia Rio,Naranja,Activo,Regina Villanueva Gallegos,2025-11-13 20:23:38,VG8-686-E.jpg
VSY-165-S,SIN,Renault Duster,Vino,Activo,Ignacio Zarate Carrillo,2024-05-23 01:45:28,VSY-165-S.jpg
VLB-001-F,SIN,Fiat Cronos,Beige,Activo,Juan Quintero Palacios,2021-11-28 02:36:30,VLB-001-F.jpg
VJG-498-M,SIN,Fiat Toro,Morado,En Proceso Legal,Maria Castro Ortega,2022-12-29 10:12:17,VJG-498-M.jpg
VG9-821-A,SIN,Toyota Yaris,Morado,Baja Definitiva,Eduardo Urbina Ramirez,2017-11-06 11:50:35,VG9-821-A.jpg
VLX-558-Z,SIN,Audi A3,Rojo,Activo,Alicia Suarez Cabrera,2024-03-25 14:29:28,VLX-558-Z.jpg
VPL-239-S,SIN,BMW 3 Series,Rojo,Cancelado,Pedro Salazar Carrillo,2018-05-27 00:29:37,VPL-239-S.jpg
VJ9-742-P,SIN,Ford Fusion,Cafe,Baja Temporal,Guillermo Montes Carrillo,2019-03-13 08:18:38,VJ9-742-P.jpg
VPH-982-S,SIN,Mercedes-Benz GLC,Plateado,Baja Temporal,Roberto Rodriguez Rosales,2021-02-25 13:36:39,VPH-982-S.jpg
VS2-133-B,SIN,Hyundai Accent,Azul Marino,Reposicion,Ricardo Rios Cervantes,2025-12-29 14:18:55,VS2-133-B.jpg
VR2-892-N,SIN,Mazda MX-5,Amarillo,En Proceso Legal,Veronica Correa Sanchez,2023-10-19 08:00:47,VR2-892-N.jpg
VGX-694-M,SIN,Nissan March,Blanco,Irregular,Alicia Martinez Jimenez,2020-10-17 21:31:47,VGX-694-M.jpg
VPF-557-L,SIN,Jeep Renegade,Beige,Remarcaje,Fernando Sandoval Quiroz,2017-08-19 23:24:12,VPF-557-L.jpg
VR3-883-S,SIN,Jeep Grand Cherokee,Blanco Perlado,Recuperado,Monica Diaz Ruiz,2020-03-29 21:59:14,VR3-883-S.jpg
VHB-215-P,SIN,Mercedes-Benz GLC,Rojo,Homologacion,Emilio Carrillo Martinez,2017-08-15 15:51:17,VHB-215-P.jpg
VJW-380-W,SIN,Toyota Corolla,Gris Oscuro,Activo,Sergio Del Valle Mejia,2025-08-19 21:41:00,VJW-380-W.jpg
VRT-023-V,SIN,Honda Civic,Plateado,Importacion Temporal,Carolina Vazquez Villanueva,2021-04-19 04:52:28,VRT-023-V.jpg
VFW-679-W,SIN,Ford Fiesta,Negro,Importacion Temporal,Monica Ramirez Espinoza,2018-04-01 06:36:19,VFW-679-W.jpg
VGF-153-Z,SIN,Chevrolet Aveo,Negro,Activo,Andres Zamora Ramos,2024-07-11 05:00:46,VGF-153-Z.jpg
VLR-220-K,SIN,Honda Civic,Negro,Remarcaje,Patricia Rosales Rios,2018-06-07 17:59:28,VLR-220-K.jpg
VRS-462-Y,SIN,Mercedes-Benz GLC,Cafe,Activo,Oscar Villegas Reyes,2021-12-08 01:18:52,VRS-462-Y.jpg
VKH-148-V,SIN,Nissan Versa,Amarillo,Importacion Temporal,Valeria Tovar Zamora,2018-11-16 11:20:20,VKH-148-V.jpg
VLE-440-U,SIN,BMW X3,Rojo Oscuro,Irregular,Andres Villegas Correa,2024-10-30 00:29:09,VLE-440-U.jpg
VFS-608-R,SIN,Fiat Toro,Azul,Irregular,Jorge Solano Zamora,2022-03-05 10:22:53,VFS-608-R.jpg
VLC-357-B,SIN,Jeep Grand Cherokee,Azul Marino,Importacion Definitiva,Carolina Portillo Garcia,2017-03-22 16:58:21,VLC-357-B.jpg
VNU-474-E,SIN,Volkswagen Amarok,Amarillo,Importacion Definitiva,Laura Navarro Sandoval,2017-09-07 03:22:15,VNU-474-E.jpg
VLP-774-C,SIN,Renault Logan,Vino,Activo,Hugo Zarate Leal,2024-07-05 17:00:27,VLP-774-C.jpg
VHC-187-X,SIN,Peugeot 208,Negro,Importacion Temporal,Juan Carrillo Vazquez,2020-06-24 14:46:44,VHC-187-X.jpg
VSY-068-X,SIN,Renault Kwid,Verde,Activo,Guillermo Solano Villanueva,2020-07-01 15:28:39,VSY-068-X.jpg
VL4-019-L,SIN,Mazda MX-5,Beige,Reposicion,Leticia Tapia Medina,2018-03-18 07:22:39,VL4-019-L.jpg
VKN-367-D,SIN,Fiat 500,Rojo Oscuro,Activo,Luis Zamora Martinez,2022-10-20 15:39:12,VKN-367-D.jpg
VKB-666-X,SIN,BMW X5,Plateado,Baja Temporal,Daniel Pacheco Castro,2021-04-11 09:17:41,VKB-666-X.jpg
VJU-085-U,SIN,Jeep Grand Cherokee,Dorado,Irregular,Teresa Del Valle Vargas,2019-06-09 20:57:20,VJU-085-U.jpg
VFV-798-Z,SIN,Mercedes-Benz C-Class,Verde,Irregular,Yolanda Valencia Ortega,2025-05-22 18:17:42,VFV-798-Z.jpg
VFE-086-M,SIN,Volkswagen Vento,Verde,Activo,Julieta Villanueva Huerta,2025-11-07 01:25:29,VFE-086-M.jpg
VGN-970-S,SIN,Chevrolet Beat,Blanco,Importacion Definitiva,Hector Suarez Salazar,2020-11-08 00:04:49,VGN-970-S.jpg
VGK-407-V,SIN,BMW X5,Blanco,Activo,Teresa Peña Orozco,2017-02-19 16:27:22,VGK-407-V.jpg
VGT-273-L,SIN,Volkswagen Amarok,Vino,Activo,Oscar Quiroz Rivera,2021-08-22 20:00:30,VGT-273-L.jpg
VLH-926-P,SIN,Peugeot 3008,Rojo,Homologacion,Victor Soto Aguilar,2023-05-31 05:49:16,VLH-926-P.jpg
VHN-528-V,SIN,Kia Forte,Beige,Cancelado,Noe Delgado Barajas,2017-07-21 21:25:12,VHN-528-V.jpg
VH6-841-U,SIN,Hyundai Tucson,Beige,Baja Definitiva,Silvia Villegas Mendoza,2017-03-30 13:33:14,VH6-841-U.jpg
VNC-140-Z,SIN,Renault Sandero,Morado,Cancelado,Mauricio Peña Quiroz,2021-12-03 02:16:41,VNC-140-Z.jpg
VSE-521-F,SIN,Volkswagen Vento,Vino,Importacion Temporal,Rocio Pacheco Sandoval,2025-12-05 04:48:57,VSE-521-F.jpg
VNY-140-B,SIN,Audi Q5,Morado,Remarcaje,Mateo Aguilar Aguilar,2023-12-24 03:04:01,VNY-140-B.jpg
VMD-982-X,SIN,Hyundai Accent,Rojo,Cancelado,Hugo Castillo Arroyo,2022-01-14 08:42:51,VMD-982-X.jpg
VSC-404-Z,SIN,Peugeot 5008,Naranja,Robado,Ignacio Zamora Campos,2017-07-21 08:37:49,VSC-404-Z.jpg
VKD-308-V,SIN,Hyundai Accent,Azul Marino,Importacion Temporal,Elias Maldonado Martinez,2021-06-21 18:56:34,VKD-308-V.jpg
VN4-028-J,SIN,Volkswagen Vento,Gris,Activo,Ana Salazar Villegas,2023-04-27 06:25:04,VN4-028-J.jpg
VJU-145-T,SIN,Mazda CX-5,Vino,Activo,Alejandro Mendoza Herrera,2025-01-03 03:42:06,VJU-145-T.jpg
VH3-270-G,SIN,Renault Duster,Gris,Baja Definitiva,Yolanda Trejo Villanueva,2022-08-15 20:48:00,VH3-270-G.jpg
VL6-763-U,SIN,Jeep Renegade,Cafe,Reposicion,Paola Garcia Aguilar,2018-09-23 17:59:49,VL6-763-U.jpg
VPH-496-V,SIN,Hyundai Accent,Gris Oscuro,Recuperado,Armando Sandoval Camacho,2023-12-10 12:36:50,VPH-496-V.jpg
VPX-652-J,SIN,Kia Rio,Azul,Activo,Emilio Martinez Villegas,2023-10-28 16:11:41,VPX-652-J.jpg
VSR-137-L,SIN,Honda HR-V,Azul,Robado,Yolanda Plascencia Sepulveda,2022-03-26 10:29:40,VSR-137-L.jpg
VFH-047-A,SIN,Audi Q3,Verde Oscuro,Irregular,Fabiola Chavez Flores,2021-10-10 01:02:43,VFH-047-A.jpg
VNV-218-F,SIN,Chevrolet Spark,Plateado,Activo,Eduardo Contreras Ramos,2018-04-03 12:56:27,VNV-218-F.jpg
VRA-942-F,SIN,Mazda MX-5,Vino,Activo,Martha Medina Olvera,2017-08-20 03:37:58,VRA-942-F.jpg
VFS-974-M,SIN,Honda HR-V,Plateado,Irregular,David Hernandez Jimenez,2025-01-06 12:47:58,VFS-974-M.jpg
VMR-600-J,SIN,Mercedes-Benz A-Class,Rojo,Reposicion,Rebeca Moya Gonzalez,2025-03-07 09:20:46,VMR-600-J.jpg
VMK-573-S,SIN,BMW 5 Series,Naranja,Cancelado,Salvador Peña Sanchez,2019-10-10 15:14:36,VMK-573-S.jpg
VPH-745-L,SIN,Honda Accord,Vino,Recuperado,Carlos Pineda Correa,2024-05-14 17:30:27,VPH-745-L.jpg
VR7-384-N,SIN,Nissan Versa,Naranja,Importacion Temporal,Alejandra Fernandez Palacios,2018-05-10 14:52:25,VR7-384-N.jpg
VNW-300-F,SIN,Kia Forte,Verde,Robado,Elizabeth Mendoza Moya,2020-10-15 05:42:39,VNW-300-F.jpg
VM0-046-S,SIN,Mercedes-Benz C-Class,Blanco Perlado,Importacion Definitiva,Armando Jimenez Bravo,2025-07-23 12:03:40,VM0-046-S.jpg
VPE-426-G,SIN,Jeep Compass,Dorado,Activo,Emilio Cordero Montes,2024-08-30 06:39:26,VPE-426-G.jpg
VSS-230-W,SIN,Volkswagen Vento,Naranja,Robado,Estela Zarate Cruz,2019-11-19 04:37:52,VSS-230-W.jpg
VNC-340-B,SIN,Peugeot 3008,Gris Oscuro,Activo,Sofia Bravo Rosales,2022-09-27 08:40:26,VNC-340-B.jpg
VFX-781-V,SIN,Honda HR-V,Verde Oscuro,Importacion Definitiva,Oscar Arroyo Mejia,2024-11-01 03:20:48,VFX-781-V.jpg
VPR-702-C,SIN,Renault Logan,Vino,Recuperado,Estela Zamora Ramirez,2020-06-02 17:03:48,VPR-702-C.jpg
VUK-734-R,SON,Fiat 500,Plateado,Cancelado,Roberto Huerta Zamora,2023-03-13 04:50:43,VUK-734-R.jpg
W85-403-S,SON,Fiat Cronos,Negro,Importacion Definitiva,Rebeca Rivera Solano,2025-12-02 16:51:26,W85-403-S.jpg
WK6-981-T,SON,Volkswagen Jetta,Rojo,Recuperado,Elias Cervantes Torres,2022-06-24 02:10:24,WK6-981-T.jpg
WH6-958-G,SON,Fiat Cronos,Azul,Robado,Rocio Avila Bravo,2022-08-07 17:47:05,WH6-958-G.jpg
VZ5-027-Y,SON,Toyota Prius,Amarillo,Cancelado,Silvia Trejo Fernandez,2022-04-24 21:27:45,VZ5-027-Y.jpg
WAT-265-J,SON,Audi A3,Plateado,Baja Definitiva,David Carrillo Cruz,2023-03-06 07:06:39,WAT-265-J.jpg
VTL-869-D,SON,Peugeot 5008,Blanco Perlado,Recuperado,Laura Zamora Vazquez,2024-02-24 14:45:20,VTL-869-D.jpg
W7C-727-E,SON,Honda CR-V,Dorado,Activo,Norma Navarro Quiroz,2025-11-24 04:31:17,W7C-727-E.jpg
WB6-143-J,SON,Chevrolet Aveo,Vino,Activo,Estela Rios Diaz,2017-11-15 10:52:54,WB6-143-J.jpg
W19-283-E,SON,Mercedes-Benz A-Class,Gris,Homologacion,Diego Gallegos Cabrera,2018-12-07 15:52:52,W19-283-E.jpg
WKP-362-H,SON,Mazda 2,Plateado,Baja Definitiva,Diego Contreras Rios,2022-05-08 04:29:26,WKP-362-H.jpg
W8N-478-S,SON,Chevrolet Cruze,Naranja,Cancelado,Jorge Chavez Estrada,2018-07-12 05:41:31,W8N-478-S.jpg
WFW-028-P,SON,Nissan March,Amarillo,Importacion Temporal,Hugo Zarate Ruiz,2020-07-30 03:39:03,WFW-028-P.jpg
WGG-749-Y,SON,Hyundai Elantra,Verde,Activo,Liliana Soto Plascencia,2019-07-20 08:48:52,WGG-749-Y.jpg
VYN-752-E,SON,Peugeot 3008,Beige,Reposicion,Elsa Navarro Valencia,2017-09-08 12:17:45,VYN-752-E.jpg
VYP-498-K,SON,Nissan Versa,Rojo Oscuro,Reposicion,Marina Guerrero Avila,2023-03-22 17:35:55,VYP-498-K.jpg
VZW-479-C,SON,Audi A4,Plateado,Baja Temporal,Pedro Solano Juarez,2024-02-05 08:31:39,VZW-479-C.jpg
W8B-886-W,SON,Honda Accord,Cafe,Recuperado,Ernesto Mejia Sanchez,2019-02-24 23:16:24,W8B-886-W.jpg
WHM-872-P,SON,BMW 5 Series,Gris,Cancelado,Lucia Pacheco Tovar,2022-01-30 00:41:58,WHM-872-P.jpg
WHL-098-G,SON,Hyundai Tucson,Dorado,Baja Temporal,Sandra Izquierdo Huerta,2021-10-07 12:53:06,WHL-098-G.jpg
W5M-301-F,SON,Toyota Yaris,Gris,Importacion Temporal,Silvia Jimenez Beltran,2024-06-28 12:59:06,W5M-301-F.jpg
W77-480-V,SON,Nissan March,Verde,Homologacion,Arturo Rosales Rodriguez,2019-07-26 13:06:27,W77-480-V.jpg
W0C-937-F,SON,Audi A3,Rojo,Robado,Laura Beltran Salazar,2023-08-03 14:47:12,W0C-937-F.jpg
W22-913-K,SON,Honda Accord,Verde Oscuro,Activo,Alicia Palacios Urbina,2020-12-30 10:19:36,W22-913-K.jpg
W7K-971-D,SON,Audi A4,Gris,Activo,Daniel Beltran Figueroa,2021-12-28 18:05:49,W7K-971-D.jpg
VUP-941-W,SON,Toyota Corolla,Plateado,Reposicion,Rebeca Chavez Trejo,2022-10-17 09:07:39,VUP-941-W.jpg
WBV-027-S,SON,Nissan Versa,Verde Oscuro,Irregular,Antonio Acosta Flores,2018-04-14 18:23:35,WBV-027-S.jpg
WCX-197-Z,SON,Nissan Sentra,Rojo Oscuro,Baja Temporal,Daniela Contreras Rios,2017-11-20 04:55:27,WCX-197-Z.jpg
W46-966-U,SON,Volkswagen Amarok,Azul,Activo,Eduardo Orozco Salazar,2024-07-06 07:50:57,W46-966-U.jpg
WCL-964-V,SON,Mazda CX-5,Blanco,En Proceso Legal,Carolina Mora Flores,2023-03-09 21:05:51,WCL-964-V.jpg
WH0-098-E,SON,Nissan Sentra,Blanco,Importacion Definitiva,Lucia Villegas Leal,2024-05-13 03:30:13,WH0-098-E.jpg
WGR-491-W,SON,Kia Sorento,Gris,Recuperado,Ruben Trejo Espinoza,2024-07-31 14:39:45,WGR-491-W.jpg
VU1-240-S,SON,Audi A4,Cafe,Activo,Valeria Portillo Reyes,2025-01-10 14:07:30,VU1-240-S.jpg
WA5-535-C,SON,Mazda CX-5,Gris,Reposicion,Marco Sandoval Navarro,2017-08-05 00:51:59,WA5-535-C.jpg
W2V-834-J,SON,Mercedes-Benz C-Class,Azul Marino,Activo,Norma Cruz Serrano,2025-02-14 17:36:02,W2V-834-J.jpg
W1B-639-N,SON,Mazda CX-5,Blanco Perlado,Cancelado,Teresa Sanchez Fuentes,2017-02-27 07:02:50,W1B-639-N.jpg
VZE-797-S,SON,Renault Sandero,Blanco,Irregular,Mateo Pacheco Juarez,2021-10-02 17:29:52,VZE-797-S.jpg
WJY-962-N,SON,Renault Sandero,Plateado,Activo,Ignacio Quiroz Morales,2021-04-21 14:22:30,WJY-962-N.jpg
W9X-315-U,SON,Fiat Toro,Verde,Activo,Sebastian Lopez Pacheco,2025-03-05 21:43:50,W9X-315-U.jpg
WAZ-184-W,SON,Kia Forte,Rojo,Activo,Benjamin Delgado Medina,2024-07-11 16:20:42,WAZ-184-W.jpg
WF3-767-A,SON,Nissan Versa,Naranja,Recuperado,Sandra Villalobos Garcia,2025-01-15 18:09:01,WF3-767-A.jpg
WB9-148-M,SON,Jeep Compass,Verde Oscuro,Cancelado,Eduardo Valencia Pineda,2019-05-11 16:07:17,WB9-148-M.jpg
WC3-945-M,SON,Kia Rio,Plateado,Activo,Roberto Zarate De La Cruz,2025-11-01 14:58:39,WC3-945-M.jpg
W30-867-W,SON,BMW 5 Series,Verde Oscuro,Activo,Carmen Mora Ramos,2022-09-21 00:51:22,W30-867-W.jpg
VVZ-022-F,SON,Kia Sportage,Beige,Activo,Estela Fernandez Portillo,2020-12-20 17:42:02,VVZ-022-F.jpg
VVY-304-C,SON,Mercedes-Benz A-Class,Blanco,Activo,Guillermo Juarez Serrano,2019-11-09 16:46:26,VVY-304-C.jpg
W30-269-A,SON,Ford Ranger,Gris,Cancelado,Marina Portillo Velazquez,2020-06-27 17:15:56,W30-269-A.jpg
WC0-595-B,SON,Ford Fusion,Verde Oscuro,Baja Definitiva,Hector Castro Ortega,2024-11-29 07:54:41,WC0-595-B.jpg
WJM-568-S,SON,Ford Fiesta,Plateado,Importacion Temporal,Emilio Sepulveda Villegas,2021-05-05 12:39:30,WJM-568-S.jpg
VU4-843-Y,SON,Nissan NP300,Rojo,Robado,Carmen Jimenez Peña,2020-07-30 11:09:40,VU4-843-Y.jpg
WDY-179-L,SON,Fiat Argo,Azul Marino,Irregular,Benjamin Juarez Flores,2017-04-06 00:44:17,WDY-179-L.jpg
W64-378-C,SON,Audi Q5,Rojo,Irregular,Alicia Bravo Plascencia,2018-06-16 12:36:42,W64-378-C.jpg
W8L-831-C,SON,Toyota Prius,Beige,Baja Temporal,Sandra Juarez Juarez,2018-03-29 10:15:55,W8L-831-C.jpg
WK6-416-V,SON,Mercedes-Benz GLC,Morado,Importacion Temporal,Alicia Correa Serrano,2023-06-14 19:58:43,WK6-416-V.jpg
WAZ-221-J,SON,Honda CR-V,Amarillo,Reposicion,Roberto Huerta Aguilar,2024-06-05 00:56:37,WAZ-221-J.jpg
WB0-336-R,SON,Jeep Wrangler,Blanco Perlado,Importacion Temporal,David Rosales Huerta,2019-10-02 18:35:48,WB0-336-R.jpg
VYT-629-L,SON,BMW 3 Series,Blanco,Reposicion,Regina Olvera Palacios,2025-10-19 11:44:57,VYT-629-L.jpg
WG2-391-M,SON,Toyota Corolla,Rojo Oscuro,Baja Definitiva,Silvia Tapia Medina,2025-12-21 13:16:09,WG2-391-M.jpg
W4P-535-N,SON,Kia Sorento,Verde,Irregular,Jesus Flores Barajas,2020-06-11 08:35:00,W4P-535-N.jpg
WGT-120-U,SON,Jeep Wrangler,Amarillo,Irregular,Juan Velazquez Aguilar,2020-09-24 02:38:43,WGT-120-U.jpg
W1H-970-M,SON,Toyota Prius,Verde Oscuro,Homologacion,Fabiola Campos Tovar,2020-07-27 12:29:55,W1H-970-M.jpg
W4H-203-W,SON,Audi A4,Blanco,Cancelado,Regina Hernandez Castillo,2026-02-21 17:03:35,W4H-203-W.jpg
WF7-232-V,SON,Jeep Compass,Amarillo,Activo,Adolfo Plascencia Gutierrez,2024-10-15 05:15:12,WF7-232-V.jpg
WJ6-154-H,SON,Fiat Cronos,Verde Oscuro,Baja Definitiva,Rebeca Villanueva Morales,2020-07-26 15:40:20,WJ6-154-H.jpg
VYT-463-M,SON,Ford Focus,Naranja,Activo,Antonio Tovar Huerta,2022-09-05 12:44:56,VYT-463-M.jpg
WC1-571-X,SON,Mercedes-Benz GLC,Amarillo,Importacion Definitiva,Mauricio Perez Vargas,2024-11-28 12:39:17,WC1-571-X.jpg
W15-072-P,SON,Kia Rio,Verde Oscuro,Baja Definitiva,Diego Velazquez Mendoza,2025-06-16 21:13:13,W15-072-P.jpg
WFW-028-A,SON,Jeep Compass,Gris,Irregular,Arturo Pacheco Jimenez,2024-11-21 08:54:13,WFW-028-A.jpg
W8T-602-S,SON,Jeep Wrangler,Azul,Reposicion,Elizabeth Luna Vargas,2026-05-03 04:44:52,W8T-602-S.jpg
VY2-721-W,SON,BMW X3,Gris Oscuro,Activo,Lucia Aguilar Serrano,2024-06-18 05:13:41,VY2-721-W.jpg
W6E-804-C,SON,Nissan Sentra,Blanco,Activo,Hugo Leal Navarro,2024-07-29 16:40:32,W6E-804-C.jpg
W8P-165-J,SON,Chevrolet Beat,Verde Oscuro,Reposicion,Oscar Villegas Castro,2024-09-18 00:49:22,W8P-165-J.jpg
VXT-952-F,SON,BMW X3,Vino,Irregular,Marina Maldonado Rodriguez,2023-04-19 15:37:07,VXT-952-F.jpg
WHU-639-P,SON,Mazda MX-5,Azul,Activo,Renata Soto Mora,2020-06-18 05:24:53,WHU-639-P.jpg
WAW-480-R,SON,Renault Kwid,Cafe,Reposicion,Rebeca Flores Cordero,2018-07-05 10:03:50,WAW-480-R.jpg
W79-708-H,SON,Nissan Versa,Dorado,Activo,Carmen Luna Alvarez,2024-03-14 17:54:18,W79-708-H.jpg
VTP-067-D,SON,Renault Sandero,Cafe,Cancelado,Elizabeth Gutierrez Pacheco,2023-03-05 04:37:49,VTP-067-D.jpg
WDF-690-X,SON,Renault Duster,Azul Marino,Robado,Jesus Urbina Correa,2020-02-06 16:48:19,WDF-690-X.jpg
WH8-608-T,SON,Jeep Grand Cherokee,Amarillo,Irregular,Monica Maldonado Castro,2019-04-19 12:18:33,WH8-608-T.jpg
W9A-434-C,SON,Volkswagen Golf,Plateado,Irregular,Gabriela Cervantes Maldonado,2022-08-13 19:54:56,W9A-434-C.jpg
VWN-421-F,SON,BMW X5,Gris Oscuro,Activo,Alberto Ruiz Cordero,2025-04-17 15:09:07,VWN-421-F.jpg
VXH-828-A,SON,Volkswagen Golf,Amarillo,Baja Temporal,Hugo Ruiz Mendoza,2021-03-08 03:39:28,VXH-828-A.jpg
VUB-704-B,SON,Renault Kwid,Azul,Activo,Adolfo Rios Maldonado,2023-01-03 01:37:37,VUB-704-B.jpg
WDF-740-D,SON,Ford Focus,Azul,Importacion Temporal,Felipe Fuentes Tovar,2018-10-04 23:19:25,WDF-740-D.jpg
W5L-130-B,SON,Chevrolet Cruze,Azul Marino,En Proceso Legal,Ignacio Rios Villegas,2023-12-13 06:16:03,W5L-130-B.jpg
WDJ-374-U,SON,Fiat 500,Rojo Oscuro,Importacion Temporal,Elizabeth Castillo Barajas,2026-04-01 17:29:45,WDJ-374-U.jpg
VTE-862-L,SON,Nissan Sentra,Plateado,Remarcaje,Sebastian Villanueva Esquivel,2017-05-12 04:39:14,VTE-862-L.jpg
W5W-859-L,SON,Fiat 500,Vino,Activo,Elsa Velazquez Avila,2025-05-13 13:17:12,W5W-859-L.jpg
WE4-001-U,SON,Chevrolet Beat,Verde Oscuro,Activo,Silvia Serrano Escobar,2018-03-28 13:27:21,WE4-001-U.jpg
WB7-856-L,SON,Renault Logan,Blanco Perlado,Activo,Roberto Camacho Tovar,2021-04-17 17:07:13,WB7-856-L.jpg
VYP-827-P,SON,Renault Sandero,Dorado,Activo,Emilio Ortega Luna,2017-03-03 05:10:36,VYP-827-P.jpg
WJ6-080-X,SON,Ford Fiesta,Rojo,Baja Definitiva,Sofia Pineda Perez,2023-08-20 12:49:05,WJ6-080-X.jpg
W9T-382-Z,SON,BMW X3,Rojo,Robado,Carlos Romero Diaz,2025-05-21 03:43:34,W9T-382-Z.jpg
W15-702-P,SON,Hyundai Elantra,Rojo Oscuro,Recuperado,Ricardo Quiroz Diaz,2024-03-13 23:12:31,W15-702-P.jpg
VZR-146-E,SON,Audi Q5,Rojo,Homologacion,Gabriela Arroyo Chavez,2017-08-18 06:11:56,VZR-146-E.jpg
W5E-608-H,SON,Renault Duster,Plateado,Irregular,Jose Delgado Izquierdo,2023-02-22 21:25:18,W5E-608-H.jpg
VXE-354-B,SON,Ford Fiesta,Beige,En Proceso Legal,Alberto Castillo Pineda,2018-03-16 09:38:58,VXE-354-B.jpg
WAW-680-X,SON,Honda CR-V,Rojo,Baja Definitiva,Patricia Zarate Guerrero,2026-03-21 09:43:06,WAW-680-X.jpg
W8L-304-D,SON,Kia Rio,Gris Oscuro,Robado,Hugo Rios Guerrero,2021-09-26 09:28:21,W8L-304-D.jpg
WDP-597-M,SON,Mercedes-Benz GLA,Amarillo,Reposicion,Rebeca Villanueva Medina,2019-05-14 18:10:06,WDP-597-M.jpg
W4B-014-D,SON,Honda CR-V,Dorado,Activo,Teresa Zarate Mendoza,2023-11-29 01:36:58,W4B-014-D.jpg
WGU-813-R,SON,Mazda 3,Negro,Irregular,Rebeca Vargas Arellano,2020-05-29 19:22:05,WGU-813-R.jpg
WAD-364-Z,SON,Kia Rio,Rojo,Irregular,Adriana Velazquez Huerta,2025-11-27 19:19:50,WAD-364-Z.jpg
VVW-291-J,SON,Peugeot 208,Vino,Cancelado,Carolina Reyes Del Valle,2020-10-10 18:29:38,VVW-291-J.jpg
W7F-034-P,SON,BMW X3,Plateado,Activo,Raul Palacios Nieto,2024-02-16 10:13:17,W7F-034-P.jpg
W3K-918-T,SON,Nissan Versa,Vino,Cancelado,Carmen Luna Villalobos,2025-06-21 22:54:59,W3K-918-T.jpg
W0F-261-B,SON,Mercedes-Benz GLA,Negro,Robado,Alicia Suarez Nieto,2026-05-20 15:15:42,W0F-261-B.jpg
WCF-861-H,SON,Chevrolet Cruze,Amarillo,Activo,Ignacio Portillo Fernandez,2019-03-24 13:13:27,WCF-861-H.jpg
WC0-048-S,SON,Peugeot 5008,Vino,Recuperado,Luis Del Valle Rios,2019-09-04 04:21:30,WC0-048-S.jpg
W5X-617-Z,SON,Toyota Corolla,Beige,Activo,Benjamin Gallegos Tovar,2018-01-19 19:51:11,W5X-617-Z.jpg
W8N-968-N,SON,Nissan Versa,Morado,Activo,Patricia Gallegos Salazar,2018-07-22 03:44:32,W8N-968-N.jpg
WD2-764-B,SON,Fiat Argo,Azul Marino,Importacion Definitiva,Daniela Castro Esquivel,2017-12-06 14:00:01,WD2-764-B.jpg
VWV-787-J,SON,Peugeot 208,Amarillo,En Proceso Legal,Emilio Villanueva Fernandez,2023-06-09 15:37:15,VWV-787-J.jpg
WEN-099-H,SON,Hyundai Santa Fe,Blanco Perlado,Activo,Ana Velazquez Rios,2023-01-13 19:35:30,WEN-099-H.jpg
WBH-343-D,SON,Chevrolet Aveo,Verde Oscuro,Activo,Fabiola Guerrero Dominguez,2022-05-26 01:41:09,WBH-343-D.jpg
WHD-705-G,SON,Jeep Compass,Cafe,Homologacion,Teresa Vargas Valdez,2023-05-07 00:13:25,WHD-705-G.jpg
VV5-759-P,SON,Ford Fusion,Verde,Baja Definitiva,Leticia Huerta Mora,2017-02-10 06:10:20,VV5-759-P.jpg
WE5-992-Y,SON,Jeep Compass,Verde,Baja Temporal,Marisol Zamora Ramos,2019-07-27 16:02:50,WE5-992-Y.jpg
WA4-465-D,SON,Mazda CX-5,Blanco,Importacion Temporal,Rocio Mendoza Reyes,2024-08-21 00:00:44,WA4-465-D.jpg
VYA-289-X,SON,Honda HR-V,Dorado,Irregular,Javier Solano Campos,2020-06-25 21:56:15,VYA-289-X.jpg
WF0-146-S,SON,Chevrolet Aveo,Vino,Irregular,Guadalupe Del Valle Reyes,2022-08-22 22:47:16,WF0-146-S.jpg
VY1-205-X,SON,Hyundai Accent,Rojo,En Proceso Legal,Paola Cabrera Esquivel,2017-06-13 05:45:36,VY1-205-X.jpg
W32-769-C,SON,Mercedes-Benz A-Class,Beige,Homologacion,Carmen Mejia Soto,2025-06-20 17:07:41,W32-769-C.jpg
W1M-025-F,SON,Jeep Wrangler,Verde,Importacion Temporal,Juan Fuentes Medina,2026-05-20 18:25:32,W1M-025-F.jpg
WC8-528-Z,SON,Nissan Sentra,Blanco Perlado,Remarcaje,Jose Campos Rodriguez,2025-01-08 16:45:02,WC8-528-Z.jpg
WEE-178-J,SON,Mazda CX-5,Beige,Importacion Definitiva,Miguel Contreras Quiroz,2025-05-31 04:43:08,WEE-178-J.jpg
WJT-462-M,SON,Renault Duster,Rojo,Activo,Rosa Lopez Gutierrez,2023-08-19 15:17:31,WJT-462-M.jpg
WHL-030-Z,SON,Kia Sorento,Azul,Irregular,Elsa Soto Cruz,2026-03-01 08:54:44,WHL-030-Z.jpg
W4N-621-R,SON,Mercedes-Benz GLC,Azul,Baja Temporal,Claudia Izquierdo Villegas,2023-02-15 23:11:05,W4N-621-R.jpg
WBK-434-G,SON,Audi Q3,Blanco,Importacion Definitiva,Jose Cabrera Rios,2017-01-13 16:52:06,WBK-434-G.jpg
VZA-327-D,SON,Nissan Sentra,Azul Marino,Activo,Noe Trejo Avila,2025-08-05 16:44:20,VZA-327-D.jpg
W0P-105-A,SON,Peugeot 308,Vino,Remarcaje,Rocio Moya Figueroa,2018-05-19 17:55:57,W0P-105-A.jpg
WH0-914-Z,SON,Audi Q3,Plateado,Activo,Sofia Hernandez Velazquez,2024-09-11 01:38:26,WH0-914-Z.jpg
W8X-849-L,SON,Renault Logan,Gris,Robado,Carolina Plascencia Valdez,2018-02-25 02:30:14,W8X-849-L.jpg
W7Y-830-L,SON,Kia Rio,Gris Oscuro,Irregular,Monica Silva Rivera,2022-09-23 08:50:53,W7Y-830-L.jpg
WA0-061-C,SON,Kia Sportage,Cafe,Recuperado,Mauricio Morales Suarez,2023-12-23 23:07:03,WA0-061-C.jpg
WAJ-476-B,SON,Chevrolet Beat,Negro,Importacion Definitiva,Jose Gonzalez Ruiz,2022-09-21 07:10:37,WAJ-476-B.jpg
WF3-574-C,SON,Mercedes-Benz GLC,Azul Marino,Activo,German Flores Diaz,2022-05-05 06:54:15,WF3-574-C.jpg
WAP-714-W,SON,Mazda MX-5,Blanco,Robado,Estela Dominguez Gallegos,2021-12-23 13:21:28,WAP-714-W.jpg
WC3-668-L,SON,Mazda MX-5,Blanco,Robado,Gabriela Tapia Medina,2023-05-06 15:05:20,WC3-668-L.jpg
VVZ-341-X,SON,Peugeot 308,Morado,Activo,Oscar Peña Castro,2018-11-13 03:01:40,VVZ-341-X.jpg
W5B-897-K,SON,Toyota Prius,Cafe,Reposicion,Manuel Aguilar Rios,2021-12-24 10:04:21,W5B-897-K.jpg
VUV-676-Y,SON,Kia Rio,Azul Marino,Remarcaje,Marco Valdez Guerrero,2020-05-25 17:52:01,VUV-676-Y.jpg
VX6-172-S,SON,Hyundai Tucson,Beige,Activo,Julieta Cabrera Zamora,2020-09-27 13:32:34,VX6-172-S.jpg
WB9-037-V,SON,Peugeot 5008,Beige,Activo,Ernesto Arellano Rodriguez,2018-10-14 21:20:38,WB9-037-V.jpg
W1N-758-G,SON,Audi Q5,Rojo,Baja Definitiva,Veronica Velazquez Izquierdo,2017-05-10 13:12:12,W1N-758-G.jpg
W2T-263-J,SON,Renault Duster,Azul,Cancelado,Carmen Esquivel Guerrero,2020-11-22 18:55:04,W2T-263-J.jpg
W34-533-R,SON,Fiat 500,Verde Oscuro,Irregular,Jose Plascencia Barajas,2024-09-20 09:16:29,W34-533-R.jpg
W54-511-T,SON,Ford Ranger,Morado,Recuperado,Raul Tapia Mendoza,2017-09-16 03:30:02,W54-511-T.jpg
W5R-489-T,SON,Renault Sandero,Amarillo,Irregular,Guillermo Ortega Tapia,2024-07-27 02:31:41,W5R-489-T.jpg
VX7-089-U,SON,Kia Rio,Plateado,Activo,Daniel Silva Quiroz,2022-08-16 18:43:36,VX7-089-U.jpg
VVT-376-L,SON,Ford Fusion,Vino,Robado,Alberto Aguilar Valdez,2025-12-25 22:08:35,VVT-376-L.jpg
WAU-462-Y,SON,Mazda 3,Gris,Activo,Hector Guerrero Rodriguez,2019-10-05 08:39:21,WAU-462-Y.jpg
W18-997-P,SON,Volkswagen Golf,Plateado,Reposicion,Angela Montes Flores,2025-01-27 12:55:52,W18-997-P.jpg
W2S-118-G,SON,Toyota Hilux,Azul Marino,Activo,Alberto Torres Mora,2025-08-17 08:22:24,W2S-118-G.jpg
WBC-282-J,SON,Toyota Prius,Plateado,En Proceso Legal,Jorge Vazquez Velazquez,2022-01-03 22:20:05,WBC-282-J.jpg
WCJ-679-D,SON,Chevrolet Spark,Gris Oscuro,En Proceso Legal,Rosa Mora Villanueva,2021-07-30 00:41:58,WCJ-679-D.jpg
W2Z-260-U,SON,Volkswagen Vento,Amarillo,Baja Temporal,Renata Dominguez Escobar,2018-01-28 14:08:09,W2Z-260-U.jpg
W6E-186-X,SON,Hyundai Elantra,Verde,Activo,Renata Mejia Garcia,2023-08-01 07:51:34,W6E-186-X.jpg
W03-483-W,SON,Hyundai Accent,Blanco Perlado,Recuperado,Angela Gallegos Luna,2018-06-21 15:57:09,W03-483-W.jpg
WH6-653-H,SON,Jeep Grand Cherokee,Plateado,Activo,Benjamin Pineda Perez,2022-02-11 23:41:41,WH6-653-H.jpg
VXK-687-A,SON,Peugeot 208,Cafe,Irregular,Elias Torres Carrillo,2017-05-03 09:32:15,VXK-687-A.jpg
WH9-364-B,SON,Kia Forte,Amarillo,Irregular,Elsa Hernandez Barajas,2025-06-16 14:06:03,WH9-364-B.jpg
W7U-753-M,SON,Kia Sportage,Rojo,Remarcaje,Alberto Silva Fuentes,2025-06-24 02:26:03,W7U-753-M.jpg
W3V-649-G,SON,Peugeot 208,Verde,Activo,Guadalupe Herrera Cabrera,2018-12-03 13:47:20,W3V-649-G.jpg
WEY-910-P,SON,Peugeot 5008,Blanco Perlado,En Proceso Legal,Noe Figueroa Rivera,2017-09-18 12:57:10,WEY-910-P.jpg
W2J-818-G,SON,Audi A4,Negro,Activo,Veronica Soto Vazquez,2020-02-02 21:33:35,W2J-818-G.jpg
VZJ-604-R,SON,Jeep Grand Cherokee,Dorado,Reposicion,Alejandro Gutierrez Cabrera,2024-06-24 03:40:27,VZJ-604-R.jpg
WAL-349-Z,SON,Audi A4,Blanco,Activo,Manuel Campos Bravo,2023-07-18 10:59:51,WAL-349-Z.jpg
WDF-183-S,SON,Fiat Toro,Verde,Robado,Pedro Estrada Herrera,2023-09-11 05:26:05,WDF-183-S.jpg
VXX-080-V,SON,Mercedes-Benz C-Class,Azul,Activo,Renata Moya Rivera,2017-02-07 23:03:33,VXX-080-V.jpg
WA9-233-K,SON,Toyota Corolla,Gris Oscuro,Homologacion,Sofia Esquivel Rosales,2017-10-27 15:01:25,WA9-233-K.jpg
VV3-595-E,SON,Chevrolet Aveo,Blanco,Importacion Definitiva,Rocio Izquierdo Plascencia,2018-03-12 05:05:47,VV3-595-E.jpg
WBX-646-X,SON,Jeep Renegade,Naranja,Baja Temporal,Francisco Izquierdo Beltran,2018-06-12 00:55:19,WBX-646-X.jpg
VW6-491-X,SON,Ford Ranger,Blanco Perlado,Remarcaje,Carmen Izquierdo Herrera,2020-08-19 01:15:29,VW6-491-X.jpg
VZ0-667-L,SON,Jeep Compass,Vino,Irregular,Isabel Plascencia Morales,2021-06-17 03:22:23,VZ0-667-L.jpg
WC6-258-F,SON,Honda HR-V,Gris,Activo,Noe Leal Esquivel,2017-05-17 06:18:16,WC6-258-F.jpg
WJL-197-B,SON,Mercedes-Benz A-Class,Negro,Activo,Laura Olvera Gallegos,2021-04-15 11:58:12,WJL-197-B.jpg
VXV-490-P,SON,Ford Fusion,Blanco Perlado,Robado,Eduardo Morales Navarro,2017-07-26 00:15:37,VXV-490-P.jpg
WGT-509-Y,SON,Chevrolet Cruze,Verde Oscuro,Cancelado,Daniel Del Valle Vazquez,2017-09-14 08:43:53,WGT-509-Y.jpg
WKU-558-B,SON,Audi A4,Amarillo,Homologacion,Guadalupe Ramos Olvera,2025-03-04 08:21:04,WKU-558-B.jpg
W5B-778-A,SON,Audi A4,Azul Marino,Activo,Luis Montoya Villanueva,2021-01-02 02:37:22,W5B-778-A.jpg
W84-303-G,SON,Fiat 500,Plateado,Importacion Temporal,Rocio Hernandez Vazquez,2024-08-15 14:39:53,W84-303-G.jpg
VVJ-665-P,SON,Jeep Compass,Plateado,Importacion Temporal,Eduardo Alvarez Lopez,2024-04-12 21:29:59,VVJ-665-P.jpg
VVA-818-M,SON,Honda Civic,Plateado,Activo,Alejandro Estrada Velazquez,2024-07-24 01:00:07,VVA-818-M.jpg
VYD-446-D,SON,Toyota Hilux,Beige,Homologacion,Ernesto Vazquez Espinoza,2023-06-14 14:58:16,VYD-446-D.jpg
W72-712-G,SON,Ford Fiesta,Beige,Remarcaje,Guadalupe Soto Delgado,2019-02-09 02:29:24,W72-712-G.jpg
W67-585-K,SON,Ford Ranger,Blanco,Baja Temporal,Silvia Campos Pacheco,2018-02-14 05:30:34,W67-585-K.jpg
VTV-029-M,SON,Jeep Grand Cherokee,Verde,Baja Temporal,Arturo Castro Serrano,2020-10-07 06:53:57,VTV-029-M.jpg
VXR-831-E,SON,Nissan March,Cafe,Baja Definitiva,Elsa Cabrera Cruz,2024-09-06 04:55:17,VXR-831-E.jpg
VW9-431-G,SON,Hyundai Santa Fe,Amarillo,Baja Definitiva,Marcos Vazquez Morales,2021-02-10 03:04:12,VW9-431-G.jpg
WGR-991-X,SON,Fiat 500,Azul Marino,Importacion Definitiva,Elsa Mendoza Luna,2020-02-27 16:09:12,WGR-991-X.jpg
W7S-552-N,SON,Mercedes-Benz A-Class,Plateado,Homologacion,Ernesto Ruiz Perez,2022-09-07 06:26:58,W7S-552-N.jpg
WCY-266-L,SON,Chevrolet Cruze,Amarillo,Importacion Definitiva,Renata Escobar Leal,2018-08-01 06:10:11,WCY-266-L.jpg
WDK-183-N,SON,Ford Ranger,Cafe,Baja Temporal,Sandra Correa Gonzalez,2018-08-28 17:27:20,WDK-183-N.jpg
VZH-402-T,SON,Mercedes-Benz GLC,Blanco Perlado,Baja Temporal,Marisol Hernandez Montoya,2022-01-29 20:10:57,VZH-402-T.jpg
W9Z-587-E,SON,Ford Ranger,Rojo Oscuro,Remarcaje,Andres Luna Maldonado,2022-02-26 16:02:06,W9Z-587-E.jpg
WEH-665-G,SON,Mazda 3,Rojo Oscuro,Reposicion,Isabel Chavez Carrillo,2019-03-10 10:33:23,WEH-665-G.jpg
VWZ-514-Z,SON,Nissan Versa,Azul Marino,Importacion Temporal,Elsa Soto Ortega,2021-04-19 16:50:48,VWZ-514-Z.jpg
W1S-307-V,SON,Ford Fusion,Cafe,Activo,Carolina Villegas Delgado,2022-11-06 11:42:23,W1S-307-V.jpg
VW5-842-R,SON,Mazda MX-5,Verde,En Proceso Legal,Leticia Suarez Olvera,2025-07-30 01:46:47,VW5-842-R.jpg
VYJ-975-X,SON,Fiat Argo,Rojo,Homologacion,Hugo Jimenez Tapia,2022-07-11 12:21:21,VYJ-975-X.jpg
VVT-600-G,SON,Renault Duster,Negro,Activo,Lucia Estrada Arellano,2024-01-31 14:42:09,VVT-600-G.jpg
WAP-360-Z,SON,Nissan March,Negro,Irregular,Elsa Reyes Arellano,2019-08-08 06:39:52,WAP-360-Z.jpg
WF8-562-J,SON,Jeep Renegade,Plateado,Activo,Patricia Rios Bravo,2018-04-11 22:19:23,WF8-562-J.jpg
WEF-093-X,SON,Toyota Yaris,Morado,Activo,Rebeca Beltran Quintero,2021-03-31 05:03:39,WEF-093-X.jpg
W58-202-K,SON,Mazda MX-5,Amarillo,En Proceso Legal,Ana Sandoval Gonzalez,2017-01-31 09:15:38,W58-202-K.jpg
WDS-664-G,SON,Nissan March,Verde,Importacion Temporal,Norma Montoya Chavez,2022-02-27 08:28:38,WDS-664-G.jpg
WDY-759-V,SON,Honda Accord,Negro,Activo,Alicia Rios Estrada,2021-05-21 22:20:07,WDY-759-V.jpg
W8C-094-J,SON,Fiat Toro,Rojo,En Proceso Legal,Adolfo Jimenez Beltran,2020-08-16 00:22:40,W8C-094-J.jpg
W08-443-X,SON,Hyundai Accent,Rojo Oscuro,Baja Temporal,Raul Rodriguez Perez,2018-05-20 08:34:30,W08-443-X.jpg
VVT-966-L,SON,Volkswagen Jetta,Beige,Remarcaje,Mauricio Huerta Flores,2018-09-19 12:12:03,VVT-966-L.jpg
VYM-759-N,SON,Peugeot 208,Cafe,Activo,Jose Salazar Montoya,2019-10-27 17:51:40,VYM-759-N.jpg
WC1-819-Y,SON,Nissan NP300,Naranja,Importacion Definitiva,Daniel Villegas Vazquez,2025-12-15 11:08:21,WC1-819-Y.jpg
WCD-927-T,SON,Jeep Renegade,Amarillo,Importacion Definitiva,Raul Romero Villanueva,2019-12-10 05:17:56,WCD-927-T.jpg
WB4-727-X,SON,Ford Fiesta,Azul,Reposicion,Sofia Montoya Valdez,2017-03-08 01:16:31,WB4-727-X.jpg
W88-569-U,SON,Mazda CX-5,Blanco,Irregular,Guillermo Villanueva Avila,2025-12-18 21:41:50,W88-569-U.jpg
WD8-837-U,SON,Jeep Renegade,Verde,Activo,Luis Soto Castro,2024-12-23 22:01:22,WD8-837-U.jpg
WDT-606-Z,SON,Honda CR-V,Amarillo,Importacion Definitiva,Adolfo Campos Campos,2021-07-31 04:26:59,WDT-606-Z.jpg
W7N-192-N,SON,Mazda 2,Plateado,Activo,Susana Solano Salazar,2023-06-10 20:17:00,W7N-192-N.jpg
VTE-973-V,SON,Toyota Prius,Dorado,En Proceso Legal,Liliana Zamora Campos,2022-01-21 19:34:05,VTE-973-V.jpg
WJ9-019-C,SON,Jeep Grand Cherokee,Blanco Perlado,Activo,Camila Velazquez Nieto,2017-08-11 19:57:05,WJ9-019-C.jpg
W1M-515-R,SON,Peugeot 308,Morado,Baja Temporal,Manuel Serrano Diaz,2019-08-30 05:36:51,W1M-515-R.jpg
VWY-164-N,SON,Kia Forte,Amarillo,Activo,Sandra Alvarez Valdez,2017-02-24 15:28:31,VWY-164-N.jpg
W7K-413-N,SON,Audi Q3,Naranja,Baja Definitiva,Jesus Salazar Dominguez,2018-03-14 17:42:38,W7K-413-N.jpg
WC2-551-P,SON,Jeep Compass,Cafe,Reposicion,Hugo Carrillo Tapia,2020-04-23 09:33:26,WC2-551-P.jpg
WJM-126-H,SON,Renault Logan,Rojo,Activo,Ernesto Gallegos Villanueva,2024-11-05 03:55:51,WJM-126-H.jpg
W3B-837-A,SON,Chevrolet Cruze,Naranja,Homologacion,Sergio Silva Palacios,2020-01-29 18:08:23,W3B-837-A.jpg
VYB-309-Y,SON,Volkswagen Golf,Negro,Irregular,Guillermo Gallegos Figueroa,2017-02-24 20:10:04,VYB-309-Y.jpg
W6L-037-C,SON,Fiat Cronos,Dorado,Robado,Manuel Izquierdo De La Cruz,2021-07-17 21:57:54,W6L-037-C.jpg
WHZ-978-L,SON,Honda CR-V,Dorado,Activo,Pedro Navarro Zamora,2026-04-23 02:56:43,WHZ-978-L.jpg
W3K-497-V,SON,Fiat Cronos,Vino,Importacion Temporal,Pedro Barajas Zamora,2021-08-19 11:29:16,W3K-497-V.jpg
W18-513-B,SON,Renault Duster,Blanco Perlado,En Proceso Legal,Ricardo Gonzalez Reyes,2021-12-30 09:37:58,W18-513-B.jpg
W75-355-D,SON,Volkswagen Jetta,Vino,Cancelado,Arturo Zarate Juarez,2020-03-02 04:28:42,W75-355-D.jpg
W48-119-U,SON,Renault Logan,Verde,Activo,Salvador Montoya Beltran,2022-07-24 12:30:52,W48-119-U.jpg
WFU-422-X,SON,Nissan Sentra,Gris Oscuro,Importacion Temporal,Elias Tapia Diaz,2018-01-24 23:04:35,WFU-422-X.jpg
VYT-359-C,SON,Fiat Cronos,Blanco,Importacion Definitiva,Andres Izquierdo Quintero,2021-07-20 17:34:51,VYT-359-C.jpg
WK1-993-N,SON,Nissan Versa,Amarillo,Activo,Cristian Moya Figueroa,2018-01-10 02:08:14,WK1-993-N.jpg
WEV-929-R,SON,Jeep Compass,Amarillo,Remarcaje,Lucia Mejia Zarate,2024-03-11 15:43:11,WEV-929-R.jpg
VVP-697-R,SON,Honda Accord,Gris Oscuro,Irregular,Mateo Solano Medina,2020-06-07 06:26:36,VVP-697-R.jpg
WHP-404-W,SON,Ford Fiesta,Rojo Oscuro,Activo,Patricia Espinoza Espinoza,2024-02-04 04:07:00,WHP-404-W.jpg
WKK-209-P,SON,Audi Q3,Plateado,Importacion Definitiva,Felipe Reyes Aguilar,2023-01-22 19:41:48,WKK-209-P.jpg
W9N-970-W,SON,Kia Sorento,Blanco Perlado,Baja Definitiva,Eduardo Olvera Velazquez,2020-10-20 21:24:53,W9N-970-W.jpg
VXW-321-F,SON,Honda Civic,Azul,Baja Definitiva,Arturo Serrano Urbina,2017-12-14 17:25:42,VXW-321-F.jpg
VYV-310-K,SON,Kia Rio,Blanco,Importacion Temporal,Monica Reyes Huerta,2022-03-21 18:58:00,VYV-310-K.jpg
W2D-579-B,SON,Jeep Grand Cherokee,Negro,Reposicion,Ruben Palacios Reyes,2020-03-17 07:10:17,W2D-579-B.jpg
VV7-378-Y,SON,Ford Focus,Plateado,Importacion Temporal,Marcos Esquivel Contreras,2020-03-26 15:23:15,VV7-378-Y.jpg
VZL-067-W,SON,Renault Duster,Blanco,Activo,Fernando Estrada Guerrero,2025-12-10 03:28:47,VZL-067-W.jpg
WGJ-138-R,SON,Ford Fusion,Gris Oscuro,Remarcaje,David Castro Trejo,2017-01-02 13:02:05,WGJ-138-R.jpg
W29-624-R,SON,Mercedes-Benz C-Class,Gris Oscuro,Remarcaje,Patricia Carrillo Campos,2021-03-24 17:51:40,W29-624-R.jpg
WN4-650-U,TAB,Renault Duster,Verde Oscuro,Reposicion,Angela Gallegos Pacheco,2022-04-18 19:00:32,WN4-650-U.jpg
WV8-010-F,TAB,Renault Sandero,Rojo,Importacion Temporal,Mateo Rivera Arellano,2023-02-21 02:44:32,WV8-010-F.jpg
WS1-203-L,TAB,Hyundai Elantra,Rojo Oscuro,Activo,Gabriela Solano Aguilar,2018-09-02 09:34:20,WS1-203-L.jpg
WMR-770-Y,TAB,BMW 5 Series,Naranja,Remarcaje,Silvia Hernandez Ortega,2022-01-31 09:14:07,WMR-770-Y.jpg
WW6-270-F,TAB,Nissan Sentra,Gris Oscuro,Activo,Juan Lopez Espinoza,2018-01-05 18:46:52,WW6-270-F.jpg
WVU-668-Z,TAB,Audi Q3,Vino,Robado,Victor Correa Villalobos,2019-04-10 12:11:24,WVU-668-Z.jpg
WMU-344-M,TAB,Ford Fusion,Verde,Importacion Temporal,Yolanda Maldonado Lopez,2025-08-26 10:26:46,WMU-344-M.jpg
WWD-944-K,TAB,Fiat Cronos,Verde Oscuro,Recuperado,Armando Flores Soto,2026-03-09 04:45:18,WWD-944-K.jpg
WS6-208-M,TAB,Toyota Corolla,Azul,Activo,Sergio Ruiz Flores,2017-02-16 18:58:55,WS6-208-M.jpg
WN6-161-Z,TAB,Jeep Renegade,Dorado,Reposicion,Valeria Esquivel Villanueva,2026-02-20 02:23:33,WN6-161-Z.jpg
WM5-781-W,TAB,Nissan March,Rojo Oscuro,Irregular,Regina Gonzalez Zamora,2017-01-01 00:55:20,WM5-781-W.jpg
WN9-639-J,TAB,Toyota Prius,Beige,Activo,Fernando Izquierdo Villalobos,2020-03-12 23:19:23,WN9-639-J.jpg
WV8-357-G,TAB,Audi A3,Verde,Importacion Definitiva,Claudia Acosta Barajas,2023-12-12 20:51:41,WV8-357-G.jpg
WN4-642-B,TAB,Peugeot 308,Naranja,Remarcaje,David Chavez Velazquez,2025-02-27 10:32:59,WN4-642-B.jpg
WTG-485-L,TAB,Fiat 500,Blanco Perlado,Irregular,Camila Martinez Villanueva,2018-04-15 23:47:23,WTG-485-L.jpg
WV5-081-N,TAB,Kia Sorento,Azul,En Proceso Legal,Lorena Alvarez Arroyo,2023-03-12 13:56:21,WV5-081-N.jpg
WU1-162-H,TAB,Jeep Renegade,Azul,Activo,Cristian Reyes Suarez,2020-09-15 16:46:07,WU1-162-H.jpg
WS4-211-P,TAB,Audi A4,Beige,Homologacion,Susana Flores Portillo,2019-01-23 15:37:43,WS4-211-P.jpg
WSW-124-G,TAB,Nissan Sentra,Vino,Baja Temporal,Martha Cabrera Flores,2018-04-30 02:32:23,WSW-124-G.jpg
WVL-091-R,TAB,Renault Duster,Cafe,Remarcaje,Leticia Silva Rodriguez,2022-03-13 06:55:58,WVL-091-R.jpg
WPF-857-C,TAB,Jeep Grand Cherokee,Gris Oscuro,Activo,Ernesto Valencia Quintero,2018-01-04 08:28:54,WPF-857-C.jpg
WUD-440-Y,TAB,Ford Fiesta,Verde,Baja Temporal,Laura Plascencia Diaz,2022-04-17 22:29:50,WUD-440-Y.jpg
WMY-374-J,TAB,Mazda MX-5,Gris,Remarcaje,Ruben Estrada Campos,2026-04-13 17:34:33,WMY-374-J.jpg
WMW-941-F,TAB,Nissan Sentra,Verde Oscuro,En Proceso Legal,Adolfo Urbina Gutierrez,2023-11-07 04:51:12,WMW-941-F.jpg
WW6-414-F,TAB,Kia Sorento,Azul,Reposicion,Daniela Zamora Correa,2022-03-25 10:26:35,WW6-414-F.jpg
WSW-438-J,TAB,Jeep Compass,Blanco,Reposicion,Valeria Plascencia Plascencia,2018-04-05 07:47:04,WSW-438-J.jpg
WW0-072-A,TAB,Peugeot 208,Vino,Recuperado,Veronica Valdez Alvarez,2024-06-14 13:55:22,WW0-072-A.jpg
WPG-322-J,TAB,Ford Fusion,Azul,Importacion Temporal,Alicia Herrera Serrano,2017-08-25 17:44:44,WPG-322-J.jpg
WR2-603-E,TAB,Jeep Renegade,Rojo,Cancelado,Juan Cordero Quintero,2017-09-27 10:07:46,WR2-603-E.jpg
WRL-190-T,TAB,Fiat Toro,Morado,Reposicion,Silvia Avila Delgado,2019-08-25 07:19:28,WRL-190-T.jpg
WW1-754-X,TAB,Volkswagen Jetta,Naranja,Remarcaje,Francisco Garcia Romero,2023-01-20 22:08:10,WW1-754-X.jpg
WN0-639-W,TAB,Nissan Versa,Cafe,Homologacion,Javier Tapia Medina,2024-05-14 20:16:31,WN0-639-W.jpg
WRN-626-N,TAB,Fiat 500,Vino,Importacion Temporal,Elias Carrillo Vazquez,2023-12-22 02:06:48,WRN-626-N.jpg
WLV-738-V,TAB,Mercedes-Benz GLC,Beige,Baja Temporal,Felipe Escobar Fuentes,2024-02-01 06:39:34,WLV-738-V.jpg
WTX-293-R,TAB,Jeep Renegade,Gris,Remarcaje,Javier Aguilar Figueroa,2021-07-31 04:20:41,WTX-293-R.jpg
WLN-737-Y,TAB,Nissan Versa,Rojo Oscuro,Robado,Fabiola Silva Del Valle,2019-04-05 09:35:14,WLN-737-Y.jpg
WW8-633-P,TAB,Jeep Grand Cherokee,Rojo,Irregular,Carlos Carrillo Mendoza,2020-10-08 21:04:50,WW8-633-P.jpg
WPH-251-V,TAB,Kia Rio,Gris Oscuro,Activo,Claudia Estrada Delgado,2024-10-14 23:47:49,WPH-251-V.jpg
WPP-175-T,TAB,BMW 3 Series,Azul Marino,Activo,Luis Urbina Castro,2020-09-27 08:59:43,WPP-175-T.jpg
WUE-620-L,TAB,BMW X5,Beige,Importacion Definitiva,Marcos Vazquez Valencia,2018-03-06 06:04:42,WUE-620-L.jpg
WSD-213-K,TAB,Fiat 500,Blanco Perlado,Cancelado,David Quiroz Beltran,2017-09-15 21:24:08,WSD-213-K.jpg
WSZ-473-H,TAB,Fiat 500,Verde,Activo,Renata Delgado Rios,2021-11-30 14:06:20,WSZ-473-H.jpg
WPD-574-H,TAB,Mercedes-Benz A-Class,Blanco Perlado,Activo,Liliana Mora Perez,2025-03-05 18:39:15,WPD-574-H.jpg
WWV-599-F,TAB,Honda Accord,Azul,Baja Temporal,Ana Serrano Quiroz,2018-06-20 23:16:08,WWV-599-F.jpg
WWA-245-J,TAB,Mazda 3,Rojo,Irregular,Cristian Sepulveda Ramos,2022-02-05 06:29:11,WWA-245-J.jpg
WNT-653-X,TAB,Nissan NP300,Rojo,Activo,Sofia Garcia Alvarez,2018-10-15 20:22:12,WNT-653-X.jpg
WWX-773-E,TAB,BMW 3 Series,Plateado,Importacion Definitiva,Julieta Acosta Arroyo,2023-06-22 09:31:37,WWX-773-E.jpg
WTC-468-A,TAB,Jeep Renegade,Rojo Oscuro,Homologacion,Roberto Navarro Plascencia,2025-06-19 10:52:24,WTC-468-A.jpg
WTL-913-P,TAB,Nissan Versa,Azul Marino,Recuperado,German Huerta Castro,2023-02-11 00:53:02,WTL-913-P.jpg
WTS-671-P,TAB,Fiat Toro,Azul,Robado,Patricia Arroyo Juarez,2021-04-30 05:03:07,WTS-671-P.jpg
WMG-361-J,TAB,Honda CR-V,Azul Marino,Importacion Definitiva,Maria Contreras Espinoza,2020-06-28 16:01:20,WMG-361-J.jpg
WR5-909-T,TAB,Mazda MX-5,Rojo Oscuro,Activo,Ruben Cruz Del Valle,2019-03-13 06:56:06,WR5-909-T.jpg
WRF-946-G,TAB,Hyundai Santa Fe,Rojo,Irregular,Martha Castillo Sanchez,2024-05-05 01:00:13,WRF-946-G.jpg
WPG-534-S,TAB,Honda Accord,Rojo Oscuro,Robado,Jorge Fuentes Palacios,2022-02-09 04:36:41,WPG-534-S.jpg
WP7-407-L,TAB,Mercedes-Benz C-Class,Negro,Irregular,Jesus Rios Mejia,2026-05-02 10:47:19,WP7-407-L.jpg
WMP-731-N,TAB,Jeep Wrangler,Blanco Perlado,Importacion Definitiva,Angela Gutierrez Mora,2018-01-17 13:00:29,WMP-731-N.jpg
WWC-727-J,TAB,Peugeot 308,Blanco Perlado,En Proceso Legal,Daniel Del Valle Solano,2022-07-14 00:28:43,WWC-727-J.jpg
WMT-330-H,TAB,Mercedes-Benz A-Class,Azul Marino,Robado,Cristian Castro Cabrera,2019-01-25 13:30:54,WMT-330-H.jpg
WRZ-625-J,TAB,BMW X5,Azul Marino,Irregular,Martha Cruz Perez,2019-04-08 21:59:46,WRZ-625-J.jpg
WTU-104-L,TAB,Volkswagen Vento,Dorado,Baja Temporal,Emilio Pineda Beltran,2020-06-19 09:59:51,WTU-104-L.jpg
WPP-112-R,TAB,Jeep Grand Cherokee,Morado,Cancelado,Isabel Villanueva Herrera,2019-05-26 03:48:48,WPP-112-R.jpg
WN1-489-R,TAB,Mercedes-Benz GLA,Beige,Activo,Veronica Ruiz Avila,2022-05-23 23:06:02,WN1-489-R.jpg
WVB-284-K,TAB,Volkswagen Jetta,Dorado,Robado,Ernesto Gutierrez Chavez,2019-07-05 21:12:14,WVB-284-K.jpg
WM1-959-D,TAB,Audi A4,Gris,Remarcaje,Adolfo Torres Cordero,2018-09-10 21:02:09,WM1-959-D.jpg
WUZ-251-S,TAB,Nissan NP300,Dorado,Baja Temporal,Luis Bravo Correa,2022-02-13 02:43:42,WUZ-251-S.jpg
WNT-494-E,TAB,Chevrolet Spark,Rojo,En Proceso Legal,Guillermo Aguilar Camacho,2018-12-01 19:26:34,WNT-494-E.jpg
WSY-544-N,TAB,Chevrolet Spark,Azul,Robado,Estela Castillo Orozco,2025-01-14 21:15:53,WSY-544-N.jpg
WSD-274-D,TAB,BMW 3 Series,Amarillo,Baja Temporal,Roberto Torres Jimenez,2022-11-05 02:03:40,WSD-274-D.jpg
WNF-599-V,TAB,Audi Q3,Verde Oscuro,Remarcaje,Javier Cordero Valdez,2017-09-02 19:22:42,WNF-599-V.jpg
WPW-832-L,TAB,Renault Kwid,Gris,Importacion Temporal,Noe Arellano Martinez,2020-01-23 05:10:05,WPW-832-L.jpg
WNJ-110-F,TAB,Volkswagen Jetta,Cafe,Activo,Daniel Hernandez Luna,2023-03-24 04:24:48,WNJ-110-F.jpg
WSV-233-P,TAB,Kia Sportage,Cafe,Baja Temporal,Elizabeth Pacheco Quiroz,2024-09-12 08:08:40,WSV-233-P.jpg
WT1-001-T,TAB,Volkswagen Amarok,Negro,Activo,Hugo Tovar Estrada,2021-10-14 14:46:48,WT1-001-T.jpg
WP8-782-K,TAB,Mercedes-Benz GLA,Gris Oscuro,Activo,Liliana Gallegos Acosta,2017-04-18 21:19:04,WP8-782-K.jpg
WRE-512-T,TAB,Jeep Renegade,Azul Marino,Activo,Yolanda Acosta Contreras,2017-09-01 22:27:24,WRE-512-T.jpg
WTE-481-T,TAB,Chevrolet Cruze,Vino,Reposicion,Juan Estrada Zamora,2017-10-25 06:09:26,WTE-481-T.jpg
WLB-447-X,TAB,Hyundai Accent,Beige,Reposicion,Carlos Castro Alvarez,2024-12-03 02:21:12,WLB-447-X.jpg
WMH-816-A,TAB,Kia Sportage,Gris,Recuperado,Oscar Contreras Camacho,2023-12-01 21:22:26,WMH-816-A.jpg
WMM-196-S,TAB,Audi A3,Cafe,Robado,Alejandro Orozco Torres,2019-06-22 14:59:30,WMM-196-S.jpg
WTY-673-V,TAB,Nissan NP300,Gris,En Proceso Legal,Victor Tapia Castro,2019-08-31 01:04:21,WTY-673-V.jpg
WNW-212-M,TAB,Hyundai Elantra,Blanco Perlado,Importacion Definitiva,Silvia De La Cruz Orozco,2026-04-22 13:41:04,WNW-212-M.jpg
WS1-984-A,TAB,Fiat Argo,Rojo,Robado,Renata Garcia Espinoza,2023-07-13 05:31:05,WS1-984-A.jpg
WTF-128-E,TAB,Renault Logan,Azul Marino,Baja Temporal,Angela Castillo Martinez,2022-07-28 15:18:12,WTF-128-E.jpg
WSA-099-U,TAB,Volkswagen Golf,Naranja,Baja Temporal,Cecilia Palacios Peña,2024-07-11 13:24:31,WSA-099-U.jpg
WWN-069-S,TAB,Jeep Renegade,Vino,Activo,Hugo Vargas Mejia,2024-10-16 15:48:22,WWN-069-S.jpg
WSV-010-W,TAB,Audi A4,Verde Oscuro,Reposicion,Gabriela Serrano Tapia,2018-12-10 22:57:11,WSV-010-W.jpg
WNS-186-Y,TAB,BMW 3 Series,Negro,En Proceso Legal,Alicia Quintero Villalobos,2021-03-16 03:48:21,WNS-186-Y.jpg
WT0-106-H,TAB,Kia Forte,Azul,Irregular,Jesus Torres Contreras,2025-07-12 07:07:48,WT0-106-H.jpg
WM9-430-K,TAB,Hyundai Santa Fe,Azul Marino,Activo,Gabriela Rosales Villanueva,2019-05-10 18:08:55,WM9-430-K.jpg
WPC-635-C,TAB,Toyota Hilux,Morado,Remarcaje,Alejandra Fernandez Zamora,2022-05-31 23:04:16,WPC-635-C.jpg
WPV-035-K,TAB,Honda HR-V,Beige,Importacion Temporal,Jorge Salazar Del Valle,2023-12-02 06:52:32,WPV-035-K.jpg
WT9-246-T,TAB,Audi Q3,Gris Oscuro,Homologacion,Elias Velazquez Delgado,2018-06-03 03:09:24,WT9-246-T.jpg
WSC-325-B,TAB,Jeep Wrangler,Blanco,Robado,Sebastian Rosales Mejia,2023-10-12 18:02:27,WSC-325-B.jpg
WU7-197-K,TAB,Chevrolet Cruze,Amarillo,Importacion Temporal,Rebeca Alvarez Fernandez,2023-05-24 13:23:57,WU7-197-K.jpg
WTZ-549-T,TAB,Ford Fusion,Azul Marino,Cancelado,Sandra Rios Beltran,2022-10-19 19:44:32,WTZ-549-T.jpg
WTY-629-C,TAB,Mazda MX-5,Plateado,Recuperado,Camila Carrillo Mendoza,2019-08-09 06:24:36,WTY-629-C.jpg
WM6-953-R,TAB,Mazda 2,Gris Oscuro,Reposicion,Leticia Velazquez Ramirez,2021-04-04 21:28:52,WM6-953-R.jpg
WV6-510-U,TAB,Hyundai Tucson,Blanco,Activo,Cecilia Sanchez Peña,2021-09-24 06:34:28,WV6-510-U.jpg
WNN-528-L,TAB,Jeep Renegade,Blanco Perlado,Homologacion,Liliana Mendoza Sanchez,2019-12-19 19:30:30,WNN-528-L.jpg
WWW-891-E,TAB,Fiat Toro,Morado,En Proceso Legal,Beatriz Zarate Cruz,2018-05-15 12:19:12,WWW-891-E.jpg
WW8-233-H,TAB,Nissan NP300,Naranja,Activo,Ernesto Huerta Quintero,2021-05-10 10:56:27,WW8-233-H.jpg
WSK-820-E,TAB,Hyundai Tucson,Negro,Irregular,Claudia Escobar Alvarez,2021-10-01 09:54:43,WSK-820-E.jpg
WM5-432-T,TAB,Kia Sorento,Naranja,Importacion Definitiva,Yolanda Villegas Chavez,2022-01-26 05:18:52,WM5-432-T.jpg
WW2-691-K,TAB,Kia Sportage,Rojo,Baja Definitiva,Carlos Beltran Soto,2021-09-27 03:26:29,WW2-691-K.jpg
WT7-179-Z,TAB,Honda Accord,Amarillo,Baja Definitiva,Mauricio Gonzalez Cabrera,2026-03-06 22:17:39,WT7-179-Z.jpg
WTN-141-T,TAB,Renault Logan,Morado,Activo,Regina Chavez Izquierdo,2020-08-26 07:02:22,WTN-141-T.jpg
WU9-029-S,TAB,Fiat Cronos,Dorado,Activo,Martha Castillo Romero,2020-01-10 17:32:47,WU9-029-S.jpg
WNL-182-B,TAB,Ford Focus,Rojo,Importacion Temporal,Patricia Zamora Jimenez,2017-11-17 03:34:11,WNL-182-B.jpg
WLP-840-W,TAB,Jeep Renegade,Azul,Reposicion,Regina Ortega Juarez,2017-04-26 08:06:05,WLP-840-W.jpg
WVR-270-F,TAB,BMW 3 Series,Naranja,Activo,Elias Esquivel Garcia,2020-03-07 23:55:08,WVR-270-F.jpg
WLG-129-C,TAB,Hyundai Accent,Naranja,Baja Temporal,Luis Gutierrez Palacios,2024-12-24 01:09:23,WLG-129-C.jpg
WVW-314-C,TAB,Hyundai Accent,Verde Oscuro,Irregular,Mateo Cruz Correa,2019-04-09 17:42:00,WVW-314-C.jpg
WMA-633-R,TAB,BMW 5 Series,Naranja,Remarcaje,Julieta Zarate Aguilar,2020-04-02 17:39:30,WMA-633-R.jpg
WMF-207-B,TAB,Mercedes-Benz C-Class,Verde,Activo,German Luna Rios,2022-07-24 17:44:27,WMF-207-B.jpg
WRU-284-Z,TAB,Honda CR-V,Rojo Oscuro,Irregular,Daniel Martinez Contreras,2018-01-25 04:54:38,WRU-284-Z.jpg
WSL-631-X,TAB,Toyota Corolla,Beige,Activo,Yolanda Gallegos Contreras,2018-03-21 15:49:54,WSL-631-X.jpg
WRZ-738-A,TAB,Mazda 3,Azul,En Proceso Legal,Julieta Sandoval Valencia,2021-10-18 09:30:56,WRZ-738-A.jpg
WTJ-867-A,TAB,Fiat Toro,Azul Marino,Baja Temporal,Elizabeth Rosales De La Cruz,2023-06-13 19:20:53,WTJ-867-A.jpg
WRT-930-U,TAB,Kia Rio,Blanco Perlado,Importacion Temporal,Susana Quintero Plascencia,2025-07-16 08:53:18,WRT-930-U.jpg
WP8-128-W,TAB,Fiat Cronos,Azul,Activo,Marcos Campos Diaz,2026-02-16 01:59:31,WP8-128-W.jpg
WRH-094-G,TAB,Jeep Grand Cherokee,Plateado,Activo,Benjamin Quintero Estrada,2017-02-10 15:27:22,WRH-094-G.jpg
WNW-996-B,TAB,Chevrolet Spark,Beige,Cancelado,Elsa Quiroz Villegas,2021-05-30 20:47:04,WNW-996-B.jpg
WUM-451-G,TAB,Mazda 2,Verde,Homologacion,Hector Contreras Montoya,2020-09-07 09:50:51,WUM-451-G.jpg
WSJ-623-E,TAB,Chevrolet Cruze,Rojo Oscuro,Activo,Mauricio Moya Cordero,2021-04-14 17:57:03,WSJ-623-E.jpg
WLW-903-N,TAB,Volkswagen Amarok,Vino,En Proceso Legal,Adolfo Soto Sepulveda,2025-12-22 05:19:35,WLW-903-N.jpg
WUA-353-J,TAB,Nissan March,Negro,En Proceso Legal,Beatriz Rosales Tapia,2018-11-29 16:10:20,WUA-353-J.jpg
WT3-044-X,TAB,Audi A4,Negro,Activo,Andres Arroyo Cervantes,2017-03-08 08:33:05,WT3-044-X.jpg
WRV-506-X,TAB,BMW X5,Beige,Importacion Definitiva,Ruben Mendoza Barajas,2023-09-17 13:48:40,WRV-506-X.jpg
WPS-600-J,TAB,Mazda MX-5,Naranja,Activo,Cecilia Espinoza Acosta,2023-06-04 19:48:04,WPS-600-J.jpg
WRP-335-X,TAB,BMW 3 Series,Dorado,Baja Definitiva,Carolina Mendoza Estrada,2022-05-21 01:01:08,WRP-335-X.jpg
WUV-467-Y,TAB,Audi Q5,Naranja,Importacion Temporal,Rebeca Montoya Montoya,2017-04-10 20:08:48,WUV-467-Y.jpg
WUZ-916-P,TAB,Mazda 3,Blanco,Reposicion,Renata Silva Barajas,2021-06-25 11:13:49,WUZ-916-P.jpg
WM9-092-R,TAB,Hyundai Accent,Blanco Perlado,Activo,Regina Sepulveda Esquivel,2019-11-02 22:10:37,WM9-092-R.jpg
WP0-920-K,TAB,Peugeot 3008,Cafe,Importacion Definitiva,Eduardo Olvera Lopez,2020-04-07 05:23:36,WP0-920-K.jpg
WU3-185-R,TAB,Ford Fusion,Dorado,Activo,Daniela Espinoza Gonzalez,2022-02-01 17:14:15,WU3-185-R.jpg
WMB-686-Y,TAB,Chevrolet Beat,Gris,Cancelado,Salvador Mejia Tapia,2021-06-04 11:02:34,WMB-686-Y.jpg
WUZ-870-E,TAB,Mercedes-Benz GLA,Naranja,Homologacion,Rebeca Correa Ramirez,2023-08-25 19:27:08,WUZ-870-E.jpg
WMG-718-U,TAB,Fiat Toro,Blanco Perlado,Homologacion,Alejandro Arroyo Quintero,2024-11-29 15:53:03,WMG-718-U.jpg
WWE-133-H,TAB,Mazda CX-5,Gris,Irregular,Juan Gallegos Rosales,2022-07-30 00:39:43,WWE-133-H.jpg
WVA-407-V,TAB,Honda Accord,Rojo,Baja Definitiva,Sergio Urbina Avila,2018-04-22 00:29:28,WVA-407-V.jpg
WTB-065-P,TAB,Volkswagen Vento,Amarillo,Homologacion,Francisco Esquivel Pineda,2021-07-27 19:41:09,WTB-065-P.jpg
WR5-419-E,TAB,Mercedes-Benz GLC,Dorado,Activo,Alberto Gallegos Trejo,2021-09-09 11:43:35,WR5-419-E.jpg
WSW-106-S,TAB,Mercedes-Benz C-Class,Morado,Baja Temporal,Leticia Garcia Dominguez,2024-03-15 17:04:01,WSW-106-S.jpg
WS1-963-F,TAB,Ford Fiesta,Vino,Remarcaje,Angela Orozco Fuentes,2025-03-16 09:15:26,WS1-963-F.jpg
WMF-245-U,TAB,Chevrolet Beat,Beige,Activo,Felipe Escobar Rivera,2022-08-05 08:49:53,WMF-245-U.jpg
WWP-433-B,TAB,Fiat Toro,Vino,Reposicion,Claudia Moya Campos,2018-11-29 15:54:45,WWP-433-B.jpg
WS7-699-U,TAB,Nissan Versa,Verde,Robado,Jose Quiroz Sanchez,2024-08-03 20:41:25,WS7-699-U.jpg
WWS-608-C,TAB,Mazda CX-5,Verde Oscuro,Activo,Leticia Mora Salazar,2024-10-22 04:19:32,WWS-608-C.jpg
WTW-517-C,TAB,Jeep Wrangler,Rojo Oscuro,Activo,Armando Avila Plascencia,2019-10-03 04:21:24,WTW-517-C.jpg
WUN-627-K,TAB,Nissan Versa,Amarillo,Importacion Temporal,Estela Romero Salazar,2017-11-11 02:21:04,WUN-627-K.jpg
WNL-550-F,TAB,Chevrolet Aveo,Beige,Activo,Ruben Acosta Espinoza,2023-09-16 16:28:39,WNL-550-F.jpg
WSB-988-V,TAB,Mercedes-Benz GLA,Morado,Activo,Patricia Morales Dominguez,2022-05-02 22:10:28,WSB-988-V.jpg
WSK-685-P,TAB,BMW 3 Series,Verde Oscuro,Recuperado,Jose Valdez Avila,2018-12-20 01:21:10,WSK-685-P.jpg
WWP-804-W,TAB,Honda Civic,Negro,Activo,Guadalupe Ortega Valencia,2018-07-16 18:23:24,WWP-804-W.jpg
WLD-215-Z,TAB,Volkswagen Amarok,Rojo,Activo,German Ramirez Alvarez,2017-08-07 00:30:03,WLD-215-Z.jpg
WLB-942-D,TAB,Toyota Prius,Naranja,Recuperado,Guillermo Cruz Salazar,2023-11-30 12:08:37,WLB-942-D.jpg
WPM-161-L,TAB,Kia Rio,Morado,Importacion Definitiva,Elizabeth Vargas Palacios,2017-10-24 00:52:37,WPM-161-L.jpg
WTB-159-T,TAB,Toyota Prius,Dorado,Recuperado,Jorge Escobar Silva,2017-09-06 14:23:15,WTB-159-T.jpg
WSD-168-S,TAB,Ford Fiesta,Gris Oscuro,Activo,Mauricio Rios Bravo,2021-03-02 10:41:42,WSD-168-S.jpg
WWM-415-H,TAB,Honda Accord,Gris Oscuro,Importacion Temporal,Luis Rodriguez Suarez,2020-07-04 07:30:53,WWM-415-H.jpg
WWA-367-D,TAB,Jeep Renegade,Plateado,Activo,Rocio Morales Campos,2021-01-26 14:46:52,WWA-367-D.jpg
WU2-255-H,TAB,Volkswagen Vento,Plateado,Remarcaje,Lucia Aguilar Figueroa,2022-04-08 23:40:47,WU2-255-H.jpg
WTU-536-F,TAB,Mercedes-Benz GLA,Gris Oscuro,Reposicion,Carolina Urbina Torres,2022-04-02 15:41:12,WTU-536-F.jpg
WTB-277-X,TAB,Jeep Renegade,Verde Oscuro,Activo,Julieta Cruz Portillo,2024-01-07 22:02:21,WTB-277-X.jpg
WS6-895-V,TAB,Mazda 2,Rojo Oscuro,Recuperado,Elizabeth Urbina Figueroa,2024-08-13 22:59:09,WS6-895-V.jpg
WPN-966-U,TAB,Renault Duster,Negro,Importacion Definitiva,Fernando Fuentes Lopez,2022-05-16 00:35:38,WPN-966-U.jpg
WRS-852-G,TAB,Fiat Argo,Gris Oscuro,Robado,Eduardo Leal Valencia,2023-09-01 11:25:38,WRS-852-G.jpg
WPE-905-D,TAB,Mercedes-Benz GLA,Morado,Activo,Marcos Villanueva Velazquez,2017-04-28 13:14:09,WPE-905-D.jpg
WLR-433-Z,TAB,Ford Ranger,Dorado,Recuperado,Diego Lopez Sanchez,2019-12-15 13:40:01,WLR-433-Z.jpg
WSH-887-A,TAB,Renault Sandero,Rojo Oscuro,Importacion Temporal,Miguel Estrada Navarro,2022-03-14 17:13:37,WSH-887-A.jpg
WVX-894-U,TAB,Jeep Wrangler,Gris,Activo,Norma Avila Leal,2024-10-08 05:26:07,WVX-894-U.jpg
WTG-204-B,TAB,Toyota Hilux,Amarillo,Homologacion,Alejandro Fernandez Arellano,2018-01-30 18:36:46,WTG-204-B.jpg
WRB-730-L,TAB,Kia Rio,Cafe,Baja Temporal,Oscar Ortega Carrillo,2024-11-23 05:31:39,WRB-730-L.jpg
WS6-754-D,TAB,BMW X3,Verde,Reposicion,Ruben Mendoza Villegas,2025-05-31 15:00:44,WS6-754-D.jpg
WUB-880-M,TAB,Honda HR-V,Dorado,Activo,Marina Suarez Mora,2017-04-04 04:00:46,WUB-880-M.jpg
WU9-054-W,TAB,Toyota Corolla,Beige,Importacion Temporal,Marco Orozco Luna,2021-06-19 05:38:52,WU9-054-W.jpg
WLY-885-C,TAB,Ford Fiesta,Gris Oscuro,Baja Temporal,Hector Velazquez Rosales,2018-01-15 04:19:09,WLY-885-C.jpg
WTM-405-N,TAB,Volkswagen Amarok,Naranja,Activo,Felipe Vargas Zamora,2017-01-21 10:16:26,WTM-405-N.jpg
WUB-350-Z,TAB,Renault Duster,Naranja,Recuperado,Maria Solano Rivera,2023-07-16 22:39:18,WUB-350-Z.jpg
WTN-083-T,TAB,Audi Q5,Azul Marino,Importacion Temporal,Claudia Bravo Ramirez,2025-01-17 11:58:12,WTN-083-T.jpg
WV2-616-V,TAB,Ford Ranger,Dorado,Importacion Definitiva,Elsa Mendoza Cervantes,2020-09-02 00:42:41,WV2-616-V.jpg
WMR-954-S,TAB,Toyota Hilux,Rojo Oscuro,Importacion Temporal,Benjamin Del Valle Mejia,2024-05-28 05:18:16,WMR-954-S.jpg
WWX-771-F,TAB,BMW X5,Cafe,Activo,Ruben Pineda Palacios,2018-06-09 09:05:30,WWX-771-F.jpg
WTX-887-W,TAB,Volkswagen Vento,Naranja,Importacion Definitiva,Carmen Navarro Camacho,2022-05-09 18:08:36,WTX-887-W.jpg
WML-211-U,TAB,Chevrolet Spark,Cafe,Activo,Carolina Cabrera Figueroa,2022-11-15 16:21:20,WML-211-U.jpg
WPL-304-F,TAB,Mercedes-Benz A-Class,Vino,Activo,Estela Vargas Nieto,2024-08-12 20:54:03,WPL-304-F.jpg
WV5-145-F,TAB,Peugeot 3008,Verde Oscuro,Irregular,Adolfo Montes Beltran,2024-06-07 19:24:23,WV5-145-F.jpg
WW1-708-D,TAB,Jeep Renegade,Gris,En Proceso Legal,Daniela Camacho Correa,2020-10-26 20:21:10,WW1-708-D.jpg
WTZ-299-M,TAB,Mazda 3,Morado,Recuperado,Pedro Rivera Salazar,2025-05-28 14:44:43,WTZ-299-M.jpg
WNC-945-P,TAB,Nissan Versa,Cafe,Baja Definitiva,Jose Rios Estrada,2021-01-16 01:05:52,WNC-945-P.jpg
WRF-534-E,TAB,Hyundai Elantra,Rojo,Robado,Ricardo Castro Trejo,2018-09-08 20:37:18,WRF-534-E.jpg
WUT-666-A,TAB,Renault Logan,Rojo,En Proceso Legal,Daniel Rodriguez Figueroa,2024-01-22 17:05:32,WUT-666-A.jpg
WMB-881-V,TAB,Toyota Corolla,Blanco,Cancelado,Carlos Villalobos Cervantes,2018-04-01 05:18:53,WMB-881-V.jpg
WSF-510-T,TAB,Jeep Compass,Rojo Oscuro,Activo,Manuel Escobar Tovar,2017-05-19 15:26:34,WSF-510-T.jpg
WRV-602-W,TAB,Volkswagen Amarok,Plateado,Reposicion,Antonio Orozco Morales,2018-06-13 23:09:28,WRV-602-W.jpg
WW6-408-V,TAB,Ford Focus,Vino,Activo,Elias Quiroz Castillo,2025-11-14 00:36:34,WW6-408-V.jpg
WP6-600-Z,TAB,Kia Sportage,Negro,En Proceso Legal,Monica Ortega Gutierrez,2022-04-16 05:37:50,WP6-600-Z.jpg
WRP-873-N,TAB,Fiat Toro,Gris,Activo,Norma Sanchez Portillo,2018-11-05 05:14:04,WRP-873-N.jpg
WWF-370-K,TAB,Mercedes-Benz C-Class,Blanco,Importacion Definitiva,Gabriela Del Valle Morales,2024-08-06 23:37:27,WWF-370-K.jpg
WMF-084-W,TAB,Mercedes-Benz C-Class,Cafe,Importacion Temporal,Ernesto Mora Juarez,2023-10-06 04:42:38,WMF-084-W.jpg
WU3-533-B,TAB,Mercedes-Benz GLA,Morado,Homologacion,Liliana Carrillo Fuentes,2025-03-14 06:18:17,WU3-533-B.jpg
WRR-325-U,TAB,Volkswagen Golf,Cafe,Reposicion,Carolina Palacios Luna,2025-06-21 05:51:48,WRR-325-U.jpg
WP6-659-U,TAB,Jeep Wrangler,Blanco,Remarcaje,Isabel Del Valle Jimenez,2019-07-05 06:54:11,WP6-659-U.jpg
WS5-990-V,TAB,Mercedes-Benz A-Class,Plateado,Robado,Benjamin Rodriguez Torres,2023-07-21 16:13:07,WS5-990-V.jpg
WVA-369-R,TAB,Renault Sandero,Beige,Activo,Alejandra Valdez Guerrero,2017-02-10 07:39:36,WVA-369-R.jpg
WLG-088-L,TAB,Renault Logan,Blanco Perlado,Importacion Definitiva,Regina Juarez Palacios,2018-02-26 05:10:50,WLG-088-L.jpg
WWR-541-M,TAB,Audi A4,Blanco Perlado,Robado,Lorena Villanueva Arroyo,2023-12-01 19:28:53,WWR-541-M.jpg
WTY-723-E,TAB,Toyota Prius,Verde Oscuro,Activo,Emilio Villanueva Avila,2020-02-10 21:45:16,WTY-723-E.jpg
WT5-059-R,TAB,Hyundai Tucson,Gris Oscuro,Baja Definitiva,Adolfo Ortega Quiroz,2023-01-24 02:42:14,WT5-059-R.jpg
WNX-050-M,TAB,Honda HR-V,Rojo,Robado,Ignacio Barajas Mora,2018-04-26 20:13:34,WNX-050-M.jpg
WRE-545-V,TAB,Jeep Wrangler,Verde Oscuro,Importacion Definitiva,Manuel Castro Beltran,2021-07-14 10:12:51,WRE-545-V.jpg
WSN-675-M,TAB,Renault Sandero,Vino,Activo,Carmen Ortega Villalobos,2022-02-05 00:18:27,WSN-675-M.jpg
WUW-571-Z,TAB,Jeep Grand Cherokee,Blanco Perlado,Reposicion,Rosa Zarate Zamora,2017-04-14 22:57:53,WUW-571-Z.jpg
WUU-565-D,TAB,Mercedes-Benz GLC,Vino,Recuperado,Sebastian Arellano Tovar,2022-11-26 23:43:12,WUU-565-D.jpg
WLZ-490-N,TAB,BMW 5 Series,Morado,Irregular,Jose Rivera Rosales,2024-04-04 13:44:18,WLZ-490-N.jpg
WV2-433-K,TAB,Renault Duster,Naranja,Activo,Andres Montes Villanueva,2017-09-18 05:32:56,WV2-433-K.jpg
WVA-681-A,TAB,Mazda 3,Blanco Perlado,Reposicion,David Rios Salazar,2020-09-11 15:25:00,WVA-681-A.jpg
WPS-290-B,TAB,Hyundai Elantra,Rojo Oscuro,Irregular,Benjamin Estrada Tapia,2023-09-23 03:03:33,WPS-290-B.jpg
WTP-483-L,TAB,Volkswagen Vento,Blanco Perlado,Baja Definitiva,Julieta Quintero Cabrera,2025-12-17 12:00:12,WTP-483-L.jpg
WW3-506-M,TAB,Renault Logan,Rojo,Baja Temporal,Gabriela Ortega Velazquez,2017-09-04 04:13:41,WW3-506-M.jpg
WPZ-714-T,TAB,Volkswagen Vento,Blanco,Importacion Temporal,Elias Hernandez Contreras,2022-10-19 07:40:59,WPZ-714-T.jpg
WNC-997-A,TAB,BMW X5,Cafe,Activo,Noe Valdez Carrillo,2025-09-10 15:31:00,WNC-997-A.jpg
WPX-351-C,TAB,Kia Sorento,Negro,Importacion Temporal,Arturo Camacho Izquierdo,2022-03-11 07:26:59,WPX-351-C.jpg
WLZ-706-J,TAB,Fiat Cronos,Rojo,Importacion Temporal,Hugo Rivera Martinez,2018-05-17 21:08:30,WLZ-706-J.jpg
WND-773-V,TAB,Nissan March,Verde Oscuro,Irregular,Andres Lopez Morales,2020-01-15 02:39:14,WND-773-V.jpg
WPK-125-R,TAB,Peugeot 5008,Verde,Importacion Temporal,Estela Camacho Delgado,2026-04-16 04:07:16,WPK-125-R.jpg
WTP-718-J,TAB,Toyota Prius,Gris,Activo,Rosa Palacios Garcia,2026-01-05 00:46:59,WTP-718-J.jpg
WMU-352-A,TAB,Mazda 3,Naranja,Baja Temporal,Daniela Luna Rivera,2025-12-02 15:35:15,WMU-352-A.jpg
WSJ-879-T,TAB,Kia Sorento,Morado,En Proceso Legal,Sergio Fernandez Gutierrez,2019-02-25 09:32:07,WSJ-879-T.jpg
WUX-402-D,TAB,Audi A4,Rojo Oscuro,Importacion Definitiva,Rosa Sepulveda Medina,2024-08-20 07:53:42,WUX-402-D.jpg
WRL-530-E,TAB,Jeep Grand Cherokee,Cafe,Remarcaje,Isabel Plascencia Ramos,2018-06-14 22:00:09,WRL-530-E.jpg
WU1-142-V,TAB,Kia Sportage,Morado,Baja Temporal,Martha Izquierdo Guerrero,2023-10-23 08:52:23,WU1-142-V.jpg
WMS-253-V,TAB,Peugeot 308,Beige,Importacion Temporal,Victor Diaz Montes,2020-12-11 16:52:42,WMS-253-V.jpg
WN0-651-J,TAB,Chevrolet Beat,Blanco Perlado,Cancelado,Javier Villalobos Sepulveda,2024-08-29 16:35:43,WN0-651-J.jpg
WUL-873-P,TAB,BMW X3,Verde Oscuro,Importacion Definitiva,Monica Arroyo Ramos,2026-03-20 11:56:09,WUL-873-P.jpg
WML-846-F,TAB,Hyundai Santa Fe,Beige,En Proceso Legal,Cristian Moya Correa,2025-02-06 16:02:04,WML-846-F.jpg
WR3-369-W,TAB,Audi Q3,Dorado,Cancelado,Isabel Palacios Sepulveda,2020-09-20 03:29:07,WR3-369-W.jpg
WSN-382-P,TAB,Honda Accord,Cafe,Cancelado,Beatriz Serrano Ortega,2021-11-11 17:05:14,WSN-382-P.jpg
WNA-621-Z,TAB,Jeep Grand Cherokee,Verde,Robado,Diego Tovar Chavez,2024-07-27 20:28:54,WNA-621-Z.jpg
WUE-362-L,TAB,Hyundai Elantra,Cafe,Recuperado,Gabriela Campos Lopez,2023-07-02 06:26:31,WUE-362-L.jpg
WN7-890-T,TAB,Kia Rio,Amarillo,Reposicion,German Mora Escobar,2025-08-17 23:18:33,WN7-890-T.jpg
WP4-482-V,TAB,Toyota Prius,Dorado,Baja Definitiva,Felipe Montes Reyes,2021-05-30 05:17:06,WP4-482-V.jpg
WU1-898-P,TAB,Hyundai Elantra,Verde Oscuro,Cancelado,Ricardo Cervantes Estrada,2019-11-23 20:01:10,WU1-898-P.jpg
WR8-620-G,TAB,Fiat Argo,Blanco Perlado,Activo,Marcos Serrano Reyes,2026-01-24 14:43:30,WR8-620-G.jpg
WWM-559-N,TAB,Mazda CX-5,Gris,Activo,Liliana Beltran Rosales,2020-04-28 00:43:35,WWM-559-N.jpg
WLA-785-S,TAB,Mazda 3,Negro,Baja Definitiva,Felipe Ruiz Cruz,2020-10-09 13:22:56,WLA-785-S.jpg
WUB-119-J,TAB,Mercedes-Benz GLC,Verde,Reposicion,Cecilia Valdez Maldonado,2020-07-03 08:54:48,WUB-119-J.jpg
WUC-695-W,TAB,Audi Q3,Vino,Baja Temporal,Roberto Flores Tovar,2018-05-06 07:56:47,WUC-695-W.jpg
WLH-596-T,TAB,Honda HR-V,Cafe,Remarcaje,Cecilia Gonzalez Orozco,2023-10-15 08:01:26,WLH-596-T.jpg
WTU-655-L,TAB,Jeep Compass,Vino,En Proceso Legal,Alejandro Mendoza Arroyo,2022-11-23 11:05:37,WTU-655-L.jpg
X4X-867-N,TAMPS,Chevrolet Aveo,Rojo Oscuro,Irregular,Adolfo Vazquez Portillo,2019-10-08 17:26:28,X4X-867-N.jpg
X7W-401-U,TAMPS,Ford Focus,Gris Oscuro,Importacion Temporal,Leticia Camacho Camacho,2024-03-01 12:24:59,X7W-401-U.jpg
XG0-902-K,TAMPS,Audi A4,Gris Oscuro,Importacion Definitiva,Ana Serrano De La Cruz,2022-08-13 13:33:20,XG0-902-K.jpg
XG6-117-Z,TAMPS,Kia Sorento,Blanco,Activo,Elias Figueroa Avila,2022-05-07 04:11:32,XG6-117-Z.jpg
XJW-141-T,TAMPS,Ford Ranger,Gris,Robado,Jorge Montoya Quiroz,2018-05-20 01:35:50,XJW-141-T.jpg
XDL-480-X,TAMPS,BMW 5 Series,Rojo,Baja Temporal,Adolfo Sepulveda Navarro,2018-08-20 18:46:31,XDL-480-X.jpg
X7T-006-N,TAMPS,Mercedes-Benz C-Class,Morado,Activo,Valeria Barajas Rodriguez,2025-07-30 11:21:03,X7T-006-N.jpg
X2P-267-A,TAMPS,Kia Sportage,Dorado,Remarcaje,Guadalupe Alvarez Esquivel,2024-07-15 04:25:22,X2P-267-A.jpg
XDN-060-L,TAMPS,Fiat Argo,Amarillo,Reposicion,Alejandro Romero Ortega,2022-03-24 18:23:54,XDN-060-L.jpg
X5L-465-Y,TAMPS,BMW X5,Morado,Baja Temporal,Renata Medina Delgado,2020-09-18 14:28:27,X5L-465-Y.jpg
XA6-742-Y,TAMPS,Honda Civic,Naranja,Activo,Fernando De La Cruz Ramos,2018-07-31 07:27:46,XA6-742-Y.jpg
XKY-321-J,TAMPS,Nissan NP300,Gris Oscuro,Baja Temporal,Camila Castillo Dominguez,2022-02-06 08:38:34,XKY-321-J.jpg
XC8-743-D,TAMPS,Audi Q5,Verde Oscuro,Homologacion,Leticia Flores Maldonado,2022-02-04 10:20:16,XC8-743-D.jpg
X7V-404-R,TAMPS,Renault Logan,Azul Marino,Baja Temporal,Claudia Herrera Ramos,2026-01-18 07:36:14,X7V-404-R.jpg
XBS-733-C,TAMPS,Hyundai Santa Fe,Rojo,Baja Definitiva,Alicia Moya Solano,2024-08-12 18:16:29,XBS-733-C.jpg
XEV-483-R,TAMPS,Audi A3,Blanco,Homologacion,Silvia Solano Montes,2017-09-26 04:18:46,XEV-483-R.jpg
XK2-567-G,TAMPS,Volkswagen Golf,Rojo,Activo,Camila Cruz Morales,2022-01-07 03:23:32,XK2-567-G.jpg
XBX-287-M,TAMPS,Mercedes-Benz A-Class,Blanco Perlado,Activo,Yolanda Villalobos Villalobos,2019-10-05 11:18:04,XBX-287-M.jpg
XH6-632-R,TAMPS,Honda Civic,Azul Marino,Activo,Noe Rios Medina,2023-10-23 22:54:20,XH6-632-R.jpg
XPB-308-K,TAMPS,Mazda 2,Cafe,Baja Temporal,Estela Sandoval Solano,2026-01-30 21:31:35,XPB-308-K.jpg
XAD-147-Z,TAMPS,Toyota Yaris,Verde,Irregular,Oscar Izquierdo Moya,2026-04-05 22:51:28,XAD-147-Z.jpg
X5X-200-X,TAMPS,Chevrolet Cruze,Beige,Activo,Liliana Perez Peña,2021-02-28 02:37:47,X5X-200-X.jpg
WZA-896-L,TAMPS,Audi Q5,Blanco Perlado,Remarcaje,Diego Portillo Delgado,2025-04-25 02:09:28,WZA-896-L.jpg
XNG-715-A,TAMPS,Toyota Yaris,Azul Marino,Importacion Temporal,Lorena Rios Jimenez,2021-04-07 17:54:48,XNG-715-A.jpg
XKU-345-E,TAMPS,Kia Sorento,Rojo,Activo,Renata Arellano Montes,2025-09-25 04:35:25,XKU-345-E.jpg
XA7-882-B,TAMPS,Kia Rio,Naranja,Activo,Lucia Luna Velazquez,2024-12-17 10:36:55,XA7-882-B.jpg
XEC-247-C,TAMPS,Toyota Prius,Dorado,Importacion Definitiva,Armando Contreras Martinez,2018-02-03 00:38:10,XEC-247-C.jpg
X5Y-637-U,TAMPS,Fiat Argo,Negro,Baja Definitiva,Claudia Dominguez Avila,2024-09-19 20:19:14,X5Y-637-U.jpg
X1T-141-U,TAMPS,Renault Kwid,Vino,Activo,Norma Sandoval Aguilar,2026-01-19 00:57:55,X1T-141-U.jpg
XHK-351-C,TAMPS,Hyundai Accent,Plateado,Recuperado,Alberto Carrillo Delgado,2024-09-30 06:34:05,XHK-351-C.jpg
XNF-134-U,TAMPS,Mazda CX-5,Verde Oscuro,Activo,Luis Valdez Mora,2020-08-31 16:06:51,XNF-134-U.jpg
WYB-924-W,TAMPS,Ford Ranger,Verde,Activo,Juan Lopez Huerta,2025-09-28 13:02:44,WYB-924-W.jpg
XS9-281-P,TAMPS,Hyundai Accent,Gris Oscuro,Irregular,Leticia Nieto Carrillo,2025-12-25 00:26:42,XS9-281-P.jpg
X96-812-B,TAMPS,Volkswagen Vento,Beige,Baja Temporal,Marco Orozco Avila,2021-01-20 01:59:20,X96-812-B.jpg
X80-529-L,TAMPS,Audi Q5,Amarillo,Activo,Gabriela Tapia Ruiz,2019-09-07 02:05:54,X80-529-L.jpg
WZJ-551-V,TAMPS,Honda CR-V,Beige,Activo,Ignacio Sandoval Villanueva,2022-01-10 14:58:32,WZJ-551-V.jpg
X4L-644-V,TAMPS,Honda Civic,Beige,Activo,Fernando Alvarez Jimenez,2017-08-06 04:00:47,X4L-644-V.jpg
XSA-939-K,TAMPS,Audi Q3,Gris Oscuro,Irregular,Jesus Romero Vazquez,2019-04-16 01:39:34,XSA-939-K.jpg
XRE-565-G,TAMPS,Ford Fiesta,Morado,Robado,Guillermo Cervantes Silva,2020-08-25 06:58:34,XRE-565-G.jpg
XRH-111-Z,TAMPS,Mazda 2,Dorado,Recuperado,Carolina Soto Villanueva,2019-03-19 13:52:19,XRH-111-Z.jpg
X4W-187-F,TAMPS,Toyota Hilux,Gris Oscuro,Baja Definitiva,Norma Vargas Ruiz,2021-07-27 03:31:44,X4W-187-F.jpg
XF1-728-X,TAMPS,Renault Duster,Amarillo,Activo,Sandra Zamora Plascencia,2018-07-22 13:30:21,XF1-728-X.jpg
XAV-861-U,TAMPS,Jeep Wrangler,Blanco,Irregular,Manuel Juarez Morales,2020-08-19 22:40:48,XAV-861-U.jpg
XBP-575-J,TAMPS,Honda Civic,Negro,En Proceso Legal,Veronica Fernandez Hernandez,2022-12-09 13:54:04,XBP-575-J.jpg
XJL-156-M,TAMPS,Kia Rio,Beige,Reposicion,Daniela Pacheco Suarez,2022-11-23 00:47:26,XJL-156-M.jpg
XH8-983-C,TAMPS,Renault Duster,Gris,Cancelado,Liliana Torres Pineda,2023-04-01 16:12:37,XH8-983-C.jpg
X94-496-P,TAMPS,Audi A4,Verde Oscuro,Activo,Roberto Beltran Ortega,2020-05-15 19:29:25,X94-496-P.jpg
X0R-972-P,TAMPS,Ford Focus,Negro,Activo,Jesus Lopez Pacheco,2022-02-10 16:26:57,X0R-972-P.jpg
XJF-602-S,TAMPS,Mercedes-Benz C-Class,Gris,Importacion Definitiva,Claudia Figueroa De La Cruz,2023-06-19 14:00:49,XJF-602-S.jpg
X6T-078-F,TAMPS,Fiat 500,Gris,Reposicion,Daniela Ramirez Olvera,2025-03-01 11:27:28,X6T-078-F.jpg
X7J-308-G,TAMPS,Nissan Versa,Vino,Activo,Teresa Serrano Campos,2021-10-09 19:36:59,X7J-308-G.jpg
X9B-473-U,TAMPS,Peugeot 208,Naranja,Baja Definitiva,Manuel Olvera Quiroz,2020-01-06 16:56:47,X9B-473-U.jpg
WY3-843-T,TAMPS,Toyota Prius,Rojo,Cancelado,Yolanda Valdez Plascencia,2019-05-17 05:55:03,WY3-843-T.jpg
X6T-357-M,TAMPS,Peugeot 5008,Negro,Activo,Andres Olvera Medina,2024-03-05 11:24:47,X6T-357-M.jpg
XA7-446-K,TAMPS,Ford Fiesta,Verde,En Proceso Legal,Luis Reyes Perez,2025-07-25 12:17:58,XA7-446-K.jpg
WXK-023-F,TAMPS,Ford Ranger,Verde Oscuro,En Proceso Legal,Fernando Quiroz Barajas,2022-02-18 09:41:01,WXK-023-F.jpg
XKM-685-A,TAMPS,Peugeot 5008,Negro,Reposicion,Sandra Gutierrez Montoya,2023-06-20 13:41:14,XKM-685-A.jpg
WYF-263-V,TAMPS,Honda Accord,Plateado,Importacion Definitiva,Jesus Villalobos Tovar,2021-05-16 16:57:22,WYF-263-V.jpg
WZ1-201-G,TAMPS,BMW X5,Gris,Irregular,Ignacio Morales Guerrero,2024-05-04 17:27:48,WZ1-201-G.jpg
XDL-318-P,TAMPS,Audi Q5,Azul,Recuperado,Valeria Arroyo Orozco,2021-10-25 22:30:11,XDL-318-P.jpg
X89-781-Y,TAMPS,Honda HR-V,Plateado,Activo,Fabiola Velazquez Arroyo,2024-07-24 17:44:30,X89-781-Y.jpg
XCT-854-U,TAMPS,Peugeot 208,Gris,Activo,Javier Arellano Campos,2019-06-03 07:54:55,XCT-854-U.jpg
XGE-515-M,TAMPS,Nissan NP300,Gris,Baja Definitiva,Carmen Arellano Suarez,2023-03-18 11:15:54,XGE-515-M.jpg
XK8-039-F,TAMPS,Nissan Versa,Blanco,Irregular,Felipe Jimenez Reyes,2024-09-20 05:16:47,XK8-039-F.jpg
XNP-430-K,TAMPS,Mercedes-Benz GLC,Dorado,Robado,Lorena Quiroz Torres,2022-09-11 16:57:18,XNP-430-K.jpg
XAL-451-X,TAMPS,Chevrolet Cruze,Plateado,Irregular,Elsa Cruz Maldonado,2022-01-29 08:43:04,XAL-451-X.jpg
X5D-909-S,TAMPS,Peugeot 308,Negro,Homologacion,Sebastian Barajas Ortega,2024-05-07 03:01:12,X5D-909-S.jpg
X2Z-218-R,TAMPS,Peugeot 208,Dorado,Baja Definitiva,Sergio Mendoza Plascencia,2023-05-03 06:44:42,X2Z-218-R.jpg
XLE-048-R,TAMPS,Chevrolet Aveo,Blanco Perlado,Recuperado,Adolfo Estrada Rosales,2025-11-15 16:43:25,XLE-048-R.jpg
X22-227-V,TAMPS,Chevrolet Spark,Blanco Perlado,Robado,Cecilia Gonzalez Delgado,2019-03-25 13:43:00,X22-227-V.jpg
XNJ-863-T,TAMPS,Kia Rio,Verde Oscuro,Baja Definitiva,Elizabeth Villalobos Portillo,2024-02-03 08:34:22,XNJ-863-T.jpg
XCY-057-A,TAMPS,Renault Kwid,Gris,Importacion Temporal,Carlos Aguilar Zarate,2022-05-24 03:40:34,XCY-057-A.jpg
XCS-286-Y,TAMPS,BMW 3 Series,Rojo,Importacion Definitiva,Carolina Diaz Cruz,2022-09-24 22:44:40,XCS-286-Y.jpg
X3P-018-K,TAMPS,Volkswagen Amarok,Negro,Activo,Renata Esquivel Correa,2025-05-11 13:16:33,X3P-018-K.jpg
XND-091-R,TAMPS,Peugeot 5008,Cafe,Reposicion,Norma Orozco Nieto,2019-04-02 21:33:22,XND-091-R.jpg
XB8-109-D,TAMPS,Fiat Cronos,Dorado,Recuperado,Antonio Guerrero Perez,2023-04-19 12:18:22,XB8-109-D.jpg
WZP-408-N,TAMPS,Audi A4,Beige,Activo,Felipe Valdez Navarro,2019-11-23 07:44:54,WZP-408-N.jpg
XCZ-432-K,TAMPS,Renault Logan,Amarillo,Cancelado,Juan Maldonado Flores,2024-01-09 13:12:05,XCZ-432-K.jpg
X8E-119-D,TAMPS,Peugeot 308,Amarillo,Importacion Definitiva,Elias Ramos Izquierdo,2023-04-20 15:12:38,X8E-119-D.jpg
XFU-935-J,TAMPS,Mazda 3,Negro,Reposicion,Martha Portillo Valencia,2021-03-23 04:53:16,XFU-935-J.jpg
XDX-082-X,TAMPS,Renault Logan,Negro,Remarcaje,Rosa Huerta Serrano,2023-10-08 03:56:30,XDX-082-X.jpg
XKS-588-M,TAMPS,Jeep Wrangler,Dorado,Activo,Victor Izquierdo Estrada,2017-03-16 01:22:13,XKS-588-M.jpg
WXN-127-T,TAMPS,Mazda 2,Verde Oscuro,Baja Temporal,Paola Cervantes Ortega,2017-11-19 19:11:26,WXN-127-T.jpg
XD4-539-E,TAMPS,Audi A4,Verde,Importacion Temporal,Jesus Campos Quintero,2017-07-06 11:26:46,XD4-539-E.jpg
X41-351-M,TAMPS,BMW X5,Vino,Reposicion,Rocio Romero Hernandez,2018-11-30 15:37:18,X41-351-M.jpg
XMG-312-X,TAMPS,Hyundai Tucson,Naranja,Robado,Jorge Nieto Castillo,2023-02-06 19:39:14,XMG-312-X.jpg
X7U-181-Z,TAMPS,Jeep Wrangler,Verde,Remarcaje,Rosa Portillo Luna,2017-04-14 01:50:31,X7U-181-Z.jpg
XPW-183-C,TAMPS,Renault Kwid,Beige,Importacion Definitiva,Cristian Correa Pineda,2026-04-26 09:58:34,XPW-183-C.jpg
XHY-222-U,TAMPS,Kia Forte,Dorado,Robado,Silvia Pacheco Barajas,2018-06-16 04:26:51,XHY-222-U.jpg
XCT-058-N,TAMPS,Hyundai Santa Fe,Azul,Activo,Manuel Figueroa Martinez,2024-03-17 13:40:05,XCT-058-N.jpg
XA8-702-U,TAMPS,Chevrolet Beat,Vino,Remarcaje,Roberto Cordero Ruiz,2023-08-16 11:14:36,XA8-702-U.jpg
X5Y-708-E,TAMPS,Kia Sportage,Amarillo,Homologacion,Alejandra Rios Maldonado,2021-09-06 15:30:49,X5Y-708-E.jpg
XER-794-R,TAMPS,Honda CR-V,Gris Oscuro,Remarcaje,Adriana Villalobos Rodriguez,2018-12-31 09:42:18,XER-794-R.jpg
WYR-359-X,TAMPS,Toyota Corolla,Gris Oscuro,Robado,Fernando Rodriguez Silva,2020-04-26 09:41:28,WYR-359-X.jpg
X8J-463-Y,TAMPS,Audi A4,Negro,Remarcaje,Miguel Sepulveda Urbina,2021-06-23 14:10:40,X8J-463-Y.jpg
WYR-357-D,TAMPS,Mazda 3,Morado,Activo,Marina Soto Mendoza,2020-03-21 02:49:57,WYR-357-D.jpg
XCH-761-K,TAMPS,Chevrolet Aveo,Verde,Recuperado,Paola Zamora Villanueva,2018-01-27 06:38:01,XCH-761-K.jpg
XR8-803-E,TAMPS,BMW 3 Series,Beige,Recuperado,Jesus Salazar Figueroa,2026-05-09 01:28:43,XR8-803-E.jpg
XMJ-446-J,TAMPS,Peugeot 5008,Rojo,Homologacion,Jesus Huerta Sepulveda,2018-06-27 08:07:22,XMJ-446-J.jpg
XDM-078-M,TAMPS,Renault Kwid,Azul Marino,Recuperado,Yolanda Arellano Gonzalez,2024-02-25 14:58:16,XDM-078-M.jpg
XF4-314-C,TAMPS,BMW 3 Series,Gris,Importacion Temporal,Benjamin Navarro Quiroz,2020-08-10 19:34:45,XF4-314-C.jpg
XSF-079-G,TAMPS,Honda CR-V,Amarillo,Robado,Ricardo Portillo Camacho,2017-02-20 09:43:15,XSF-079-G.jpg
WZ9-865-S,TAMPS,Jeep Grand Cherokee,Blanco,Cancelado,Paola Barajas Alvarez,2024-09-02 20:36:19,WZ9-865-S.jpg
WZW-043-T,TAMPS,Audi A4,Blanco,Remarcaje,Lorena Escobar Aguilar,2025-01-31 04:04:57,WZW-043-T.jpg
XM3-886-N,TAMPS,Peugeot 208,Azul Marino,Importacion Definitiva,Victor Flores Herrera,2021-03-26 19:11:37,XM3-886-N.jpg
XCW-314-P,TAMPS,Volkswagen Amarok,Azul Marino,Recuperado,Juan Castro Del Valle,2018-08-11 22:21:48,XCW-314-P.jpg
WZP-973-E,TAMPS,Nissan NP300,Naranja,Robado,Salvador Izquierdo Romero,2020-09-17 12:02:07,WZP-973-E.jpg
X4J-421-W,TAMPS,Honda Accord,Rojo,Activo,Raul Tapia Garcia,2025-01-10 15:31:41,X4J-421-W.jpg
X9N-619-B,TAMPS,Audi Q3,Plateado,En Proceso Legal,Sandra Zarate Esquivel,2025-08-29 13:54:02,X9N-619-B.jpg
XRF-169-C,TAMPS,Chevrolet Spark,Verde,Baja Temporal,Alejandra De La Cruz Ramirez,2019-10-15 12:41:16,XRF-169-C.jpg
WXU-603-B,TAMPS,Volkswagen Vento,Beige,Homologacion,Beatriz Suarez Espinoza,2025-09-18 05:20:27,WXU-603-B.jpg
XCY-400-B,TAMPS,Fiat Argo,Beige,Irregular,Elizabeth Bravo Chavez,2018-04-16 21:27:34,XCY-400-B.jpg
XDW-887-Y,TAMPS,Honda Civic,Rojo Oscuro,Importacion Definitiva,Patricia Quintero Pacheco,2019-11-07 12:55:59,XDW-887-Y.jpg
X62-715-Z,TAMPS,Chevrolet Spark,Plateado,Remarcaje,Salvador Hernandez De La Cruz,2022-10-20 10:27:03,X62-715-Z.jpg
XJG-239-D,TAMPS,Chevrolet Cruze,Amarillo,Activo,Julieta Carrillo Perez,2019-12-14 06:25:39,XJG-239-D.jpg
X9N-164-C,TAMPS,Jeep Renegade,Azul Marino,Activo,Elias Delgado Peña,2017-12-19 11:47:30,X9N-164-C.jpg
WZC-787-X,TAMPS,Toyota Prius,Gris Oscuro,Activo,Felipe Villanueva Sepulveda,2024-02-14 03:26:11,WZC-787-X.jpg
X9L-511-B,TAMPS,BMW 3 Series,Vino,En Proceso Legal,Leticia Gallegos Silva,2024-07-25 22:45:02,X9L-511-B.jpg
XAT-399-X,TAMPS,Peugeot 3008,Amarillo,Irregular,Veronica Reyes Chavez,2018-07-09 07:27:07,XAT-399-X.jpg
XFC-865-M,TAMPS,Fiat Cronos,Gris Oscuro,Importacion Temporal,Angela Diaz Luna,2023-06-01 14:24:03,XFC-865-M.jpg
XEV-087-G,TAMPS,BMW 5 Series,Verde,Reposicion,Adolfo Correa Quintero,2020-07-21 10:07:50,XEV-087-G.jpg
X3T-722-J,TAMPS,Chevrolet Cruze,Vino,Remarcaje,Benjamin Hernandez Montoya,2022-08-16 07:41:11,X3T-722-J.jpg
XNV-773-T,TAMPS,Hyundai Accent,Blanco,En Proceso Legal,Hugo Gonzalez Espinoza,2024-09-07 17:09:29,XNV-773-T.jpg
X37-517-M,TAMPS,Kia Sorento,Azul,Recuperado,Marisol Camacho Suarez,2022-10-21 09:46:37,X37-517-M.jpg
XMU-448-E,TAMPS,Jeep Compass,Dorado,Recuperado,Valeria Urbina Maldonado,2024-05-30 15:02:19,XMU-448-E.jpg
X3S-271-X,TAMPS,Hyundai Accent,Gris Oscuro,Recuperado,Elias Camacho Velazquez,2024-10-10 19:03:13,X3S-271-X.jpg
WYZ-607-T,TAMPS,Peugeot 5008,Azul Marino,Homologacion,Veronica Rivera Moya,2026-05-10 11:07:48,WYZ-607-T.jpg
X5Y-178-Y,TAMPS,Mazda MX-5,Verde,Baja Temporal,Arturo Cervantes Acosta,2020-08-26 19:09:23,X5Y-178-Y.jpg
XA0-921-B,TAMPS,Toyota Prius,Azul,Recuperado,Veronica Bravo Velazquez,2023-07-05 10:00:54,XA0-921-B.jpg
X6N-940-T,TAMPS,Mazda MX-5,Blanco,Robado,Daniela Zamora Campos,2022-06-28 20:34:14,X6N-940-T.jpg
XLB-525-X,TAMPS,Ford Ranger,Blanco,Homologacion,Rocio Contreras De La Cruz,2017-04-04 04:09:28,XLB-525-X.jpg
XFR-532-Z,TAMPS,Volkswagen Golf,Naranja,Irregular,Guillermo Dominguez Barajas,2022-01-05 15:33:40,XFR-532-Z.jpg
XPT-104-P,TAMPS,Volkswagen Amarok,Verde,En Proceso Legal,Jose Cervantes Acosta,2020-02-24 22:01:19,XPT-104-P.jpg
XRU-402-M,TAMPS,Ford Ranger,Blanco,Recuperado,Rosa Campos Ramirez,2025-09-09 12:00:42,XRU-402-M.jpg
X3D-383-V,TAMPS,Peugeot 208,Gris,Robado,Diego Salazar Cabrera,2024-10-15 19:23:28,X3D-383-V.jpg
XF4-260-Z,TAMPS,Nissan March,Negro,Baja Temporal,Alejandro Valencia Zamora,2022-06-04 01:17:01,XF4-260-Z.jpg
XB9-049-R,TAMPS,Jeep Grand Cherokee,Azul,Baja Temporal,Renata Zamora Villegas,2019-04-19 11:59:18,XB9-049-R.jpg
XS0-731-Y,TAMPS,Nissan Versa,Gris Oscuro,Baja Definitiva,Jose Contreras Campos,2021-08-26 02:51:46,XS0-731-Y.jpg
XCJ-753-E,TAMPS,Mercedes-Benz GLC,Amarillo,En Proceso Legal,Sandra Castillo Luna,2019-10-30 19:49:06,XCJ-753-E.jpg
X8U-471-A,TAMPS,Mercedes-Benz GLA,Verde Oscuro,Activo,Norma Arroyo Montes,2018-10-19 03:35:24,X8U-471-A.jpg
XK8-350-J,TAMPS,Mercedes-Benz GLC,Rojo,Importacion Temporal,Javier Villalobos Ramirez,2022-11-05 21:11:09,XK8-350-J.jpg
X3A-720-W,TAMPS,Hyundai Elantra,Gris,Importacion Definitiva,Maria Cervantes Quiroz,2023-04-29 09:59:56,X3A-720-W.jpg
X6L-977-A,TAMPS,Kia Sorento,Morado,Irregular,Elizabeth Castro Gallegos,2017-04-01 23:06:51,X6L-977-A.jpg
X5Z-669-R,TAMPS,Jeep Wrangler,Morado,Activo,Cristian Vazquez Carrillo,2019-03-05 04:09:31,X5Z-669-R.jpg
X8P-588-P,TAMPS,Audi Q5,Negro,Activo,Ignacio Chavez Ramirez,2021-01-01 19:42:06,X8P-588-P.jpg
XBB-988-K,TAMPS,BMW X5,Blanco Perlado,Recuperado,Rebeca Sepulveda Vargas,2024-11-03 03:10:38,XBB-988-K.jpg
WY2-546-N,TAMPS,Ford Ranger,Morado,Activo,Hector Martinez Solano,2019-08-14 00:52:53,WY2-546-N.jpg
X8F-537-K,TAMPS,Kia Rio,Blanco,Robado,Monica Escobar Gutierrez,2025-01-13 16:57:07,X8F-537-K.jpg
X8P-468-Y,TAMPS,Mazda MX-5,Negro,Irregular,Isabel Jimenez Zamora,2017-08-24 20:25:44,X8P-468-Y.jpg
WYS-485-K,TAMPS,Ford Ranger,Beige,Reposicion,Arturo Camacho Torres,2023-03-23 13:49:35,WYS-485-K.jpg
XGD-860-T,TAMPS,Ford Fiesta,Verde,Importacion Definitiva,Ernesto Estrada Del Valle,2019-04-07 08:44:09,XGD-860-T.jpg
XDJ-230-M,TAMPS,Jeep Grand Cherokee,Rojo,Recuperado,Carmen Tovar Arellano,2020-07-31 04:21:16,XDJ-230-M.jpg
XSZ-297-X,TAMPS,Mazda 2,Verde Oscuro,Recuperado,Adolfo Palacios Mora,2025-02-05 12:02:11,XSZ-297-X.jpg
WXL-522-W,TAMPS,Ford Fusion,Verde Oscuro,Activo,Eduardo Acosta Tovar,2019-04-04 11:55:49,WXL-522-W.jpg
WZJ-792-P,TAMPS,Toyota Yaris,Rojo Oscuro,Importacion Definitiva,Camila Carrillo Pacheco,2019-07-07 08:01:00,WZJ-792-P.jpg
XCK-593-Y,TAMPS,BMW X5,Verde Oscuro,Activo,Diego Castro Correa,2022-01-06 23:01:24,XCK-593-Y.jpg
XMH-803-J,TAMPS,Chevrolet Beat,Amarillo,Irregular,Sofia Ramos Tapia,2022-10-06 14:58:00,XMH-803-J.jpg
X6F-765-V,TAMPS,Honda HR-V,Naranja,Activo,Fernando Leal Valdez,2017-08-18 15:19:54,X6F-765-V.jpg
X5V-517-J,TAMPS,Mazda MX-5,Azul Marino,Irregular,Felipe Peña Torres,2025-12-29 21:53:02,X5V-517-J.jpg
XC1-378-Z,TAMPS,BMW 3 Series,Rojo,Baja Temporal,Francisco Cervantes Cabrera,2023-01-05 07:25:46,XC1-378-Z.jpg
XSS-029-E,TAMPS,Volkswagen Jetta,Azul,Robado,Liliana Tovar Martinez,2026-03-09 13:39:08,XSS-029-E.jpg
XLD-040-Y,TAMPS,Mazda MX-5,Naranja,Activo,Juan Lopez Esquivel,2022-08-05 03:09:21,XLD-040-Y.jpg
XEL-085-V,TAMPS,Fiat Toro,Blanco,Homologacion,Silvia Maldonado Silva,2023-12-17 15:28:29,XEL-085-V.jpg
XJ6-120-P,TAMPS,Renault Duster,Gris,Reposicion,Norma Sandoval Perez,2021-03-20 05:12:20,XJ6-120-P.jpg
X0W-483-V,TAMPS,Fiat 500,Verde,Cancelado,Estela Suarez Castillo,2025-02-16 12:50:25,X0W-483-V.jpg
WZB-300-X,TAMPS,Ford Fusion,Azul,Recuperado,Veronica Tapia Ramos,2024-04-10 07:07:28,WZB-300-X.jpg
X3Z-804-C,TAMPS,Toyota Hilux,Negro,Activo,Ernesto Ramirez Mejia,2024-06-05 11:33:44,X3Z-804-C.jpg
X7Z-596-J,TAMPS,Volkswagen Vento,Naranja,Activo,Marco Villanueva Figueroa,2018-11-24 02:26:34,X7Z-596-J.jpg
X4T-668-R,TAMPS,Volkswagen Jetta,Gris,Activo,Rebeca Estrada Trejo,2017-01-16 16:28:03,X4T-668-R.jpg
X1P-403-N,TAMPS,Hyundai Tucson,Vino,Robado,Lorena Moya Figueroa,2021-07-15 19:54:14,X1P-403-N.jpg
X5U-434-H,TAMPS,Chevrolet Spark,Gris,Baja Definitiva,Monica Jimenez Estrada,2022-04-15 13:23:00,X5U-434-H.jpg
WZV-185-E,TAMPS,Mercedes-Benz GLA,Plateado,Robado,Rosa Acosta Jimenez,2018-10-28 11:30:53,WZV-185-E.jpg
XK0-450-R,TAMPS,Jeep Renegade,Rojo,En Proceso Legal,Valeria Castillo Estrada,2023-12-11 18:16:02,XK0-450-R.jpg
XL9-657-F,TAMPS,Volkswagen Golf,Morado,Recuperado,Norma Garcia Cervantes,2024-08-30 21:41:55,XL9-657-F.jpg
XEG-109-Y,TAMPS,Mercedes-Benz GLA,Rojo Oscuro,Activo,Fabiola Valencia Navarro,2022-09-20 11:20:25,XEG-109-Y.jpg
XR1-111-L,TAMPS,BMW X3,Naranja,Activo,Salvador Fuentes Correa,2020-08-12 15:26:24,XR1-111-L.jpg
XHG-454-B,TAMPS,Hyundai Elantra,Dorado,Homologacion,Claudia Ruiz Trejo,2026-05-10 23:57:14,XHG-454-B.jpg
X57-861-V,TAMPS,Jeep Renegade,Rojo Oscuro,Robado,Andres De La Cruz Ortega,2025-03-23 16:14:32,X57-861-V.jpg
XFC-866-H,TAMPS,BMW 5 Series,Rojo Oscuro,Activo,Francisco Ortega Escobar,2017-06-19 18:34:47,XFC-866-H.jpg
X6S-044-N,TAMPS,Honda CR-V,Verde Oscuro,Recuperado,Jorge Maldonado Fernandez,2017-09-25 00:34:41,X6S-044-N.jpg
X4Y-444-M,TAMPS,Honda HR-V,Gris Oscuro,Importacion Temporal,Marcos Plascencia Castro,2017-03-20 00:15:25,X4Y-444-M.jpg
WZE-568-B,TAMPS,Honda CR-V,Beige,Baja Definitiva,Leticia Palacios Leal,2026-01-06 08:58:57,WZE-568-B.jpg
XA1-706-Y,TAMPS,Honda Accord,Azul Marino,Activo,Roberto Flores Tovar,2019-01-29 23:28:56,XA1-706-Y.jpg
WY5-241-W,TAMPS,Mercedes-Benz C-Class,Plateado,Activo,Valeria Villalobos Orozco,2025-03-22 06:40:02,WY5-241-W.jpg
XHL-991-B,TAMPS,Kia Sportage,Amarillo,Baja Temporal,Beatriz Flores Quintero,2023-06-03 03:31:01,XHL-991-B.jpg
WXH-952-S,TAMPS,Mazda 2,Azul,Remarcaje,Sandra Chavez Navarro,2019-02-13 05:56:25,WXH-952-S.jpg
XBC-965-X,TAMPS,Peugeot 3008,Morado,Activo,Silvia Gallegos Escobar,2019-03-01 00:17:22,XBC-965-X.jpg
X6Z-750-V,TAMPS,Kia Sportage,Vino,Irregular,Diego Quintero Trejo,2023-07-14 21:27:44,X6Z-750-V.jpg
XFP-324-V,TAMPS,Ford Fiesta,Naranja,Activo,Maria Escobar Contreras,2025-08-02 00:14:55,XFP-324-V.jpg
XF1-927-L,TAMPS,Nissan NP300,Verde Oscuro,Robado,Angela Contreras Leal,2019-07-25 16:20:42,XF1-927-L.jpg
X08-704-V,TAMPS,Honda Civic,Morado,Homologacion,Javier Mendoza Dominguez,2017-09-30 17:17:49,X08-704-V.jpg
XMD-968-M,TAMPS,Kia Sorento,Gris Oscuro,Remarcaje,Julieta Pacheco Zarate,2017-12-22 11:27:37,XMD-968-M.jpg
XEX-286-F,TAMPS,Honda Civic,Naranja,Activo,Carmen De La Cruz Peña,2026-01-03 04:15:20,XEX-286-F.jpg
XKB-394-V,TAMPS,Volkswagen Jetta,Blanco,Homologacion,Ricardo Morales Zarate,2018-05-01 19:17:27,XKB-394-V.jpg
WZL-798-U,TAMPS,Volkswagen Golf,Negro,Activo,Ricardo Fernandez Olvera,2022-10-29 16:39:14,WZL-798-U.jpg
X8P-605-Y,TAMPS,Peugeot 3008,Verde Oscuro,Activo,Carmen Sanchez Soto,2019-12-18 23:12:04,X8P-605-Y.jpg
X20-787-P,TAMPS,Audi Q3,Azul,Activo,Gabriela Torres Montes,2023-11-29 22:14:21,X20-787-P.jpg
WXD-866-F,TAMPS,Chevrolet Spark,Beige,Activo,Rosa Rios Silva,2022-12-22 22:36:21,WXD-866-F.jpg
XD9-534-X,TAMPS,Jeep Renegade,Azul Marino,Remarcaje,Diego Villanueva Mendoza,2019-07-30 21:43:46,XD9-534-X.jpg
WZJ-987-N,TAMPS,Jeep Compass,Blanco Perlado,Recuperado,Norma Izquierdo Chavez,2018-06-08 08:58:48,WZJ-987-N.jpg
XGM-188-D,TAMPS,Chevrolet Aveo,Verde,Activo,Martha Escobar Peña,2020-03-25 22:22:49,XGM-188-D.jpg
XRS-179-A,TAMPS,Audi A3,Amarillo,Activo,Carolina Vargas Soto,2024-07-15 19:38:54,XRS-179-A.jpg
WXZ-938-C,TAMPS,Kia Rio,Gris Oscuro,Homologacion,Juan Sanchez Sandoval,2020-09-14 22:48:30,WXZ-938-C.jpg
WYP-463-A,TAMPS,Nissan Versa,Amarillo,Baja Temporal,Marco Tovar Ramirez,2023-05-23 19:59:51,WYP-463-A.jpg
X57-391-C,TAMPS,BMW 3 Series,Rojo,Baja Temporal,Martha Esquivel Palacios,2020-07-09 19:34:39,X57-391-C.jpg
XKF-787-E,TAMPS,Fiat Toro,Azul Marino,Homologacion,Jorge Tapia Peña,2022-09-06 18:05:57,XKF-787-E.jpg
XCN-183-G,TAMPS,Nissan March,Azul Marino,Cancelado,Maria Villalobos Quiroz,2022-01-23 11:15:34,XCN-183-G.jpg
XKW-930-G,TAMPS,Ford Focus,Verde Oscuro,Remarcaje,Jesus Gonzalez Juarez,2021-09-29 05:49:50,XKW-930-G.jpg
X3X-847-D,TAMPS,Jeep Renegade,Naranja,Importacion Temporal,Maria Del Valle Trejo,2019-01-12 09:46:03,X3X-847-D.jpg
XBU-367-X,TAMPS,Mercedes-Benz GLC,Rojo,Baja Temporal,Luis Vargas Portillo,2021-07-20 23:48:38,XBU-367-X.jpg
WY4-166-P,TAMPS,Honda CR-V,Amarillo,Activo,Teresa Martinez Montoya,2023-06-16 18:48:51,WY4-166-P.jpg
XA0-923-A,TAMPS,Hyundai Accent,Rojo Oscuro,Homologacion,Paola Mora Pineda,2025-12-14 10:02:56,XA0-923-A.jpg
XNX-460-G,TAMPS,Toyota Hilux,Gris Oscuro,Importacion Temporal,Pedro Alvarez Castro,2019-01-10 18:32:18,XNX-460-G.jpg
WZJ-018-G,TAMPS,Chevrolet Cruze,Rojo Oscuro,Activo,Fabiola Palacios Campos,2020-07-24 16:17:25,WZJ-018-G.jpg
X2C-670-L,TAMPS,Volkswagen Amarok,Amarillo,Baja Definitiva,Fernando Fernandez Cordero,2024-06-30 03:28:26,X2C-670-L.jpg
XE1-493-S,TAMPS,Nissan NP300,Blanco,Homologacion,Maria Cordero Ramirez,2023-08-13 03:38:47,XE1-493-S.jpg
XPM-103-Y,TAMPS,Toyota Corolla,Morado,Irregular,Luis Contreras Palacios,2020-04-26 22:33:31,XPM-103-Y.jpg
XN6-639-D,TAMPS,Jeep Wrangler,Amarillo,Cancelado,Valeria Salazar Orozco,2017-04-20 14:49:43,XN6-639-D.jpg
X6G-271-Z,TAMPS,Fiat Argo,Azul Marino,Cancelado,Silvia Montoya Cervantes,2018-08-20 00:51:09,X6G-271-Z.jpg
XEP-904-B,TAMPS,Ford Fiesta,Negro,Remarcaje,Mauricio Arellano Fernandez,2019-11-27 14:58:39,XEP-904-B.jpg
X8E-400-L,TAMPS,Audi A4,Naranja,Importacion Definitiva,Isabel Palacios Flores,2024-08-23 09:00:30,X8E-400-L.jpg
X4R-309-N,TAMPS,Honda CR-V,Cafe,Remarcaje,Sofia Torres Maldonado,2019-05-29 11:46:16,X4R-309-N.jpg
X6X-058-N,TAMPS,Toyota Corolla,Morado,Irregular,Victor Escobar Cordero,2021-06-13 00:54:34,X6X-058-N.jpg
XMW-226-U,TAMPS,Mercedes-Benz C-Class,Naranja,Activo,Sofia Pineda Montoya,2022-03-31 20:28:46,XMW-226-U.jpg
WZD-641-W,TAMPS,Honda CR-V,Plateado,Activo,Fabiola Diaz Serrano,2026-05-14 20:35:02,WZD-641-W.jpg
XNX-453-F,TAMPS,Volkswagen Vento,Cafe,Importacion Temporal,Ana Hernandez Trejo,2023-09-18 12:29:49,XNX-453-F.jpg
X2M-291-G,TAMPS,Ford Focus,Amarillo,Remarcaje,Mateo Villalobos Villanueva,2020-05-17 14:06:44,X2M-291-G.jpg
WXP-061-U,TAMPS,Fiat 500,Plateado,Importacion Definitiva,Lorena Carrillo Reyes,2017-12-25 16:36:40,WXP-061-U.jpg
XMM-459-F,TAMPS,Chevrolet Cruze,Vino,Remarcaje,Paola Romero Montoya,2020-02-02 08:07:25,XMM-459-F.jpg
XJ8-989-A,TAMPS,Ford Focus,Blanco Perlado,Robado,Hector Cervantes Jimenez,2021-02-25 12:47:50,XJ8-989-A.jpg
XAV-058-A,TAMPS,BMW X3,Rojo Oscuro,Baja Definitiva,Claudia Perez Montoya,2019-10-16 20:47:49,XAV-058-A.jpg
XKZ-150-N,TAMPS,Fiat 500,Gris,Importacion Definitiva,Cristian Fuentes Castillo,2018-10-20 06:32:24,XKZ-150-N.jpg
X0F-048-U,TAMPS,Ford Fiesta,Plateado,Recuperado,Martha Mora Quiroz,2025-07-29 13:39:06,X0F-048-U.jpg
X3Z-449-Z,TAMPS,Peugeot 5008,Naranja,Activo,Armando Maldonado Avila,2020-12-04 05:29:41,X3Z-449-Z.jpg
X26-690-V,TAMPS,Fiat Toro,Negro,Importacion Definitiva,Ricardo Sandoval Villanueva,2022-07-28 01:53:54,X26-690-V.jpg
XPA-249-B,TAMPS,Nissan NP300,Negro,Robado,Rebeca Esquivel Reyes,2021-11-08 14:46:43,XPA-249-B.jpg
X06-738-W,TAMPS,BMW X5,Gris,Irregular,Rosa Gutierrez Ramirez,2022-08-27 14:56:55,X06-738-W.jpg
XJM-074-T,TAMPS,Nissan Sentra,Gris,Robado,Ignacio Navarro Sanchez,2017-08-03 19:18:03,XJM-074-T.jpg
XK6-918-E,TAMPS,Audi A4,Blanco,Activo,Patricia Contreras Juarez,2023-10-29 03:12:54,XK6-918-E.jpg
X7C-085-R,TAMPS,Renault Kwid,Naranja,Baja Definitiva,Manuel Quiroz Vazquez,2021-09-12 13:43:55,X7C-085-R.jpg
WZB-102-B,TAMPS,Hyundai Santa Fe,Morado,Activo,Raul Gutierrez Orozco,2022-06-07 05:26:13,WZB-102-B.jpg
X9R-401-B,TAMPS,Nissan Sentra,Beige,Irregular,Lucia Mora Villanueva,2019-10-26 03:00:48,X9R-401-B.jpg
XSC-846-M,TAMPS,Honda CR-V,Rojo Oscuro,Importacion Definitiva,Victor Maldonado Esquivel,2025-06-12 02:27:35,XSC-846-M.jpg
XKZ-891-A,TAMPS,Mazda 3,Vino,Activo,Camila Huerta Avila,2022-12-18 17:55:22,XKZ-891-A.jpg
XCW-244-M,TAMPS,Hyundai Santa Fe,Naranja,Robado,Alejandra Beltran Olvera,2022-11-05 02:07:28,XCW-244-M.jpg
XRK-864-L,TAMPS,Honda Civic,Verde,Activo,Guillermo Rivera Mora,2020-07-06 22:49:03,XRK-864-L.jpg
XN8-952-K,TAMPS,Toyota Corolla,Beige,En Proceso Legal,Fabiola Nieto Mejia,2021-02-13 03:48:31,XN8-952-K.jpg
XB3-599-F,TAMPS,BMW X5,Azul Marino,Remarcaje,Guillermo Valencia Garcia,2019-09-10 09:51:51,XB3-599-F.jpg
X7Z-545-Y,TAMPS,Hyundai Elantra,Blanco Perlado,Irregular,Leticia Acosta Esquivel,2022-06-07 01:47:48,X7Z-545-Y.jpg
XHC-164-C,TAMPS,Renault Kwid,Rojo Oscuro,Importacion Temporal,Sofia Vazquez Delgado,2022-10-09 15:26:21,XHC-164-C.jpg
XTL-140-E,TLAX,Renault Kwid,Verde,En Proceso Legal,Benjamin Montoya Beltran,2022-01-23 18:21:43,XTL-140-E.jpg
XTL-244-U,TLAX,Fiat Toro,Plateado,Homologacion,Norma Ramos Lopez,2018-06-26 05:23:30,XTL-244-U.jpg
XV1-816-X,TLAX,Chevrolet Cruze,Cafe,Activo,Isabel Zarate Villegas,2020-10-02 11:45:56,XV1-816-X.jpg
XUR-110-D,TLAX,Peugeot 5008,Blanco,Remarcaje,Juan Montes Cervantes,2018-02-03 09:12:01,XUR-110-D.jpg
XVK-068-L,TLAX,BMW 3 Series,Plateado,Activo,Leticia Contreras Castillo,2023-07-01 21:38:09,XVK-068-L.jpg
XX0-785-D,TLAX,Ford Focus,Naranja,Importacion Temporal,Maria Campos Sandoval,2025-01-03 12:09:00,XX0-785-D.jpg
XUT-459-R,TLAX,Jeep Renegade,Blanco,En Proceso Legal,Antonio Barajas Barajas,2018-04-16 06:52:43,XUT-459-R.jpg
XTT-448-N,TLAX,Honda Accord,Morado,Cancelado,Sandra Jimenez Gutierrez,2019-10-14 08:51:48,XTT-448-N.jpg
XW1-702-B,TLAX,Renault Duster,Plateado,Baja Definitiva,Sofia Soto Vargas,2020-04-11 08:12:50,XW1-702-B.jpg
XW6-784-F,TLAX,Nissan March,Cafe,Baja Definitiva,Yolanda Valencia Olvera,2018-04-17 06:23:42,XW6-784-F.jpg
XWA-161-K,TLAX,Kia Sportage,Negro,Activo,Jose Sanchez Lopez,2022-03-21 03:27:41,XWA-161-K.jpg
XW7-922-W,TLAX,Renault Kwid,Gris Oscuro,Activo,Rosa Moya Fernandez,2022-03-13 19:29:24,XW7-922-W.jpg
XV4-151-E,TLAX,Ford Fusion,Gris Oscuro,Baja Temporal,Roberto Tapia Jimenez,2018-04-23 22:51:03,XV4-151-E.jpg
XUV-998-A,TLAX,BMW 3 Series,Blanco Perlado,Remarcaje,Ruben Torres Ruiz,2017-05-17 06:50:59,XUV-998-A.jpg
XU9-770-Y,TLAX,Honda Accord,Rojo Oscuro,Recuperado,Manuel Gallegos Figueroa,2024-09-11 23:40:35,XU9-770-Y.jpg
XVK-429-R,TLAX,Mazda 3,Negro,Remarcaje,Francisco Acosta Ramos,2026-02-17 14:24:10,XVK-429-R.jpg
XXT-071-L,TLAX,Honda Accord,Azul Marino,Irregular,Sebastian Bravo Fernandez,2025-12-12 15:02:52,XXT-071-L.jpg
XXB-826-D,TLAX,Peugeot 5008,Gris Oscuro,Activo,Jose Juarez Acosta,2021-02-15 15:07:17,XXB-826-D.jpg
XUF-737-B,TLAX,Honda Civic,Rojo Oscuro,Importacion Temporal,Alejandra Quintero Leal,2025-11-10 10:47:44,XUF-737-B.jpg
XUX-628-P,TLAX,Hyundai Accent,Naranja,Robado,Mateo Portillo Salazar,2020-10-20 22:29:07,XUX-628-P.jpg
XWF-186-S,TLAX,Fiat Argo,Rojo,Robado,Cecilia Castillo Leal,2021-09-09 19:35:10,XWF-186-S.jpg
XUU-197-K,TLAX,Kia Sportage,Beige,Importacion Definitiva,Paola Suarez Figueroa,2022-06-23 06:23:55,XUU-197-K.jpg
XUA-814-P,TLAX,Audi A4,Amarillo,Activo,Felipe Lopez Palacios,2023-10-09 09:30:23,XUA-814-P.jpg
XWU-753-P,TLAX,Audi Q5,Gris Oscuro,Irregular,Regina Del Valle Garcia,2018-07-01 21:11:53,XWU-753-P.jpg
XV2-053-K,TLAX,Jeep Renegade,Plateado,Recuperado,Noe Del Valle Salazar,2017-06-07 02:49:12,XV2-053-K.jpg
XUS-433-G,TLAX,Jeep Compass,Negro,En Proceso Legal,Sebastian Figueroa Maldonado,2024-04-09 21:48:38,XUS-433-G.jpg
XVJ-161-X,TLAX,Peugeot 208,Gris Oscuro,Activo,Salvador Rios Hernandez,2022-05-15 17:29:56,XVJ-161-X.jpg
XX2-009-K,TLAX,Fiat Toro,Rojo,Cancelado,Diego Morales Ruiz,2021-07-31 23:14:20,XX2-009-K.jpg
XXM-251-G,TLAX,Peugeot 308,Blanco,Reposicion,Hector Esquivel Silva,2018-09-08 01:30:31,XXM-251-G.jpg
XVE-591-Z,TLAX,Peugeot 3008,Verde,Activo,Ignacio De La Cruz Sepulveda,2021-06-02 16:44:23,XVE-591-Z.jpg
XTK-598-Y,TLAX,Mercedes-Benz A-Class,Plateado,En Proceso Legal,Fabiola Gallegos De La Cruz,2020-07-15 08:46:00,XTK-598-Y.jpg
XUA-241-R,TLAX,Jeep Renegade,Azul,Baja Temporal,Renata Ramirez Fernandez,2021-08-05 17:50:43,XUA-241-R.jpg
XTP-117-A,TLAX,Toyota Corolla,Naranja,Activo,Daniel Sepulveda Rivera,2025-08-15 17:55:26,XTP-117-A.jpg
XTY-947-V,TLAX,Mercedes-Benz C-Class,Rojo Oscuro,En Proceso Legal,Daniela Palacios Guerrero,2021-04-06 11:56:18,XTY-947-V.jpg
XXS-770-W,TLAX,Nissan Versa,Naranja,En Proceso Legal,Claudia Suarez Campos,2024-08-03 21:33:24,XXS-770-W.jpg
XWJ-946-B,TLAX,BMW 3 Series,Vino,Baja Temporal,Teresa Huerta Arellano,2024-01-29 09:39:59,XWJ-946-B.jpg
XTJ-541-G,TLAX,Mercedes-Benz C-Class,Azul,Activo,Patricia Gutierrez Juarez,2017-02-25 14:29:02,XTJ-541-G.jpg
XTD-842-J,TLAX,Ford Fusion,Verde,Robado,Lorena Diaz Chavez,2020-06-09 19:19:28,XTD-842-J.jpg
XUN-311-R,TLAX,Mazda MX-5,Amarillo,Homologacion,Sandra Camacho Bravo,2021-02-26 22:09:38,XUN-311-R.jpg
XUP-268-C,TLAX,Toyota Prius,Rojo,Activo,Patricia Serrano Jimenez,2022-09-10 08:44:48,XUP-268-C.jpg
XXH-710-R,TLAX,Ford Ranger,Rojo,Activo,Antonio Zarate Olvera,2017-06-08 04:42:42,XXH-710-R.jpg
XUS-267-G,TLAX,Kia Sorento,Vino,Baja Temporal,Laura Zarate Vargas,2018-12-19 17:03:06,XUS-267-G.jpg
XXC-363-H,TLAX,Jeep Renegade,Vino,Remarcaje,Mateo Leal Rios,2019-08-04 14:59:37,XXC-363-H.jpg
XVD-044-B,TLAX,Jeep Compass,Plateado,Importacion Definitiva,Alberto Gutierrez Contreras,2017-03-15 17:44:12,XVD-044-B.jpg
XTR-139-X,TLAX,Audi A4,Blanco Perlado,Activo,Marcos Urbina Romero,2018-06-08 01:27:02,XTR-139-X.jpg
XWY-456-Z,TLAX,Kia Sorento,Beige,Cancelado,Felipe Reyes Espinoza,2019-10-15 09:28:58,XWY-456-Z.jpg
XVA-788-D,TLAX,Mazda 2,Morado,Activo,Paola Morales Sepulveda,2018-06-20 19:15:47,XVA-788-D.jpg
XXB-848-B,TLAX,Nissan Sentra,Plateado,Importacion Definitiva,Lucia Zarate Romero,2021-08-29 01:00:01,XXB-848-B.jpg
XW0-616-B,TLAX,Kia Forte,Plateado,Importacion Temporal,Antonio Velazquez Villalobos,2025-09-15 05:42:15,XW0-616-B.jpg
XUJ-224-R,TLAX,Renault Sandero,Morado,Cancelado,Victor Juarez Avila,2022-01-31 19:07:29,XUJ-224-R.jpg
XXV-965-F,TLAX,Hyundai Elantra,Beige,Importacion Temporal,Regina Rios Izquierdo,2025-06-07 06:10:08,XXV-965-F.jpg
XTZ-515-D,TLAX,Honda Accord,Vino,Importacion Definitiva,Carmen Romero Montes,2020-06-17 11:30:06,XTZ-515-D.jpg
XWM-245-M,TLAX,Jeep Compass,Rojo Oscuro,Reposicion,Lucia Gutierrez Dominguez,2017-01-25 09:23:10,XWM-245-M.jpg
XTY-235-B,TLAX,Mercedes-Benz C-Class,Gris,Irregular,Ernesto Soto Del Valle,2023-11-02 10:02:12,XTY-235-B.jpg
XW1-222-G,TLAX,Mercedes-Benz C-Class,Morado,Activo,Estela Suarez Dominguez,2024-03-29 02:51:18,XW1-222-G.jpg
XXU-567-W,TLAX,Toyota Yaris,Azul,Activo,Arturo Valdez Palacios,2021-08-02 23:58:17,XXU-567-W.jpg
XXT-961-R,TLAX,Mazda MX-5,Gris,Recuperado,Rosa Romero Cervantes,2024-05-13 15:37:23,XXT-961-R.jpg
XXX-255-D,TLAX,Mercedes-Benz C-Class,Blanco,Activo,Pedro Avila Ruiz,2018-03-15 03:22:07,XXX-255-D.jpg
XTA-388-C,TLAX,Hyundai Santa Fe,Vino,Baja Temporal,Cristian Leal Mejia,2022-01-21 23:52:09,XTA-388-C.jpg
XXB-610-F,TLAX,Chevrolet Cruze,Beige,Homologacion,Guillermo Vargas Del Valle,2020-07-08 23:03:27,XXB-610-F.jpg
XXY-355-A,TLAX,Fiat Cronos,Azul,Robado,Hector Leal Plascencia,2022-08-31 14:43:13,XXY-355-A.jpg
XWW-757-P,TLAX,Renault Kwid,Plateado,Cancelado,Guadalupe Mejia Alvarez,2021-07-20 10:19:18,XWW-757-P.jpg
XUL-529-A,TLAX,Mercedes-Benz C-Class,Verde,Robado,Veronica Tapia Montes,2020-08-10 08:33:10,XUL-529-A.jpg
XXL-373-S,TLAX,Mazda CX-5,Naranja,Activo,Valeria Rodriguez Rios,2019-10-04 16:43:22,XXL-373-S.jpg
XW0-730-D,TLAX,Toyota Prius,Blanco Perlado,Activo,Lorena Nieto Quintero,2024-10-15 10:40:58,XW0-730-D.jpg
XTC-405-M,TLAX,Nissan Sentra,Gris,Activo,Oscar Rosales Diaz,2023-12-11 05:23:07,XTC-405-M.jpg
XUT-951-M,TLAX,Mercedes-Benz A-Class,Azul,Activo,Javier Moya Vargas,2017-05-07 17:09:08,XUT-951-M.jpg
XUB-277-U,TLAX,Honda Accord,Gris Oscuro,Baja Temporal,Ana Suarez Tovar,2021-12-26 21:57:52,XUB-277-U.jpg
XX5-879-K,TLAX,Volkswagen Golf,Blanco,Importacion Temporal,Cristian Montoya Pacheco,2024-01-31 18:01:17,XX5-879-K.jpg
XUC-437-G,TLAX,Volkswagen Amarok,Azul,Irregular,Raul Delgado Ramirez,2018-09-21 07:23:47,XUC-437-G.jpg
XWA-529-U,TLAX,Mazda MX-5,Rojo Oscuro,En Proceso Legal,Oscar Cervantes Salazar,2019-08-21 06:27:02,XWA-529-U.jpg
XW5-085-X,TLAX,Fiat 500,Verde Oscuro,Baja Temporal,Sergio Villanueva Gallegos,2019-05-13 10:55:37,XW5-085-X.jpg
XTL-129-F,TLAX,Nissan Sentra,Gris,Recuperado,Alejandra Sandoval Escobar,2022-11-04 11:15:08,XTL-129-F.jpg
XW9-476-A,TLAX,Peugeot 3008,Amarillo,Cancelado,Carlos Romero Moya,2026-04-23 01:13:07,XW9-476-A.jpg
XU5-194-R,TLAX,BMW X5,Cafe,En Proceso Legal,Carolina Herrera Figueroa,2017-12-25 11:49:04,XU5-194-R.jpg
XWB-787-A,TLAX,BMW X3,Naranja,Activo,Adolfo Gutierrez Moya,2019-08-30 14:56:33,XWB-787-A.jpg
XVJ-085-S,TLAX,Jeep Grand Cherokee,Amarillo,Homologacion,Sofia Cruz Gonzalez,2017-07-20 01:13:04,XVJ-085-S.jpg
XUG-037-P,TLAX,Fiat Argo,Blanco Perlado,Remarcaje,Marisol Urbina Rosales,2019-07-02 08:14:18,XUG-037-P.jpg
XW5-752-B,TLAX,Audi Q5,Gris,Activo,Hector Plascencia Mendoza,2022-09-19 21:05:13,XW5-752-B.jpg
XTL-220-L,TLAX,Jeep Compass,Rojo,Homologacion,Elias Arroyo Cabrera,2025-05-18 18:28:01,XTL-220-L.jpg
XUN-335-B,TLAX,Chevrolet Aveo,Blanco,Cancelado,Marisol Rodriguez Dominguez,2023-04-17 17:44:27,XUN-335-B.jpg
XV5-987-U,TLAX,Fiat Cronos,Beige,Importacion Temporal,Mauricio Figueroa Juarez,2022-06-02 07:24:17,XV5-987-U.jpg
XUM-202-K,TLAX,Renault Duster,Plateado,Remarcaje,Alejandro Nieto Vazquez,2023-09-19 13:38:36,XUM-202-K.jpg
XW2-834-C,TLAX,Honda CR-V,Blanco Perlado,Importacion Definitiva,Martha Soto Diaz,2020-12-11 04:10:40,XW2-834-C.jpg
XXM-587-F,TLAX,Toyota Yaris,Cafe,Homologacion,Daniela Delgado Izquierdo,2017-11-26 16:37:47,XXM-587-F.jpg
XVM-691-A,TLAX,Fiat Cronos,Gris Oscuro,Robado,Hugo Palacios Huerta,2024-05-22 02:00:26,XVM-691-A.jpg
XVN-159-D,TLAX,Nissan Versa,Dorado,Activo,Yolanda Plascencia Velazquez,2025-11-10 18:33:47,XVN-159-D.jpg
XTD-370-G,TLAX,Toyota Yaris,Verde Oscuro,Irregular,Sandra Leal Sandoval,2023-09-03 00:59:28,XTD-370-G.jpg
XVS-037-V,TLAX,Jeep Grand Cherokee,Verde Oscuro,Baja Definitiva,Diego Gallegos Sandoval,2019-08-09 22:14:27,XVS-037-V.jpg
XVZ-668-S,TLAX,Kia Rio,Naranja,Remarcaje,Antonio Salazar Cervantes,2017-01-21 08:47:04,XVZ-668-S.jpg
XV5-230-D,TLAX,Nissan NP300,Verde Oscuro,Activo,Manuel Nieto Esquivel,2018-03-26 10:07:49,XV5-230-D.jpg
XTR-621-E,TLAX,Chevrolet Spark,Amarillo,Activo,Sergio Salazar Guerrero,2021-06-22 05:55:42,XTR-621-E.jpg
XVM-290-M,TLAX,Fiat Toro,Dorado,Activo,Maria Arellano Tapia,2022-05-02 02:36:49,XVM-290-M.jpg
XW8-803-R,TLAX,Hyundai Santa Fe,Blanco Perlado,Baja Definitiva,Jose Bravo Cruz,2025-01-27 17:27:22,XW8-803-R.jpg
XWJ-095-Y,TLAX,Chevrolet Aveo,Azul,Irregular,Felipe Vargas Orozco,2025-05-18 12:01:24,XWJ-095-Y.jpg
XUX-229-V,TLAX,Hyundai Santa Fe,Cafe,Activo,Alicia Avila Peña,2019-12-21 16:09:20,XUX-229-V.jpg
XXD-597-R,TLAX,Renault Sandero,Beige,Baja Definitiva,Marina Mendoza Gonzalez,2017-08-29 18:03:16,XXD-597-R.jpg
XUD-080-J,TLAX,Honda HR-V,Verde Oscuro,Remarcaje,Adriana Gallegos Navarro,2026-03-28 04:07:13,XUD-080-J.jpg
XV8-486-U,TLAX,Renault Logan,Verde Oscuro,Activo,Marina Flores Pacheco,2024-08-24 04:34:15,XV8-486-U.jpg
XUH-869-R,TLAX,Renault Logan,Verde Oscuro,Activo,Leticia Arroyo Villalobos,2025-01-11 01:27:09,XUH-869-R.jpg
XVF-842-E,TLAX,Peugeot 3008,Dorado,Activo,Silvia Luna Mora,2020-07-14 12:06:49,XVF-842-E.jpg
XWD-210-H,TLAX,BMW X5,Rojo Oscuro,Baja Temporal,Felipe Quiroz Peña,2025-11-24 18:50:28,XWD-210-H.jpg
XX6-468-M,TLAX,Peugeot 308,Blanco Perlado,Activo,Alicia Sepulveda Hernandez,2024-11-26 11:52:15,XX6-468-M.jpg
XTV-700-X,TLAX,Kia Rio,Vino,Activo,Armando Cervantes Navarro,2021-05-13 10:57:16,XTV-700-X.jpg
XX7-586-M,TLAX,Ford Ranger,Dorado,Importacion Temporal,Renata Contreras Barajas,2021-10-29 10:02:05,XX7-586-M.jpg
XTA-434-R,TLAX,Ford Fiesta,Blanco Perlado,Homologacion,Isabel Soto Quintero,2023-12-13 07:44:00,XTA-434-R.jpg
XWZ-118-E,TLAX,Kia Sorento,Naranja,Activo,Isabel Camacho Estrada,2024-12-18 01:53:35,XWZ-118-E.jpg
XWR-328-Z,TLAX,Peugeot 5008,Morado,Activo,Carmen Villegas Gutierrez,2022-02-04 17:44:22,XWR-328-Z.jpg
XW0-952-E,TLAX,Audi A3,Azul Marino,Reposicion,Javier Sandoval Villegas,2022-06-03 09:41:53,XW0-952-E.jpg
XUM-484-C,TLAX,Mazda MX-5,Beige,Reposicion,Mateo Mendoza Bravo,2023-10-20 20:56:22,XUM-484-C.jpg
XV7-329-G,TLAX,Mercedes-Benz C-Class,Azul Marino,En Proceso Legal,Liliana Villegas Villanueva,2020-03-14 06:44:06,XV7-329-G.jpg
XXR-425-P,TLAX,Audi A3,Plateado,En Proceso Legal,Estela Hernandez Trejo,2017-02-04 14:33:40,XXR-425-P.jpg
XWD-172-C,TLAX,Peugeot 5008,Vino,Importacion Temporal,Rocio Figueroa Urbina,2019-01-06 07:28:23,XWD-172-C.jpg
XTG-266-U,TLAX,Peugeot 308,Beige,Activo,Lorena Vazquez Moya,2020-02-01 00:14:12,XTG-266-U.jpg
XUK-544-R,TLAX,Nissan Sentra,Negro,Activo,Elias Gallegos Morales,2021-09-03 11:23:13,XUK-544-R.jpg
XWE-100-J,TLAX,Mercedes-Benz GLC,Blanco,Homologacion,Sergio Mendoza Serrano,2025-11-06 01:47:22,XWE-100-J.jpg
XTJ-682-J,TLAX,Renault Sandero,Naranja,Homologacion,Elizabeth Arellano Vazquez,2025-08-18 05:10:18,XTJ-682-J.jpg
XU0-156-C,TLAX,Renault Duster,Rojo Oscuro,Remarcaje,Teresa Ortega Montoya,2024-02-01 07:52:14,XU0-156-C.jpg
XV2-397-Z,TLAX,Jeep Grand Cherokee,Verde Oscuro,Recuperado,Benjamin Tapia Ramos,2021-04-23 08:46:23,XV2-397-Z.jpg
XXH-014-S,TLAX,Jeep Wrangler,Azul,Activo,Hector Delgado Arroyo,2022-02-23 02:54:00,XXH-014-S.jpg
XVU-753-E,TLAX,Nissan Versa,Naranja,Cancelado,Sandra Bravo Navarro,2024-09-13 13:48:58,XVU-753-E.jpg
XXR-909-P,TLAX,Mazda 3,Vino,Activo,Isabel Hernandez Alvarez,2024-10-01 06:36:41,XXR-909-P.jpg
XVR-296-B,TLAX,Kia Forte,Verde,Baja Temporal,Daniela Moya Villalobos,2019-05-05 22:28:30,XVR-296-B.jpg
XV2-022-A,TLAX,Audi Q5,Beige,Cancelado,Oscar Reyes Trejo,2022-12-27 12:24:30,XV2-022-A.jpg
XXK-387-V,TLAX,Audi Q3,Azul Marino,Activo,Adolfo Soto Olvera,2025-12-29 23:47:47,XXK-387-V.jpg
XV1-683-Z,TLAX,Ford Ranger,Blanco Perlado,Baja Temporal,Rebeca Contreras Zarate,2025-07-14 07:59:01,XV1-683-Z.jpg
XUN-356-P,TLAX,Renault Logan,Rojo Oscuro,Homologacion,Mauricio Trejo Camacho,2022-08-05 08:55:26,XUN-356-P.jpg
XU2-148-D,TLAX,Peugeot 308,Amarillo,Robado,Camila Fernandez Mora,2021-03-08 00:51:25,XU2-148-D.jpg
XUV-809-K,TLAX,BMW 3 Series,Plateado,En Proceso Legal,Rebeca Espinoza Gutierrez,2017-07-10 15:54:27,XUV-809-K.jpg
XWT-046-L,TLAX,Honda HR-V,Rojo Oscuro,Activo,Lucia Juarez Peña,2017-09-14 11:09:16,XWT-046-L.jpg
XUZ-806-N,TLAX,Fiat Toro,Blanco,Importacion Temporal,Sergio Sepulveda Ramos,2025-11-24 23:11:08,XUZ-806-N.jpg
XVR-746-D,TLAX,BMW X3,Beige,Reposicion,Susana Bravo Plascencia,2024-07-26 13:58:41,XVR-746-D.jpg
XWU-869-C,TLAX,Mazda MX-5,Amarillo,Remarcaje,Antonio Sepulveda Carrillo,2019-02-23 07:28:54,XWU-869-C.jpg
XVR-031-R,TLAX,Kia Rio,Blanco Perlado,Activo,Andres Soto Portillo,2025-11-22 08:04:22,XVR-031-R.jpg
XVL-261-U,TLAX,Ford Fiesta,Rojo Oscuro,Reposicion,Renata Montoya Rosales,2018-06-29 00:35:18,XVL-261-U.jpg
XWR-909-A,TLAX,Jeep Grand Cherokee,Amarillo,Activo,Adriana Rios Gallegos,2023-05-05 17:53:49,XWR-909-A.jpg
XXE-782-E,TLAX,Peugeot 5008,Gris Oscuro,Importacion Temporal,Sergio Maldonado Fernandez,2021-05-06 04:36:32,XXE-782-E.jpg
XU4-592-X,TLAX,Audi Q3,Verde Oscuro,Baja Definitiva,Arturo Soto Arroyo,2023-09-03 05:43:05,XU4-592-X.jpg
XTJ-599-B,TLAX,Hyundai Santa Fe,Gris Oscuro,Activo,Martha Garcia Medina,2025-10-25 22:57:09,XTJ-599-B.jpg
XWW-614-N,TLAX,Toyota Corolla,Azul,Recuperado,Liliana Campos Cruz,2018-02-09 20:17:12,XWW-614-N.jpg
XV5-015-C,TLAX,Peugeot 208,Verde,Cancelado,Elias Tovar Avila,2023-04-03 00:41:54,XV5-015-C.jpg
XWN-575-K,TLAX,Volkswagen Vento,Azul Marino,Baja Definitiva,Jose Campos Soto,2024-12-12 15:26:53,XWN-575-K.jpg
XVR-649-G,TLAX,Nissan March,Verde,Activo,Carlos Gonzalez Sanchez,2023-02-17 22:47:38,XVR-649-G.jpg
XTW-850-L,TLAX,Toyota Hilux,Rojo,Baja Temporal,Andres Herrera Barajas,2018-06-28 10:23:24,XTW-850-L.jpg
XUN-756-V,TLAX,Peugeot 5008,Morado,Activo,Hector Portillo Vargas,2022-03-24 19:11:45,XUN-756-V.jpg
XW3-474-G,TLAX,Ford Fusion,Beige,Cancelado,Hector Huerta Luna,2019-07-19 10:20:49,XW3-474-G.jpg
XXV-924-U,TLAX,Audi Q5,Amarillo,Robado,Elsa Leal Sepulveda,2020-03-26 17:13:30,XXV-924-U.jpg
XWJ-277-G,TLAX,Fiat Toro,Azul Marino,Robado,Paola Cruz Estrada,2021-04-25 13:53:09,XWJ-277-G.jpg
XXC-422-G,TLAX,Honda HR-V,Rojo Oscuro,Recuperado,Estela Garcia Nieto,2021-09-26 17:11:53,XXC-422-G.jpg
XW0-631-E,TLAX,Peugeot 3008,Azul,Baja Definitiva,Patricia Vargas Olvera,2018-01-15 18:40:51,XW0-631-E.jpg
XUM-189-H,TLAX,Nissan Sentra,Blanco,Robado,Beatriz Medina Solano,2021-03-13 02:46:48,XUM-189-H.jpg
XWZ-399-B,TLAX,Nissan NP300,Gris Oscuro,Homologacion,Laura Trejo Castillo,2021-06-21 22:37:50,XWZ-399-B.jpg
XX8-122-A,TLAX,Nissan NP300,Naranja,Activo,Jesus Herrera Campos,2022-04-16 14:22:47,XX8-122-A.jpg
XTF-943-U,TLAX,Jeep Renegade,Gris Oscuro,Activo,Carmen Jimenez Huerta,2022-08-23 17:42:51,XTF-943-U.jpg
XVC-736-E,TLAX,Audi Q5,Azul Marino,Reposicion,Rocio Romero Gutierrez,2021-01-06 19:28:16,XVC-736-E.jpg
XUM-902-T,TLAX,Renault Kwid,Amarillo,Baja Definitiva,Patricia Villegas Leal,2021-05-16 19:00:50,XUM-902-T.jpg
XXB-049-V,TLAX,Toyota Yaris,Blanco Perlado,Robado,Norma Hernandez Hernandez,2023-10-03 05:15:13,XXB-049-V.jpg
XUA-631-R,TLAX,Renault Kwid,Azul Marino,Cancelado,Beatriz Hernandez Garcia,2024-05-18 07:26:35,XUA-631-R.jpg
XWZ-709-H,TLAX,Mazda 3,Gris Oscuro,Activo,Ana Acosta Arellano,2021-02-05 08:15:59,XWZ-709-H.jpg
XVB-330-F,TLAX,Mercedes-Benz A-Class,Gris,Robado,Carolina Villanueva Romero,2024-10-27 23:39:00,XVB-330-F.jpg
XWP-639-J,TLAX,Jeep Grand Cherokee,Azul,Reposicion,Paola Rosales Reyes,2020-08-30 11:22:27,XWP-639-J.jpg
XV0-008-J,TLAX,BMW 5 Series,Verde,Importacion Definitiva,Fabiola Barajas Gutierrez,2022-05-27 18:19:04,XV0-008-J.jpg
XWA-145-U,TLAX,Kia Rio,Verde Oscuro,Recuperado,Liliana Hernandez Correa,2023-12-10 22:45:32,XWA-145-U.jpg
XXD-012-H,TLAX,Chevrolet Cruze,Naranja,Baja Temporal,Carolina Vazquez Rios,2017-07-26 22:47:24,XXD-012-H.jpg
XUZ-391-K,TLAX,Hyundai Santa Fe,Morado,Activo,Eduardo Luna Carrillo,2018-10-17 11:16:21,XUZ-391-K.jpg
XVR-840-Y,TLAX,Hyundai Accent,Morado,Baja Temporal,Lorena Valencia Medina,2025-10-10 14:43:55,XVR-840-Y.jpg
XV3-926-F,TLAX,Renault Sandero,Gris,Remarcaje,Ruben Bravo Figueroa,2023-03-25 05:54:20,XV3-926-F.jpg
XWW-701-V,TLAX,Nissan Sentra,Beige,Importacion Temporal,Camila Suarez Lopez,2017-07-19 14:20:22,XWW-701-V.jpg
XVW-634-Y,TLAX,Honda HR-V,Beige,Activo,Pedro Lopez Serrano,2020-08-14 04:51:28,XVW-634-Y.jpg
XXA-819-R,TLAX,Nissan Versa,Rojo,Importacion Definitiva,German Pacheco Plascencia,2021-05-11 21:26:02,XXA-819-R.jpg
XUJ-700-R,TLAX,Chevrolet Aveo,Plateado,Remarcaje,Cristian Valdez Luna,2020-12-06 17:54:35,XUJ-700-R.jpg
XTV-128-Z,TLAX,Renault Kwid,Plateado,Activo,Liliana Tapia Moya,2024-08-13 12:05:35,XTV-128-Z.jpg
XUR-332-K,TLAX,Chevrolet Spark,Dorado,Irregular,Maria Huerta Ramirez,2020-03-15 13:12:55,XUR-332-K.jpg
XUG-025-D,TLAX,Hyundai Accent,Blanco,Homologacion,Jesus Escobar Flores,2017-01-22 22:05:24,XUG-025-D.jpg
XX7-080-D,TLAX,Mazda CX-5,Naranja,Cancelado,Alejandro Maldonado Estrada,2024-06-14 07:46:19,XX7-080-D.jpg
XU3-298-A,TLAX,BMW X5,Blanco,Activo,Mateo Suarez Sepulveda,2020-02-14 21:29:23,XU3-298-A.jpg
XV5-269-G,TLAX,Chevrolet Spark,Vino,Activo,Diego Pacheco Maldonado,2022-12-02 20:13:55,XV5-269-G.jpg
XWA-804-G,TLAX,Mercedes-Benz A-Class,Gris Oscuro,Activo,Sandra Rodriguez Salazar,2019-11-16 22:20:53,XWA-804-G.jpg
XVZ-491-Y,TLAX,Jeep Wrangler,Verde Oscuro,Robado,Hector Flores Jimenez,2017-09-13 23:02:13,XVZ-491-Y.jpg
XXS-939-M,TLAX,Hyundai Accent,Amarillo,Activo,Rebeca Beltran Gonzalez,2017-11-05 10:56:44,XXS-939-M.jpg
XUL-109-K,TLAX,Fiat 500,Beige,Baja Temporal,Pedro Solano Medina,2025-05-01 06:59:08,XUL-109-K.jpg
XVK-958-C,TLAX,Nissan Versa,Verde Oscuro,Reposicion,Hugo Mora Juarez,2024-02-07 21:28:28,XVK-958-C.jpg
XUB-559-L,TLAX,Audi Q5,Negro,Baja Temporal,Gabriela Cabrera Correa,2020-10-04 16:22:58,XUB-559-L.jpg
XV6-533-M,TLAX,Peugeot 5008,Naranja,En Proceso Legal,Daniel Sanchez Gonzalez,2019-03-21 15:23:53,XV6-533-M.jpg
XXR-330-C,TLAX,Renault Sandero,Dorado,Importacion Temporal,David Del Valle Romero,2022-08-17 10:43:57,XXR-330-C.jpg
XU2-486-L,TLAX,Volkswagen Golf,Amarillo,Importacion Definitiva,Carlos Navarro Valdez,2020-12-13 06:50:22,XU2-486-L.jpg
XTG-689-Y,TLAX,Volkswagen Amarok,Cafe,Activo,Sandra Gonzalez Suarez,2023-06-04 17:09:40,XTG-689-Y.jpg
XTM-591-C,TLAX,Nissan NP300,Morado,Importacion Temporal,Jose Cabrera Fernandez,2023-06-08 18:21:57,XTM-591-C.jpg
XU1-113-X,TLAX,Kia Forte,Plateado,En Proceso Legal,Adolfo Jimenez Cordero,2019-01-13 12:38:16,XU1-113-X.jpg
XUP-884-Z,TLAX,Volkswagen Amarok,Verde Oscuro,Baja Temporal,Gabriela Valdez Rodriguez,2019-01-15 08:48:36,XUP-884-Z.jpg
XU2-221-E,TLAX,Nissan Versa,Azul Marino,Reposicion,Jorge Silva Gallegos,2025-01-19 19:47:10,XU2-221-E.jpg
XUG-993-T,TLAX,Audi A3,Blanco,Activo,Monica Sepulveda Juarez,2017-11-15 07:23:31,XUG-993-T.jpg
XXX-673-K,TLAX,Nissan March,Amarillo,Remarcaje,Adolfo Trejo Perez,2022-07-31 18:45:25,XXX-673-K.jpg
XTU-003-L,TLAX,Ford Ranger,Dorado,Reposicion,Raul Herrera Ramirez,2023-03-04 10:19:30,XTU-003-L.jpg
XU6-181-K,TLAX,Ford Fusion,Azul Marino,Baja Temporal,Hugo Montes Salazar,2017-06-03 17:09:43,XU6-181-K.jpg
XWJ-346-T,TLAX,Ford Ranger,Beige,Recuperado,Sebastian Valdez Vazquez,2019-12-08 02:21:06,XWJ-346-T.jpg
XXE-764-Y,TLAX,Audi A4,Amarillo,Activo,Cecilia Romero Leal,2018-09-04 04:35:40,XXE-764-Y.jpg
XWZ-468-A,TLAX,Hyundai Elantra,Cafe,Remarcaje,Eduardo Camacho Arroyo,2018-09-05 02:14:28,XWZ-468-A.jpg
XTU-353-Z,TLAX,Jeep Wrangler,Beige,Baja Temporal,Antonio Peña Hernandez,2017-11-15 05:12:15,XTU-353-Z.jpg
XXB-528-N,TLAX,Nissan NP300,Verde Oscuro,Cancelado,Lorena Hernandez Villalobos,2017-12-04 00:34:42,XXB-528-N.jpg
XTX-054-X,TLAX,Chevrolet Cruze,Verde,Irregular,Marcos Villalobos Portillo,2019-07-25 15:59:30,XTX-054-X.jpg
XX6-674-J,TLAX,Toyota Hilux,Blanco Perlado,Activo,Noe Urbina Navarro,2026-03-07 18:39:36,XX6-674-J.jpg
XTV-372-R,TLAX,Chevrolet Beat,Gris Oscuro,Irregular,Lucia Martinez Espinoza,2021-04-24 04:43:42,XTV-372-R.jpg
XUJ-224-X,TLAX,Hyundai Santa Fe,Gris,Activo,Guillermo Garcia Montoya,2017-09-02 01:02:34,XUJ-224-X.jpg
XWU-512-Y,TLAX,Nissan March,Azul Marino,Cancelado,Hector Fernandez Valdez,2025-01-20 12:29:42,XWU-512-Y.jpg
XWH-476-F,TLAX,Volkswagen Vento,Vino,Irregular,Marisol Esquivel Beltran,2019-01-19 14:23:03,XWH-476-F.jpg
XUT-410-A,TLAX,BMW 3 Series,Beige,Baja Temporal,Camila Juarez Camacho,2024-03-07 07:48:24,XUT-410-A.jpg
XWF-667-Y,TLAX,Volkswagen Amarok,Gris,Importacion Definitiva,Alejandra Escobar Rodriguez,2022-08-15 10:56:37,XWF-667-Y.jpg
XXK-751-H,TLAX,Audi A3,Plateado,Reposicion,Andres Perez Portillo,2019-04-17 13:32:59,XXK-751-H.jpg
XTP-913-X,TLAX,Toyota Corolla,Plateado,Irregular,Victor Hernandez Mora,2018-06-24 15:28:48,XTP-913-X.jpg
XUC-985-F,TLAX,Hyundai Elantra,Dorado,Robado,Rocio Villalobos Aguilar,2023-04-17 14:31:54,XUC-985-F.jpg
XW8-501-U,TLAX,Mazda CX-5,Naranja,Remarcaje,Javier Esquivel Villegas,2024-09-11 05:56:48,XW8-501-U.jpg
XWD-008-Z,TLAX,Volkswagen Golf,Rojo Oscuro,Importacion Temporal,Martha Avila Villanueva,2020-02-26 20:42:55,XWD-008-Z.jpg
XTC-016-S,TLAX,Kia Forte,Gris,Baja Temporal,Cecilia Zarate Maldonado,2020-10-28 01:52:51,XTC-016-S.jpg
XTB-605-M,TLAX,Volkswagen Amarok,Azul Marino,Activo,Renata Martinez Cruz,2023-05-30 16:48:29,XTB-605-M.jpg
XUJ-102-L,TLAX,Renault Kwid,Gris Oscuro,Homologacion,Andres Barajas Campos,2018-12-13 21:25:37,XUJ-102-L.jpg
XXS-536-G,TLAX,Nissan March,Amarillo,Importacion Definitiva,Teresa Esquivel Del Valle,2020-11-04 07:23:57,XXS-536-G.jpg
XXR-111-B,TLAX,Volkswagen Jetta,Verde,Baja Temporal,Camila Serrano Guerrero,2023-08-21 05:42:37,XXR-111-B.jpg
XTR-570-J,TLAX,Mazda MX-5,Morado,Importacion Temporal,Ernesto Arellano Contreras,2020-08-01 09:09:45,XTR-570-J.jpg
XVM-599-W,TLAX,Nissan Sentra,Dorado,Recuperado,Veronica Fernandez Alvarez,2020-09-01 09:44:36,XVM-599-W.jpg
XTA-257-S,TLAX,Renault Logan,Plateado,Activo,Mateo Fuentes Delgado,2022-09-12 18:33:14,XTA-257-S.jpg
XXC-385-L,TLAX,Audi Q5,Amarillo,Baja Temporal,Manuel Quintero Castillo,2024-01-10 22:49:26,XXC-385-L.jpg
XWH-331-G,TLAX,Chevrolet Aveo,Vino,Importacion Definitiva,Hector Villanueva Chavez,2023-01-23 13:10:09,XWH-331-G.jpg
XU5-441-C,TLAX,BMW X5,Verde Oscuro,Remarcaje,Estela Solano Castro,2021-08-14 22:29:34,XU5-441-C.jpg
XXE-929-W,TLAX,Mazda MX-5,Verde Oscuro,Activo,Monica Garcia Carrillo,2021-04-23 21:29:11,XXE-929-W.jpg
XXT-428-Y,TLAX,Nissan NP300,Blanco Perlado,Baja Temporal,Felipe Sepulveda Villegas,2018-10-03 23:16:39,XXT-428-Y.jpg
XVE-935-U,TLAX,Mercedes-Benz GLA,Morado,Importacion Temporal,Alberto Solano Mora,2022-04-29 18:59:01,XVE-935-U.jpg
XUM-832-K,TLAX,Fiat Toro,Gris Oscuro,Irregular,Veronica Vazquez Zarate,2024-08-06 03:39:30,XUM-832-K.jpg
XTF-357-X,TLAX,Kia Sorento,Blanco,En Proceso Legal,Jose Perez Guerrero,2023-10-14 02:32:34,XTF-357-X.jpg
XUJ-755-R,TLAX,Ford Fusion,Blanco Perlado,Activo,Hugo Suarez Guerrero,2019-04-24 14:33:31,XUJ-755-R.jpg
XVK-182-K,TLAX,BMW 5 Series,Verde,Importacion Definitiva,Ernesto Juarez Avila,2020-03-10 17:07:20,XVK-182-K.jpg
XVG-300-U,TLAX,Hyundai Accent,Amarillo,Activo,Victor Montoya Estrada,2023-09-27 05:52:17,XVG-300-U.jpg
XU9-480-K,TLAX,Volkswagen Jetta,Rojo,Activo,Jesus Sanchez Navarro,2018-09-12 07:21:14,XU9-480-K.jpg
XX2-172-W,TLAX,Kia Rio,Cafe,Homologacion,Alberto Correa Avila,2022-06-20 08:57:38,XX2-172-W.jpg
XX6-354-B,TLAX,Jeep Wrangler,Blanco Perlado,Reposicion,Felipe Escobar Mejia,2022-06-30 04:08:24,XX6-354-B.jpg
XXH-615-K,TLAX,Chevrolet Spark,Blanco Perlado,Importacion Temporal,Norma Vazquez Vargas,2020-08-24 23:28:47,XXH-615-K.jpg
XUD-601-C,TLAX,Ford Focus,Gris Oscuro,Cancelado,Cristian Cruz Contreras,2021-11-07 22:05:02,XUD-601-C.jpg
XXY-063-S,TLAX,Honda Accord,Blanco Perlado,Activo,Oscar Escobar Mejia,2022-05-06 21:17:29,XXY-063-S.jpg
XX5-591-W,TLAX,Renault Kwid,Negro,Activo,Manuel Gonzalez Ramos,2022-06-14 21:00:03,XX5-591-W.jpg
XWR-228-R,TLAX,Kia Forte,Dorado,Remarcaje,Teresa Martinez Mendoza,2024-08-18 08:04:19,XWR-228-R.jpg
XVY-708-R,TLAX,Nissan March,Cafe,Remarcaje,Laura Suarez Ruiz,2017-03-31 01:08:26,XVY-708-R.jpg
XX2-829-G,TLAX,Mercedes-Benz GLC,Plateado,Cancelado,Veronica Gutierrez Delgado,2019-05-19 19:00:17,XX2-829-G.jpg
XWL-682-P,TLAX,BMW 5 Series,Vino,Activo,Monica Estrada Maldonado,2018-03-27 22:52:53,XWL-682-P.jpg
XXY-304-D,TLAX,Mercedes-Benz GLC,Negro,Irregular,Diego Suarez Valdez,2017-01-18 19:56:56,XXY-304-D.jpg
XU0-665-R,TLAX,Chevrolet Spark,Rojo,Irregular,Liliana Reyes Aguilar,2021-10-08 04:49:19,XU0-665-R.jpg
XVJ-571-M,TLAX,Volkswagen Amarok,Morado,Robado,Monica Cordero Vargas,2024-12-19 11:31:24,XVJ-571-M.jpg
XX8-215-L,TLAX,Nissan Versa,Rojo Oscuro,Homologacion,Manuel Cruz Nieto,2020-08-17 23:32:27,XX8-215-L.jpg
XW3-570-L,TLAX,BMW X5,Verde Oscuro,Cancelado,Elsa Aguilar Huerta,2018-03-19 13:23:08,XW3-570-L.jpg
XX4-312-C,TLAX,Jeep Compass,Negro,Importacion Temporal,Francisco Lopez Quiroz,2023-01-18 16:54:00,XX4-312-C.jpg
XTM-509-M,TLAX,Nissan March,Vino,Reposicion,Oscar Sandoval Barajas,2021-03-13 18:46:54,XTM-509-M.jpg
Y13-060-F,VER,Mazda 2,Gris,Activo,Beatriz Garcia Cabrera,2021-07-11 08:57:11,Y13-060-F.jpg
Y9Y-795-N,VER,Audi Q3,Gris Oscuro,Robado,Monica Cabrera Camacho,2021-03-30 15:24:55,Y9Y-795-N.jpg
YB3-899-Z,VER,Jeep Grand Cherokee,Dorado,Activo,Alicia Dominguez Aguilar,2026-05-15 13:35:16,YB3-899-Z.jpg
Y3N-538-X,VER,Renault Sandero,Azul,Importacion Definitiva,Rocio Sepulveda Castro,2017-08-21 05:54:04,Y3N-538-X.jpg
YAP-751-N,VER,Toyota Yaris,Rojo,Activo,Camila Solano Delgado,2017-02-17 19:55:44,YAP-751-N.jpg
Y8S-287-D,VER,Chevrolet Beat,Blanco,Activo,Silvia Portillo Cabrera,2017-06-27 17:26:15,Y8S-287-D.jpg
YEL-666-V,VER,Nissan Versa,Morado,Remarcaje,Leticia Castro Campos,2025-01-25 21:23:56,YEL-666-V.jpg
YRN-650-L,VER,Peugeot 5008,Verde Oscuro,Irregular,Jesus Villanueva Zarate,2018-02-03 13:26:59,YRN-650-L.jpg
YJL-814-A,VER,Hyundai Accent,Rojo,Activo,Elsa Zarate Fernandez,2021-11-24 10:42:15,YJL-814-A.jpg
YD4-450-N,VER,Jeep Grand Cherokee,Dorado,Activo,David Aguilar Delgado,2021-04-20 08:13:51,YD4-450-N.jpg
Y13-831-C,VER,Kia Rio,Rojo Oscuro,Robado,Marisol Huerta Vazquez,2020-02-02 09:35:11,Y13-831-C.jpg
YB5-355-U,VER,Chevrolet Spark,Gris Oscuro,En Proceso Legal,Fernando Aguilar Estrada,2023-04-13 18:21:04,YB5-355-U.jpg
YV4-506-P,VER,Renault Kwid,Azul,Importacion Temporal,Regina Montoya Silva,2018-03-18 11:59:53,YV4-506-P.jpg
YV0-903-K,VER,Ford Focus,Gris Oscuro,Robado,Miguel Alvarez Rios,2021-08-19 08:02:12,YV0-903-K.jpg
YGJ-672-X,VER,Nissan Versa,Beige,Baja Temporal,Hugo Zarate Barajas,2023-02-09 18:08:06,YGJ-672-X.jpg
YBY-633-M,VER,Fiat 500,Blanco Perlado,Importacion Temporal,German Moya Romero,2018-11-04 18:49:52,YBY-633-M.jpg
YHB-757-A,VER,Fiat 500,Gris Oscuro,Activo,Rebeca Martinez Espinoza,2024-03-04 05:50:06,YHB-757-A.jpg
Y25-923-G,VER,Peugeot 208,Plateado,Irregular,David Peña Rodriguez,2019-04-30 18:40:56,Y25-923-G.jpg
YTX-885-D,VER,Mercedes-Benz GLC,Dorado,Baja Temporal,Elsa Romero Cabrera,2025-05-06 09:07:14,YTX-885-D.jpg
YSW-078-T,VER,Nissan Sentra,Blanco Perlado,Activo,Marco Torres Quiroz,2025-06-17 13:33:43,YSW-078-T.jpg
Y1S-741-M,VER,Honda HR-V,Plateado,Activo,Ricardo Aguilar Orozco,2024-08-04 06:26:52,Y1S-741-M.jpg
Y5N-312-E,VER,Peugeot 5008,Morado,Importacion Definitiva,Alejandro Chavez Del Valle,2020-03-03 11:42:15,Y5N-312-E.jpg
Y0H-788-P,VER,Chevrolet Cruze,Dorado,Homologacion,Regina Suarez De La Cruz,2019-10-12 00:16:29,Y0H-788-P.jpg
Y2V-074-A,VER,Kia Rio,Gris,Remarcaje,Rosa Cervantes Fuentes,2020-09-13 23:23:49,Y2V-074-A.jpg
Y7D-685-A,VER,Ford Fusion,Morado,Baja Temporal,Sofia Tovar Cervantes,2022-07-22 18:04:15,Y7D-685-A.jpg
YRB-012-G,VER,Mercedes-Benz C-Class,Gris,Importacion Temporal,Cecilia Diaz Contreras,2022-09-17 04:52:45,YRB-012-G.jpg
YL6-018-U,VER,Toyota Hilux,Verde,Baja Temporal,Carmen Juarez Del Valle,2025-08-11 09:54:49,YL6-018-U.jpg
YG8-673-M,VER,Honda Civic,Cafe,Irregular,Renata Portillo Ramos,2020-04-10 17:10:02,YG8-673-M.jpg
YGY-005-R,VER,Ford Focus,Vino,Activo,Hugo Sandoval Ortega,2022-03-16 19:18:13,YGY-005-R.jpg
YA2-253-M,VER,Renault Sandero,Verde Oscuro,Robado,Silvia Escobar Gonzalez,2020-08-28 19:02:47,YA2-253-M.jpg
XZX-551-F,VER,BMW 5 Series,Negro,En Proceso Legal,Ignacio Martinez Fuentes,2022-09-10 04:54:36,XZX-551-F.jpg
Y10-625-F,VER,Mazda CX-5,Negro,Homologacion,Guadalupe Perez Reyes,2018-08-27 03:04:25,Y10-625-F.jpg
YBU-886-G,VER,BMW X5,Morado,Baja Definitiva,Noe Portillo Serrano,2025-09-14 18:47:52,YBU-886-G.jpg
Y7B-763-W,VER,Hyundai Accent,Dorado,Irregular,Marina Ramirez Escobar,2017-12-02 08:34:51,Y7B-763-W.jpg
YF8-930-F,VER,Jeep Grand Cherokee,Blanco,Irregular,Noe Valdez Quiroz,2024-05-10 22:57:43,YF8-930-F.jpg
YCM-952-C,VER,Mercedes-Benz A-Class,Gris Oscuro,Activo,Marina Luna Salazar,2023-11-25 13:29:06,YCM-952-C.jpg
YRC-125-F,VER,Fiat Cronos,Plateado,Recuperado,Luis Sandoval Beltran,2017-02-12 22:57:31,YRC-125-F.jpg
Y1H-822-H,VER,Nissan March,Azul,Importacion Definitiva,Laura Lopez Hernandez,2018-10-04 16:36:42,Y1H-822-H.jpg
Y50-111-U,VER,Volkswagen Amarok,Dorado,Irregular,Yolanda Navarro Villegas,2025-01-27 03:08:04,Y50-111-U.jpg
YSB-553-L,VER,Chevrolet Spark,Dorado,Activo,Susana Aguilar Valencia,2019-05-21 21:50:35,YSB-553-L.jpg
YH7-013-K,VER,Mercedes-Benz C-Class,Negro,Irregular,Liliana Quiroz Bravo,2021-10-21 05:48:13,YH7-013-K.jpg
Y6H-001-T,VER,Kia Rio,Amarillo,Reposicion,Guadalupe De La Cruz Plascencia,2025-12-17 03:30:55,Y6H-001-T.jpg
XZJ-453-T,VER,Toyota Yaris,Dorado,Remarcaje,Sebastian Vazquez Villalobos,2023-11-16 09:58:58,XZJ-453-T.jpg
YCZ-850-H,VER,Mazda CX-5,Vino,Irregular,Gabriela Dominguez Rodriguez,2023-05-27 15:01:51,YCZ-850-H.jpg
YA8-146-B,VER,Volkswagen Golf,Rojo,Activo,Monica Villalobos Zamora,2022-01-18 10:48:51,YA8-146-B.jpg
YBU-883-X,VER,Hyundai Tucson,Blanco Perlado,Remarcaje,Rosa Perez Luna,2018-02-21 19:35:10,YBU-883-X.jpg
YNE-521-G,VER,Volkswagen Vento,Azul Marino,Robado,Raul Zarate Mendoza,2022-03-09 03:29:58,YNE-521-G.jpg
YCG-660-Y,VER,Mazda 2,Gris Oscuro,Reposicion,Ana Gutierrez Montoya,2024-05-29 14:40:39,YCG-660-Y.jpg
YUE-219-T,VER,Renault Duster,Morado,Activo,Patricia Arellano Reyes,2022-06-23 22:32:18,YUE-219-T.jpg
YD1-664-J,VER,Chevrolet Aveo,Gris,Baja Definitiva,Diego Plascencia Barajas,2017-10-20 14:58:58,YD1-664-J.jpg
YUS-823-G,VER,Mercedes-Benz GLC,Azul Marino,En Proceso Legal,Adriana Peña Avila,2026-01-23 19:00:23,YUS-823-G.jpg
YA9-193-D,VER,Renault Kwid,Rojo,Remarcaje,Camila Nieto Urbina,2020-07-01 18:23:32,YA9-193-D.jpg
YRK-581-B,VER,Nissan NP300,Rojo,Remarcaje,Cristian Del Valle Peña,2020-02-15 13:37:04,YRK-581-B.jpg
YBV-853-L,VER,Chevrolet Spark,Vino,Importacion Temporal,Felipe Trejo Vazquez,2023-08-14 06:27:49,YBV-853-L.jpg
YDP-655-W,VER,Toyota Corolla,Amarillo,Robado,Ana Sepulveda Martinez,2021-07-19 11:12:59,YDP-655-W.jpg
YEZ-434-J,VER,Ford Ranger,Verde Oscuro,Reposicion,Carlos Dominguez Sanchez,2021-12-21 15:12:51,YEZ-434-J.jpg
YVP-859-L,VER,Renault Logan,Blanco Perlado,Cancelado,Ruben Ramos Acosta,2024-07-06 00:31:44,YVP-859-L.jpg
Y8N-651-J,VER,Fiat Toro,Plateado,Activo,Carolina Quintero Soto,2022-11-25 08:41:22,Y8N-651-J.jpg
Y0W-696-P,VER,Nissan Versa,Azul,Importacion Temporal,Guillermo Villegas Arroyo,2023-09-04 19:48:05,Y0W-696-P.jpg
Y0T-554-D,VER,Honda CR-V,Morado,Activo,Juan Cordero Olvera,2021-06-13 10:16:31,Y0T-554-D.jpg
YJT-754-Z,VER,Toyota Prius,Beige,Activo,Francisco Contreras Chavez,2017-06-17 06:45:57,YJT-754-Z.jpg
YAR-442-J,VER,Chevrolet Beat,Negro,Robado,Alicia Ramos Solano,2018-07-28 12:41:18,YAR-442-J.jpg
YU0-753-X,VER,Peugeot 208,Beige,Activo,Javier Camacho Luna,2025-09-01 15:40:46,YU0-753-X.jpg
YHS-166-C,VER,Audi A3,Morado,Baja Temporal,Rebeca Alvarez Leal,2024-01-26 19:49:09,YHS-166-C.jpg
YK5-440-S,VER,Hyundai Santa Fe,Verde Oscuro,Reposicion,Paola Vazquez Palacios,2024-05-31 02:44:50,YK5-440-S.jpg
YBR-538-N,VER,Mercedes-Benz A-Class,Vino,Activo,Carmen Torres Villalobos,2021-10-26 23:57:06,YBR-538-N.jpg
YBY-113-F,VER,Volkswagen Jetta,Verde,Activo,Laura Valdez Cruz,2021-07-01 15:47:11,YBY-113-F.jpg
YN8-117-C,VER,BMW X5,Gris,Recuperado,Valeria Sepulveda Zamora,2022-04-05 17:00:50,YN8-117-C.jpg
YTS-705-Y,VER,Volkswagen Amarok,Blanco Perlado,Activo,Silvia Izquierdo Gutierrez,2019-02-15 06:51:05,YTS-705-Y.jpg
Y7M-538-D,VER,Volkswagen Jetta,Naranja,Reposicion,Alejandra Montes Leal,2020-08-19 05:14:42,Y7M-538-D.jpg
YKZ-107-M,VER,Honda HR-V,Dorado,Irregular,Sebastian Jimenez Espinoza,2026-04-03 15:15:17,YKZ-107-M.jpg
YCN-188-U,VER,Honda HR-V,Plateado,Importacion Temporal,Alejandra Cordero Lopez,2018-09-19 20:40:02,YCN-188-U.jpg
YT1-744-J,VER,Peugeot 208,Verde,Recuperado,Sandra Espinoza Portillo,2020-12-15 16:16:48,YT1-744-J.jpg
YBH-666-W,VER,Ford Ranger,Vino,Baja Temporal,Cristian Rios Fuentes,2022-11-29 20:28:29,YBH-666-W.jpg
Y43-259-W,VER,Audi Q3,Morado,Activo,Jorge Espinoza Plascencia,2019-05-11 19:19:42,Y43-259-W.jpg
XZX-399-E,VER,Nissan Versa,Morado,Reposicion,Maria Tovar Alvarez,2024-01-25 09:35:56,XZX-399-E.jpg
YMH-153-L,VER,Hyundai Elantra,Plateado,Importacion Definitiva,Sebastian Camacho Moya,2023-04-30 22:03:39,YMH-153-L.jpg
YBM-346-V,VER,Chevrolet Aveo,Cafe,Homologacion,Armando Urbina Orozco,2021-01-05 04:11:12,YBM-346-V.jpg
YA3-550-Y,VER,Kia Forte,Verde,Robado,Regina Reyes Lopez,2017-10-12 18:10:16,YA3-550-Y.jpg
Y5A-492-Z,VER,Fiat Argo,Blanco,Activo,Emilio Zamora Perez,2023-02-02 00:51:10,Y5A-492-Z.jpg
Y6K-797-S,VER,Renault Logan,Blanco Perlado,Homologacion,Isabel Serrano Guerrero,2021-03-10 14:11:57,Y6K-797-S.jpg
YPJ-879-P,VER,Renault Logan,Azul,Activo,Victor Navarro Cordero,2017-12-13 13:34:30,YPJ-879-P.jpg
YLU-771-M,VER,Jeep Grand Cherokee,Azul,Activo,Andres Tovar Gutierrez,2017-08-20 01:59:38,YLU-771-M.jpg
YL8-233-G,VER,Volkswagen Jetta,Verde,Reposicion,Cristian Pacheco Cervantes,2019-04-09 02:49:17,YL8-233-G.jpg
Y4V-145-T,VER,Renault Kwid,Verde Oscuro,Baja Temporal,Hector Acosta Quintero,2025-10-06 19:53:58,Y4V-145-T.jpg
YTA-220-Y,VER,Hyundai Santa Fe,Morado,Importacion Definitiva,Arturo Solano Carrillo,2017-04-27 15:03:21,YTA-220-Y.jpg
XYL-170-Z,VER,Mazda 2,Dorado,Robado,Guillermo Rodriguez Estrada,2022-06-12 08:58:27,XYL-170-Z.jpg
YEB-589-H,VER,Chevrolet Aveo,Dorado,Homologacion,Isabel Sandoval Castro,2020-09-12 05:44:10,YEB-589-H.jpg
XZY-387-B,VER,Renault Kwid,Plateado,Activo,Isabel Leal Delgado,2021-04-01 06:49:47,XZY-387-B.jpg
Y3Y-475-N,VER,Fiat 500,Cafe,Importacion Definitiva,Yolanda Fuentes Soto,2025-11-22 04:27:17,Y3Y-475-N.jpg
YT2-209-V,VER,Mazda 2,Negro,Importacion Temporal,Silvia Estrada Plascencia,2018-07-27 05:24:54,YT2-209-V.jpg
YGY-075-D,VER,Ford Ranger,Gris Oscuro,Homologacion,Norma Villalobos Pacheco,2019-04-30 06:26:44,YGY-075-D.jpg
YF1-104-A,VER,Mercedes-Benz A-Class,Gris,Baja Temporal,Carmen Estrada Arroyo,2024-05-22 18:47:05,YF1-104-A.jpg
YUH-323-Y,VER,Hyundai Santa Fe,Cafe,Homologacion,Eduardo Espinoza Pineda,2021-05-12 22:08:24,YUH-323-Y.jpg
XYX-573-F,VER,Mazda MX-5,Azul Marino,Activo,Fernando Lopez Sanchez,2017-03-21 04:50:28,XYX-573-F.jpg
Y4B-627-F,VER,Audi Q5,Azul Marino,Homologacion,Teresa Escobar Barajas,2025-04-23 20:02:25,Y4B-627-F.jpg
YGM-189-U,VER,Audi A3,Negro,Baja Temporal,Ricardo Luna Sepulveda,2018-10-29 05:21:32,YGM-189-U.jpg
Y7B-890-E,VER,Audi Q5,Blanco,En Proceso Legal,Rosa Estrada Estrada,2020-06-16 20:39:16,Y7B-890-E.jpg
YCT-939-Z,VER,Mazda CX-5,Vino,Robado,Carlos Quintero Rios,2026-01-15 08:50:24,YCT-939-Z.jpg
YA6-104-D,VER,Audi Q5,Cafe,Recuperado,Liliana Navarro Trejo,2017-03-14 17:30:03,YA6-104-D.jpg
YGE-734-T,VER,Ford Fiesta,Naranja,Baja Temporal,Monica Huerta Villanueva,2021-10-10 07:59:40,YGE-734-T.jpg
YTN-418-P,VER,Fiat Argo,Vino,Activo,Norma Bravo Juarez,2025-04-03 16:00:11,YTN-418-P.jpg
YN7-113-Z,VER,Mercedes-Benz GLA,Beige,Cancelado,Miguel Aguilar Reyes,2021-10-02 11:17:14,YN7-113-Z.jpg
YC1-721-K,VER,Nissan March,Azul Marino,Homologacion,Ricardo Correa Ramirez,2021-02-04 09:12:26,YC1-721-K.jpg
Y7E-234-U,VER,Fiat Argo,Amarillo,En Proceso Legal,Fernando Trejo Tapia,2018-04-15 09:07:18,Y7E-234-U.jpg
Y59-268-S,VER,Renault Kwid,Rojo Oscuro,Homologacion,Sofia Camacho Sandoval,2020-08-02 01:35:57,Y59-268-S.jpg
YG8-254-D,VER,Jeep Grand Cherokee,Naranja,Baja Definitiva,Marisol Contreras Camacho,2019-04-05 10:06:30,YG8-254-D.jpg
YFZ-927-N,VER,Renault Logan,Negro,Baja Temporal,Armando Diaz Lopez,2020-12-30 08:12:23,YFZ-927-N.jpg
YHC-514-Y,VER,Peugeot 208,Beige,Activo,Laura Luna Izquierdo,2021-12-04 09:12:21,YHC-514-Y.jpg
YUG-737-F,VER,Renault Duster,Blanco,Robado,Oscar Dominguez Esquivel,2017-12-26 15:34:30,YUG-737-F.jpg
YLM-379-G,VER,Hyundai Accent,Verde,Baja Temporal,Rebeca Juarez Peña,2023-01-08 23:52:41,YLM-379-G.jpg
YUK-315-B,VER,Audi A3,Azul Marino,Cancelado,Lorena Estrada Hernandez,2018-02-27 01:09:49,YUK-315-B.jpg
Y1S-267-Y,VER,Jeep Wrangler,Verde,Robado,Diego Mora Villalobos,2022-05-30 17:14:10,Y1S-267-Y.jpg
YV2-868-R,VER,Chevrolet Aveo,Naranja,Irregular,Norma Villegas Valencia,2022-08-28 22:20:54,YV2-868-R.jpg
YE1-081-P,VER,Mazda CX-5,Naranja,Importacion Definitiva,Adriana Vargas Cervantes,2023-07-20 20:11:23,YE1-081-P.jpg
YRZ-763-Z,VER,Audi A4,Gris Oscuro,Remarcaje,Carolina Quiroz Navarro,2024-03-11 01:04:49,YRZ-763-Z.jpg
Y41-279-C,VER,Renault Logan,Blanco Perlado,Activo,Regina Ortega Leal,2024-07-18 02:42:10,Y41-279-C.jpg
XZG-518-B,VER,Peugeot 208,Rojo Oscuro,Activo,Antonio Maldonado Rivera,2019-06-14 09:31:50,XZG-518-B.jpg
YAU-226-L,VER,Renault Sandero,Verde Oscuro,Reposicion,Carlos Vargas Plascencia,2021-03-07 18:24:37,YAU-226-L.jpg
Y1Y-021-K,VER,Fiat Toro,Morado,En Proceso Legal,Jesus De La Cruz Montes,2023-07-14 05:39:31,Y1Y-021-K.jpg
YDJ-740-S,VER,Hyundai Accent,Dorado,Importacion Temporal,Alberto Montoya Figueroa,2025-01-19 03:32:19,YDJ-740-S.jpg
Y7S-685-Z,VER,Peugeot 3008,Azul,Baja Temporal,German Contreras Carrillo,2020-04-05 11:57:32,Y7S-685-Z.jpg
Y3D-652-L,VER,Nissan March,Cafe,Irregular,Eduardo Cervantes Castro,2023-06-11 23:51:05,Y3D-652-L.jpg
Y4W-378-N,VER,Audi Q3,Azul Marino,Activo,Adolfo Espinoza Palacios,2022-08-04 10:14:24,Y4W-378-N.jpg
YAR-870-J,VER,Renault Sandero,Dorado,Cancelado,Camila Mora Olvera,2025-07-12 02:15:36,YAR-870-J.jpg
YVV-016-X,VER,Hyundai Santa Fe,Vino,En Proceso Legal,Marisol Plascencia Del Valle,2023-04-26 03:15:59,YVV-016-X.jpg
YG2-104-T,VER,Renault Sandero,Azul,Robado,Oscar Del Valle Soto,2024-01-25 18:33:28,YG2-104-T.jpg
Y3F-871-W,VER,Honda CR-V,Gris,Baja Definitiva,Estela Carrillo Valdez,2019-01-21 20:02:02,Y3F-871-W.jpg
YMF-854-K,VER,BMW X3,Rojo Oscuro,Irregular,Daniel Serrano Pineda,2021-06-05 04:25:30,YMF-854-K.jpg
Y2E-006-L,VER,Fiat Cronos,Plateado,Recuperado,Salvador Barajas Tapia,2021-11-16 17:30:02,Y2E-006-L.jpg
YBJ-037-E,VER,Volkswagen Golf,Gris Oscuro,Activo,Norma Chavez Pineda,2020-11-26 02:24:42,YBJ-037-E.jpg
YLW-881-D,VER,Kia Forte,Verde,Activo,Claudia Vazquez Palacios,2022-08-09 02:21:49,YLW-881-D.jpg
YAH-460-H,VER,Hyundai Elantra,Verde,Homologacion,Emilio Navarro Juarez,2017-10-10 22:12:37,YAH-460-H.jpg
Y4E-398-F,VER,Toyota Corolla,Verde,Homologacion,Jesus Trejo Morales,2020-12-11 20:17:09,Y4E-398-F.jpg
Y45-852-E,VER,BMW 5 Series,Azul Marino,Baja Temporal,Yolanda Soto Arellano,2017-05-03 03:40:15,Y45-852-E.jpg
Y5Y-531-C,VER,Chevrolet Aveo,Amarillo,Recuperado,Angela Del Valle Palacios,2019-06-21 04:57:32,Y5Y-531-C.jpg
Y4K-970-W,VER,Renault Duster,Rojo Oscuro,Importacion Temporal,Daniel Velazquez Ortega,2023-02-10 02:11:20,Y4K-970-W.jpg
YK1-973-W,VER,Fiat 500,Beige,Activo,Daniel Jimenez Pacheco,2022-06-17 06:48:08,YK1-973-W.jpg
YNP-202-T,VER,Fiat 500,Naranja,Activo,Miguel Villegas Maldonado,2023-07-09 06:17:33,YNP-202-T.jpg
YG4-197-C,VER,Peugeot 3008,Azul Marino,Homologacion,Miguel Esquivel Plascencia,2023-09-30 10:40:27,YG4-197-C.jpg
YSC-253-M,VER,Hyundai Accent,Rojo,Baja Temporal,Victor Reyes Avila,2019-04-28 14:32:43,YSC-253-M.jpg
Y0X-975-Z,VER,Volkswagen Jetta,Beige,Cancelado,Sebastian Cervantes Figueroa,2020-06-17 12:00:16,Y0X-975-Z.jpg
YRB-284-S,VER,Volkswagen Golf,Naranja,Activo,Beatriz Correa Guerrero,2020-08-02 16:09:03,YRB-284-S.jpg
Y0G-485-R,VER,Honda Civic,Verde,Activo,Salvador Valencia Diaz,2026-03-11 18:09:06,Y0G-485-R.jpg
Y5E-379-F,VER,Renault Kwid,Vino,Importacion Temporal,Miguel Herrera Hernandez,2024-01-27 21:33:49,Y5E-379-F.jpg
YRU-389-B,VER,Renault Kwid,Verde,Cancelado,Martha Reyes Gallegos,2017-12-17 02:34:37,YRU-389-B.jpg
YF6-006-W,VER,Nissan NP300,Azul Marino,Activo,Guadalupe Castro Flores,2023-08-20 12:16:35,YF6-006-W.jpg
YEU-443-P,VER,Peugeot 3008,Blanco,Baja Definitiva,Yolanda Tapia Villalobos,2019-01-30 13:47:59,YEU-443-P.jpg
YCP-468-R,VER,Chevrolet Aveo,Blanco,Irregular,Ricardo Chavez Delgado,2020-04-19 20:53:36,YCP-468-R.jpg
Y36-069-T,VER,Fiat Argo,Amarillo,En Proceso Legal,Manuel Vazquez De La Cruz,2025-01-12 11:36:26,Y36-069-T.jpg
YVN-741-Z,VER,Chevrolet Beat,Verde Oscuro,Baja Temporal,Elizabeth Suarez Ramirez,2017-05-12 02:00:44,YVN-741-Z.jpg
YH0-304-Z,VER,Renault Logan,Blanco Perlado,Activo,Ana Castillo Rodriguez,2022-11-24 23:51:34,YH0-304-Z.jpg
YDY-863-A,VER,Ford Ranger,Verde,Importacion Definitiva,Mauricio Orozco Nieto,2022-10-04 08:57:52,YDY-863-A.jpg
Y62-578-E,VER,Ford Fiesta,Azul Marino,Activo,Claudia Tovar Diaz,2021-05-28 08:10:12,Y62-578-E.jpg
YGJ-363-C,VER,Volkswagen Jetta,Negro,Baja Definitiva,Regina Castillo Camacho,2017-07-11 00:35:19,YGJ-363-C.jpg
YRP-190-B,VER,Hyundai Santa Fe,Gris,Activo,Ana Contreras Moya,2025-07-09 13:51:00,YRP-190-B.jpg
YNR-820-Z,VER,Jeep Compass,Gris,Baja Definitiva,Sandra Campos Huerta,2025-12-07 16:25:14,YNR-820-Z.jpg
YCG-537-T,VER,Audi A4,Cafe,Reposicion,Sofia Herrera Vargas,2017-08-01 23:25:26,YCG-537-T.jpg
XZ0-577-Z,VER,Peugeot 308,Gris,Activo,Veronica Luna Beltran,2018-01-12 13:51:28,XZ0-577-Z.jpg
Y4E-510-T,VER,Chevrolet Beat,Negro,Reposicion,Teresa Ortega Sepulveda,2024-01-27 01:07:12,Y4E-510-T.jpg
Y4H-788-X,VER,Chevrolet Cruze,Verde,Activo,Juan De La Cruz Velazquez,2019-09-12 16:41:07,Y4H-788-X.jpg
YN5-770-V,VER,Jeep Renegade,Rojo,Recuperado,Isabel Sandoval Reyes,2025-07-01 02:51:35,YN5-770-V.jpg
Y2T-717-N,VER,Kia Rio,Plateado,Robado,Hugo Bravo Castillo,2020-04-14 08:35:19,Y2T-717-N.jpg
Y5D-206-B,VER,Mercedes-Benz GLC,Rojo,Reposicion,Francisco Arroyo De La Cruz,2024-09-21 08:23:24,Y5D-206-B.jpg
Y4Z-480-W,VER,Peugeot 3008,Cafe,Activo,Carmen Zarate Mora,2020-07-05 00:51:45,Y4Z-480-W.jpg
YTJ-862-K,VER,Volkswagen Amarok,Cafe,Activo,Lucia Hernandez Garcia,2020-09-08 04:41:21,YTJ-862-K.jpg
Y6P-238-B,VER,Hyundai Accent,Naranja,Recuperado,Marina Torres Fernandez,2026-02-28 13:07:00,Y6P-238-B.jpg
Y70-918-P,VER,Honda CR-V,Azul Marino,Importacion Definitiva,Daniela Sanchez Gonzalez,2017-07-04 19:49:56,Y70-918-P.jpg
Y3R-637-D,VER,Toyota Yaris,Rojo Oscuro,Importacion Temporal,Carmen Ruiz Moya,2018-05-20 20:53:17,Y3R-637-D.jpg
Y07-683-V,VER,BMW X5,Azul,En Proceso Legal,Jesus Luna Avila,2017-06-13 09:03:50,Y07-683-V.jpg
YRT-469-D,VER,Renault Kwid,Amarillo,Cancelado,Carlos Orozco Sandoval,2019-12-06 15:42:02,YRT-469-D.jpg
YT8-865-N,VER,BMW X3,Dorado,Activo,Pedro Rivera Cordero,2019-08-04 18:13:51,YT8-865-N.jpg
YJ4-792-Z,VER,Chevrolet Cruze,Rojo Oscuro,En Proceso Legal,Isabel Gallegos Cabrera,2024-11-01 02:09:26,YJ4-792-Z.jpg
YMT-343-C,VER,Honda Accord,Beige,Importacion Temporal,Oscar Espinoza Hernandez,2026-02-17 21:05:03,YMT-343-C.jpg
YVX-927-P,VER,Hyundai Tucson,Naranja,Irregular,Fernando Cervantes Tapia,2017-09-03 15:06:00,YVX-927-P.jpg
YH6-634-X,VER,Fiat 500,Morado,Activo,Rocio Silva Plascencia,2025-11-20 14:36:23,YH6-634-X.jpg
Y6W-397-P,VER,Chevrolet Spark,Gris Oscuro,Importacion Temporal,Jesus Medina Velazquez,2019-11-27 17:45:02,Y6W-397-P.jpg
YT8-634-C,VER,Hyundai Elantra,Negro,Importacion Definitiva,Jose Portillo Navarro,2019-10-28 13:13:49,YT8-634-C.jpg
Y6C-888-N,VER,Mazda 2,Plateado,Reposicion,Jesus Romero Zarate,2023-03-25 01:43:33,Y6C-888-N.jpg
YB5-146-S,VER,Kia Rio,Blanco,Importacion Definitiva,Manuel Carrillo Olvera,2024-01-28 13:12:14,YB5-146-S.jpg
Y8F-975-K,VER,Toyota Prius,Blanco Perlado,Importacion Definitiva,David Sanchez Suarez,2026-03-07 20:05:36,Y8F-975-K.jpg
Y3T-051-V,VER,Fiat Toro,Plateado,Activo,Gabriela Luna Sanchez,2017-04-16 09:21:22,Y3T-051-V.jpg
YP6-896-R,VER,Peugeot 208,Azul Marino,Cancelado,Marina Contreras Cervantes,2025-04-02 10:51:43,YP6-896-R.jpg
YMZ-302-U,VER,Mercedes-Benz A-Class,Amarillo,Remarcaje,Manuel Izquierdo Juarez,2020-11-15 19:54:07,YMZ-302-U.jpg
Y06-654-W,VER,Audi A3,Blanco Perlado,Activo,Francisco Arellano Figueroa,2019-07-22 16:16:06,Y06-654-W.jpg
YHJ-411-Z,VER,Jeep Grand Cherokee,Negro,Cancelado,Elsa Fuentes Medina,2023-06-19 01:41:08,YHJ-411-Z.jpg
YSG-996-Z,VER,Mercedes-Benz C-Class,Gris Oscuro,Reposicion,Ernesto Mendoza Sandoval,2017-07-19 22:44:31,YSG-996-Z.jpg
YTL-505-L,VER,Jeep Grand Cherokee,Blanco,Robado,Norma Correa Soto,2019-05-01 10:35:43,YTL-505-L.jpg
YKS-669-Z,VER,Ford Focus,Rojo Oscuro,Cancelado,Andres Gonzalez Fernandez,2025-02-07 13:04:14,YKS-669-Z.jpg
YTK-383-Z,VER,Jeep Wrangler,Amarillo,Robado,Pedro Quiroz Salazar,2017-09-27 07:21:03,YTK-383-Z.jpg
Y7T-055-F,VER,Mercedes-Benz GLC,Dorado,Activo,Benjamin Romero Aguilar,2020-09-23 07:37:04,Y7T-055-F.jpg
YD1-573-H,VER,Hyundai Elantra,Vino,Activo,Veronica Escobar Ramirez,2023-10-04 11:38:07,YD1-573-H.jpg
XZE-152-X,VER,Volkswagen Amarok,Azul,Reposicion,Ana Huerta Rodriguez,2024-09-06 12:21:34,XZE-152-X.jpg
Y5M-447-S,VER,BMW X5,Rojo,Robado,Silvia Guerrero Valencia,2019-03-30 17:08:00,Y5M-447-S.jpg
YBC-558-C,VER,Renault Kwid,Naranja,Activo,Francisco Carrillo Martinez,2026-04-14 20:44:40,YBC-558-C.jpg
YBA-611-D,VER,Jeep Renegade,Negro,Reposicion,Sebastian Diaz Velazquez,2020-11-11 18:27:00,YBA-611-D.jpg
YKA-318-V,VER,Honda Accord,Morado,Baja Temporal,Elizabeth Orozco Reyes,2025-07-09 21:25:56,YKA-318-V.jpg
Y9D-442-L,VER,Jeep Wrangler,Plateado,Remarcaje,Silvia Salazar Figueroa,2024-04-22 18:01:39,Y9D-442-L.jpg
Y9M-247-G,VER,Nissan Versa,Beige,Activo,Rosa Martinez Mora,2021-09-07 04:30:07,Y9M-247-G.jpg
Y58-755-L,VER,Fiat Toro,Rojo Oscuro,Activo,Angela Contreras Espinoza,2022-12-24 07:52:08,Y58-755-L.jpg
Y60-314-L,VER,Kia Sportage,Amarillo,Remarcaje,Alberto Rivera Gallegos,2026-01-24 17:36:33,Y60-314-L.jpg
YVK-403-P,VER,Toyota Corolla,Rojo,Activo,Leticia Cordero Martinez,2018-04-06 06:23:00,YVK-403-P.jpg
XZS-382-S,VER,Nissan March,Morado,Remarcaje,Daniel Quiroz Romero,2022-05-10 02:28:44,XZS-382-S.jpg
YUN-937-H,VER,Peugeot 208,Morado,Reposicion,Valeria Juarez Nieto,2025-07-27 05:20:33,YUN-937-H.jpg
YDL-101-Y,VER,Chevrolet Cruze,Rojo Oscuro,Reposicion,Veronica Beltran Rivera,2024-08-28 23:59:08,YDL-101-Y.jpg
Y90-252-Z,VER,Peugeot 308,Gris,Cancelado,Alejandra Silva Alvarez,2017-07-24 02:25:45,Y90-252-Z.jpg
YR1-109-X,VER,Kia Rio,Beige,Robado,Eduardo Diaz Castro,2025-03-29 10:35:51,YR1-109-X.jpg
Y00-128-W,VER,Peugeot 5008,Cafe,Importacion Temporal,Salvador Rosales Medina,2020-04-22 16:41:18,Y00-128-W.jpg
YK8-891-W,VER,Chevrolet Beat,Plateado,Irregular,Diego Leal Velazquez,2020-01-10 23:50:46,YK8-891-W.jpg
Y1S-350-N,VER,BMW 5 Series,Gris,Cancelado,Susana Dominguez Rios,2020-04-24 18:08:39,Y1S-350-N.jpg
Y7Y-571-L,VER,Honda Accord,Azul,Baja Definitiva,Maria Pacheco Esquivel,2017-06-06 11:34:25,Y7Y-571-L.jpg
YMZ-177-Z,VER,BMW 5 Series,Azul Marino,Cancelado,Mauricio Medina Montes,2021-04-20 15:55:08,YMZ-177-Z.jpg
YJ7-725-T,VER,Fiat Toro,Azul,Baja Definitiva,Carlos Navarro Tovar,2021-11-10 11:48:40,YJ7-725-T.jpg
YT3-808-G,VER,Toyota Prius,Verde Oscuro,Robado,Beatriz Sanchez Garcia,2018-12-29 18:54:23,YT3-808-G.jpg
Y8T-966-M,VER,Peugeot 308,Amarillo,Remarcaje,Elizabeth Leal Castro,2017-03-22 22:38:25,Y8T-966-M.jpg
YV6-047-X,VER,Hyundai Elantra,Dorado,Remarcaje,Jorge Ortega Castillo,2018-05-22 17:20:41,YV6-047-X.jpg
Y6D-194-G,VER,Volkswagen Vento,Amarillo,Activo,Luis Velazquez Cordero,2017-05-20 13:26:21,Y6D-194-G.jpg
YC6-194-K,VER,Nissan March,Vino,Activo,David Quiroz Morales,2025-07-18 02:21:59,YC6-194-K.jpg
YB8-694-H,VER,BMW 5 Series,Blanco Perlado,Reposicion,Beatriz Ruiz Chavez,2022-04-05 16:49:31,YB8-694-H.jpg
YM7-917-F,VER,Chevrolet Aveo,Gris Oscuro,Activo,Ruben Torres Huerta,2024-08-19 14:11:33,YM7-917-F.jpg
YMK-065-Y,VER,Mazda 2,Rojo Oscuro,Activo,Norma Gallegos Jimenez,2019-08-06 15:51:12,YMK-065-Y.jpg
YCV-530-D,VER,Kia Forte,Rojo,Baja Temporal,Benjamin Hernandez Ruiz,2025-07-17 17:11:14,YCV-530-D.jpg
YSZ-725-Y,VER,Audi A3,Morado,Baja Definitiva,Ernesto Campos Delgado,2019-02-03 06:50:28,YSZ-725-Y.jpg
Y3D-103-D,VER,Nissan Sentra,Rojo,Activo,Hector Cordero Cruz,2017-04-15 16:03:19,Y3D-103-D.jpg
YU0-226-V,VER,Volkswagen Amarok,Plateado,Cancelado,Benjamin Moya Orozco,2020-09-19 22:20:05,YU0-226-V.jpg
Y5F-846-A,VER,Kia Forte,Blanco,Remarcaje,Guadalupe Gallegos Aguilar,2022-05-09 09:08:02,Y5F-846-A.jpg
XZP-688-H,VER,Mazda MX-5,Gris Oscuro,Remarcaje,David Huerta Camacho,2018-11-08 04:58:46,XZP-688-H.jpg
Y88-588-W,VER,BMW 3 Series,Morado,Remarcaje,Regina Chavez Montoya,2024-07-28 17:02:42,Y88-588-W.jpg
Y3L-648-D,VER,Toyota Corolla,Rojo,Activo,Yolanda Navarro Rivera,2025-10-25 02:10:06,Y3L-648-D.jpg
Y0G-900-Z,VER,Kia Forte,Gris Oscuro,Recuperado,Mateo Castillo Dominguez,2024-03-02 06:30:48,Y0G-900-Z.jpg
Y65-484-W,VER,Mazda 2,Verde Oscuro,Importacion Temporal,Victor Torres Beltran,2023-01-06 21:44:20,Y65-484-W.jpg
Y0T-129-A,VER,Jeep Grand Cherokee,Azul Marino,Activo,Miguel Solano Del Valle,2025-06-18 05:16:02,Y0T-129-A.jpg
YA1-875-X,VER,Peugeot 308,Rojo,Homologacion,Sergio Delgado Pacheco,2023-08-24 17:59:53,YA1-875-X.jpg
YDT-733-R,VER,Honda CR-V,Naranja,Homologacion,Fabiola Ortega Chavez,2025-01-05 15:04:51,YDT-733-R.jpg
Y37-760-P,VER,Audi A3,Blanco Perlado,En Proceso Legal,Oscar Herrera Contreras,2021-09-30 06:05:22,Y37-760-P.jpg
YSE-082-C,VER,Mazda MX-5,Verde Oscuro,Baja Definitiva,Cristian Tovar Leal,2025-04-08 01:31:17,YSE-082-C.jpg
YSP-269-V,VER,Peugeot 308,Naranja,Importacion Temporal,Norma Reyes Olvera,2020-02-11 12:20:57,YSP-269-V.jpg
Y90-225-V,VER,Volkswagen Vento,Blanco Perlado,Importacion Definitiva,Marina Esquivel Suarez,2018-03-03 00:37:08,Y90-225-V.jpg
YHJ-743-H,VER,Honda HR-V,Verde,Baja Definitiva,Ernesto Cruz Aguilar,2024-01-24 08:21:48,YHJ-743-H.jpg
YKW-522-W,VER,Toyota Prius,Vino,Importacion Temporal,Arturo Mendoza Sanchez,2024-08-30 14:58:28,YKW-522-W.jpg
YN6-107-R,VER,Kia Rio,Verde,Importacion Definitiva,Sandra Arroyo Dominguez,2020-01-13 19:19:57,YN6-107-R.jpg
YE1-545-K,VER,Renault Logan,Blanco Perlado,Irregular,Mauricio Castillo Esquivel,2026-01-06 13:37:52,YE1-545-K.jpg
Y87-084-A,VER,Renault Sandero,Amarillo,Robado,Beatriz Flores Sandoval,2026-01-28 02:16:11,Y87-084-A.jpg
YN8-241-X,VER,Mazda 2,Plateado,Activo,Victor Plascencia Urbina,2022-10-15 07:44:31,YN8-241-X.jpg
YH1-168-Y,VER,BMW 3 Series,Amarillo,Robado,Camila Palacios Izquierdo,2022-11-11 08:27:13,YH1-168-Y.jpg
YCY-874-K,VER,Nissan NP300,Amarillo,Importacion Definitiva,Ana Correa Plascencia,2023-02-06 06:34:14,YCY-874-K.jpg
Y4Y-519-F,VER,Nissan NP300,Dorado,Recuperado,Eduardo Chavez Romero,2023-08-05 19:11:54,Y4Y-519-F.jpg
YLS-379-R,VER,Mazda CX-5,Plateado,Activo,Ana Urbina Tovar,2019-04-16 06:43:17,YLS-379-R.jpg
YUA-173-P,VER,Peugeot 208,Rojo,Homologacion,Valeria Hernandez Nieto,2017-12-10 19:32:21,YUA-173-P.jpg
YTR-631-T,VER,Toyota Yaris,Vino,Activo,Elias Maldonado Ruiz,2025-02-12 07:09:03,YTR-631-T.jpg
Z08-820-A,YUC,Toyota Prius,Rojo,Activo,Maria Quiroz Herrera,2026-03-16 13:59:52,Z08-820-A.jpg
Z4K-527-P,YUC,Nissan Sentra,Blanco,Irregular,Salvador Plascencia Sandoval,2017-09-10 16:40:59,Z4K-527-P.jpg
YXL-816-Y,YUC,Nissan Sentra,Verde,Remarcaje,Carolina Vargas Ramirez,2019-02-13 05:11:39,YXL-816-Y.jpg
Z1A-853-C,YUC,Peugeot 3008,Azul Marino,Cancelado,Julieta Garcia Luna,2022-06-07 14:41:51,Z1A-853-C.jpg
ZA2-647-H,YUC,Honda Civic,Amarillo,Irregular,Ruben Correa Del Valle,2020-07-25 01:24:09,ZA2-647-H.jpg
YZN-256-E,YUC,Renault Kwid,Gris Oscuro,Activo,Elsa Pineda Silva,2017-01-29 19:29:47,YZN-256-E.jpg
Z9B-749-L,YUC,Toyota Corolla,Blanco Perlado,Importacion Temporal,Lucia Sandoval Fernandez,2024-11-04 05:22:20,Z9B-749-L.jpg
YWM-656-C,YUC,Chevrolet Beat,Verde,Importacion Definitiva,Angela Ramirez Suarez,2026-02-03 06:15:50,YWM-656-C.jpg
Z5J-258-F,YUC,Mazda 2,Naranja,Baja Temporal,Roberto Esquivel Ruiz,2024-01-26 06:30:47,Z5J-258-F.jpg
ZA9-463-F,YUC,Chevrolet Beat,Amarillo,Cancelado,Benjamin Contreras Ortega,2017-03-18 02:56:53,ZA9-463-F.jpg
Z7Z-033-X,YUC,Toyota Hilux,Cafe,Reposicion,Leticia Rios Camacho,2017-06-24 11:10:04,Z7Z-033-X.jpg
YYL-064-N,YUC,Peugeot 5008,Blanco,Importacion Temporal,Pedro Estrada Olvera,2018-08-20 10:01:05,YYL-064-N.jpg
ZA3-761-L,YUC,Nissan Sentra,Cafe,Baja Temporal,Diego Luna Escobar,2019-11-28 14:41:59,ZA3-761-L.jpg
YWV-311-Z,YUC,Mazda 2,Gris,Baja Temporal,Manuel Cervantes Palacios,2018-07-31 22:36:35,YWV-311-Z.jpg
YY8-121-B,YUC,Ford Fusion,Rojo,Activo,Luis Montes Camacho,2017-10-25 01:36:13,YY8-121-B.jpg
Z5T-226-L,YUC,Fiat Argo,Blanco,Activo,Sebastian Sanchez Mendoza,2019-12-05 18:52:57,Z5T-226-L.jpg
ZCD-056-M,YUC,Hyundai Santa Fe,Dorado,Robado,Cecilia Flores Villanueva,2019-05-03 10:09:30,ZCD-056-M.jpg
YYF-482-F,YUC,Peugeot 308,Cafe,Importacion Definitiva,Elias Salazar Correa,2017-03-25 07:40:18,YYF-482-F.jpg
Z17-274-A,YUC,Toyota Hilux,Blanco,Activo,Ruben Avila Vazquez,2025-09-09 14:33:38,Z17-274-A.jpg
YZ8-316-E,YUC,Kia Rio,Plateado,Activo,Juan Sanchez Del Valle,2025-03-21 23:49:49,YZ8-316-E.jpg
Z1N-012-M,YUC,Renault Sandero,Morado,Activo,Elizabeth Arellano Villalobos,2025-10-04 20:32:05,Z1N-012-M.jpg
Z5Z-957-W,YUC,Chevrolet Spark,Morado,Baja Temporal,Sandra Valdez Diaz,2023-07-30 08:00:54,Z5Z-957-W.jpg
YYY-342-J,YUC,Fiat 500,Beige,Reposicion,Susana Medina Portillo,2025-12-12 18:50:41,YYY-342-J.jpg
ZCU-838-S,YUC,Kia Sportage,Azul,Recuperado,Estela Cabrera Herrera,2026-04-16 13:29:07,ZCU-838-S.jpg
Z0K-988-C,YUC,Kia Sportage,Azul Marino,Activo,Paola Castro Arellano,2020-06-05 20:24:31,Z0K-988-C.jpg
YWX-605-T,YUC,BMW X5,Azul,Robado,Roberto Tovar Juarez,2026-03-10 04:38:18,YWX-605-T.jpg
Z2A-071-Z,YUC,Kia Sportage,Verde Oscuro,Activo,Victor Acosta Gallegos,2017-06-17 11:21:51,Z2A-071-Z.jpg
ZBD-639-G,YUC,Jeep Compass,Rojo Oscuro,Robado,Adolfo Castillo Camacho,2025-08-09 00:05:40,ZBD-639-G.jpg
Z1R-616-W,YUC,Mercedes-Benz GLC,Naranja,Importacion Definitiva,Fernando Sanchez Pacheco,2017-09-15 13:52:34,Z1R-616-W.jpg
ZAS-385-E,YUC,Volkswagen Jetta,Cafe,Irregular,Teresa Barajas Del Valle,2023-07-12 03:01:52,ZAS-385-E.jpg
Z5A-956-D,YUC,Mazda MX-5,Dorado,Activo,Rebeca Leal Huerta,2022-04-15 06:31:38,Z5A-956-D.jpg
YX8-222-C,YUC,Ford Fusion,Gris,Irregular,Rosa Silva Lopez,2018-08-08 00:36:35,YX8-222-C.jpg
Z16-226-B,YUC,Audi Q3,Gris Oscuro,Activo,Sofia Maldonado Montoya,2022-02-03 11:56:23,Z16-226-B.jpg
YXK-981-V,YUC,Hyundai Elantra,Rojo Oscuro,Baja Temporal,Mateo Urbina Mendoza,2018-10-07 13:49:35,YXK-981-V.jpg
Z14-985-P,YUC,Fiat Toro,Morado,Homologacion,Liliana Ramirez Olvera,2025-02-05 21:03:39,Z14-985-P.jpg
YZ7-254-T,YUC,Peugeot 308,Naranja,Recuperado,Carolina Rosales Suarez,2020-02-21 23:37:39,YZ7-254-T.jpg
Z4S-331-M,YUC,BMW 5 Series,Gris Oscuro,Activo,Emilio Moya Morales,2017-09-19 17:46:39,Z4S-331-M.jpg
Z19-690-K,YUC,Chevrolet Beat,Cafe,Reposicion,Diego Navarro Guerrero,2020-06-27 22:20:23,Z19-690-K.jpg
YXE-464-D,YUC,Fiat Toro,Morado,Activo,Benjamin Sepulveda Garcia,2023-12-02 12:02:54,YXE-464-D.jpg
Z74-937-Z,YUC,Renault Kwid,Vino,Activo,Lucia Aguilar Guerrero,2017-05-21 04:44:45,Z74-937-Z.jpg
Z7U-660-C,YUC,Chevrolet Beat,Blanco,En Proceso Legal,Patricia Mejia Tapia,2018-05-29 04:18:45,Z7U-660-C.jpg
Z43-481-J,YUC,Nissan Sentra,Negro,Activo,Maria Villegas Jimenez,2023-01-22 00:46:19,Z43-481-J.jpg
YX1-164-F,YUC,Renault Sandero,Azul Marino,Cancelado,Laura Camacho Izquierdo,2024-03-29 19:13:39,YX1-164-F.jpg
ZCW-433-X,YUC,Ford Fusion,Plateado,Importacion Temporal,Emilio Ramirez Camacho,2022-04-30 20:09:29,ZCW-433-X.jpg
ZB6-747-L,YUC,Chevrolet Aveo,Negro,Cancelado,Marina Fernandez Arroyo,2023-03-15 15:29:10,ZB6-747-L.jpg
Z90-612-M,YUC,Audi A4,Blanco,Reposicion,Yolanda Villegas Trejo,2021-07-21 19:33:49,Z90-612-M.jpg
Z12-664-J,YUC,BMW X5,Dorado,En Proceso Legal,Mateo Tapia Mejia,2024-11-18 23:26:50,Z12-664-J.jpg
YX7-049-D,YUC,Nissan NP300,Negro,Reposicion,Renata Chavez Fuentes,2019-07-06 23:37:19,YX7-049-D.jpg
Z5G-651-D,YUC,Toyota Yaris,Beige,Remarcaje,Adriana Barajas Palacios,2019-06-28 17:19:53,Z5G-651-D.jpg
Z2D-138-X,YUC,Toyota Prius,Verde Oscuro,Recuperado,Carlos Cordero Alvarez,2019-04-30 04:30:04,Z2D-138-X.jpg
Z4P-370-V,YUC,Mazda 2,Azul,Activo,Mauricio Estrada Esquivel,2019-06-30 17:59:10,Z4P-370-V.jpg
ZA7-020-L,YUC,Mazda 3,Verde Oscuro,Importacion Temporal,Elizabeth Jimenez Huerta,2020-07-22 15:39:24,ZA7-020-L.jpg
Z8W-970-H,YUC,Mercedes-Benz C-Class,Gris,Importacion Definitiva,Diego Contreras Torres,2020-06-16 23:28:14,Z8W-970-H.jpg
Z1S-434-U,YUC,Mercedes-Benz C-Class,Rojo,Importacion Temporal,Alejandro Peña Avila,2022-11-08 22:23:32,Z1S-434-U.jpg
YY2-496-V,YUC,Honda Accord,Beige,Robado,Sandra Vargas Pacheco,2022-02-18 02:35:23,YY2-496-V.jpg
Z4H-547-E,YUC,Hyundai Santa Fe,Plateado,Homologacion,Martha Olvera Torres,2020-06-06 03:13:42,Z4H-547-E.jpg
Z3T-869-K,YUC,Kia Rio,Amarillo,Homologacion,Regina Trejo Ramirez,2025-01-19 00:51:41,Z3T-869-K.jpg
YXJ-632-P,YUC,Mercedes-Benz GLC,Azul Marino,Recuperado,Martha De La Cruz Gallegos,2021-12-28 14:11:41,YXJ-632-P.jpg
Z5H-950-U,YUC,Fiat Cronos,Vino,Baja Temporal,Andres Plascencia Aguilar,2018-10-16 06:35:46,Z5H-950-U.jpg
Z85-713-V,YUC,Honda Accord,Plateado,Irregular,Antonio Villegas Navarro,2019-11-15 20:11:04,Z85-713-V.jpg
Z83-990-A,YUC,Honda Civic,Beige,Activo,Carmen Suarez Martinez,2022-08-24 14:33:13,Z83-990-A.jpg
Z4U-863-W,YUC,Volkswagen Amarok,Blanco Perlado,Importacion Definitiva,Eduardo Portillo Arroyo,2022-08-15 21:39:09,Z4U-863-W.jpg
Z7F-106-T,YUC,Nissan NP300,Negro,Baja Definitiva,Teresa Garcia Arroyo,2025-09-12 01:46:50,Z7F-106-T.jpg
Z6R-603-R,YUC,Renault Sandero,Morado,Activo,Hector Serrano Soto,2018-10-12 06:47:40,Z6R-603-R.jpg
Z95-278-U,YUC,Peugeot 3008,Rojo,Activo,David Villalobos Medina,2023-05-29 02:14:26,Z95-278-U.jpg
Z7Z-075-N,YUC,Mercedes-Benz A-Class,Amarillo,Baja Temporal,Oscar Quintero Soto,2020-01-17 22:12:17,Z7Z-075-N.jpg
Z30-384-A,YUC,BMW X3,Dorado,Irregular,Diego Romero Zamora,2019-02-21 04:04:24,Z30-384-A.jpg
YYB-417-R,YUC,Volkswagen Vento,Plateado,Remarcaje,Carlos Pacheco Rios,2020-01-01 18:31:21,YYB-417-R.jpg
Z7V-595-C,YUC,Honda Accord,Verde,Activo,Arturo Romero Esquivel,2018-08-22 06:32:00,Z7V-595-C.jpg
YZF-975-M,YUC,Hyundai Elantra,Naranja,Recuperado,Marco Quintero Peña,2017-02-24 02:47:24,YZF-975-M.jpg
Z9J-839-B,YUC,Renault Kwid,Gris,Activo,Valeria Quintero Izquierdo,2026-04-08 03:45:03,Z9J-839-B.jpg
Z3F-256-Z,YUC,Mazda CX-5,Beige,Importacion Temporal,Lorena Garcia Solano,2024-11-20 03:05:53,Z3F-256-Z.jpg
YZA-986-A,YUC,Honda Civic,Blanco Perlado,Baja Temporal,Paola Dominguez Ortega,2025-10-11 17:32:52,YZA-986-A.jpg
Z1J-629-S,YUC,Fiat Cronos,Amarillo,Importacion Definitiva,Juan Campos Esquivel,2022-11-27 05:14:52,Z1J-629-S.jpg
Z2T-500-J,YUC,Jeep Compass,Verde,Activo,Adolfo Gonzalez Valencia,2021-02-18 00:12:38,Z2T-500-J.jpg
Z79-408-Z,YUC,Nissan March,Naranja,Baja Temporal,Alberto Flores De La Cruz,2018-08-03 06:03:47,Z79-408-Z.jpg
Z3N-061-U,YUC,Mazda CX-5,Gris,Irregular,Jesus Lopez Ortega,2018-04-10 17:33:03,Z3N-061-U.jpg
Z5H-197-G,YUC,Hyundai Santa Fe,Blanco Perlado,Robado,Elizabeth Aguilar Vargas,2025-08-05 14:32:53,Z5H-197-G.jpg
YZ9-729-J,YUC,Chevrolet Cruze,Morado,Activo,Jose Chavez Chavez,2019-10-01 21:06:11,YZ9-729-J.jpg
ZAV-391-P,YUC,Mercedes-Benz GLC,Dorado,Reposicion,Patricia Morales Zarate,2025-02-17 06:12:02,ZAV-391-P.jpg
YYW-206-D,YUC,Mazda 3,Gris,Activo,Eduardo Sandoval Cordero,2020-07-30 05:30:06,YYW-206-D.jpg
Z3A-016-B,YUC,Peugeot 308,Rojo Oscuro,Robado,Mateo Ruiz Suarez,2024-01-27 09:23:52,Z3A-016-B.jpg
Z8P-077-T,YUC,Renault Logan,Dorado,Activo,Rosa Avila Palacios,2022-08-15 07:39:27,Z8P-077-T.jpg
Z98-790-X,YUC,Toyota Prius,Rojo,Importacion Temporal,Ruben Quintero Esquivel,2020-08-17 14:25:47,Z98-790-X.jpg
Z22-102-B,YUC,Honda CR-V,Plateado,Activo,Andres Arellano Juarez,2026-03-19 01:35:06,Z22-102-B.jpg
Z84-913-J,YUC,Fiat Argo,Gris Oscuro,Robado,Veronica Del Valle Estrada,2017-06-07 05:35:41,Z84-913-J.jpg
Z67-531-B,YUC,Peugeot 208,Azul Marino,Cancelado,Patricia Castro Escobar,2023-03-27 14:03:22,Z67-531-B.jpg
Z59-532-W,YUC,Ford Focus,Verde Oscuro,Reposicion,Lucia Cervantes Urbina,2017-03-05 16:39:37,Z59-532-W.jpg
Z12-198-M,YUC,Nissan NP300,Verde Oscuro,Importacion Temporal,Teresa Medina Portillo,2026-03-20 09:13:35,Z12-198-M.jpg
Z36-821-X,YUC,Ford Fusion,Azul,Activo,Raul Chavez Izquierdo,2023-06-17 21:34:57,Z36-821-X.jpg
Z4E-496-C,YUC,Volkswagen Jetta,Azul Marino,Irregular,Andres Dominguez Montoya,2018-03-26 00:08:56,Z4E-496-C.jpg
ZAV-146-Z,YUC,Renault Kwid,Naranja,Baja Temporal,Ignacio Villalobos Rivera,2024-05-26 07:00:06,ZAV-146-Z.jpg
Z78-033-D,YUC,Nissan Versa,Gris,Homologacion,Isabel Suarez Jimenez,2020-04-03 03:10:10,Z78-033-D.jpg
Z6V-257-J,YUC,Nissan March,Beige,Baja Definitiva,Laura Bravo Leal,2020-12-19 00:56:26,Z6V-257-J.jpg
Z8Y-259-Y,YUC,Peugeot 5008,Blanco,Baja Definitiva,Isabel Maldonado Herrera,2024-04-27 18:44:15,Z8Y-259-Y.jpg
ZBV-464-H,YUC,Chevrolet Beat,Rojo Oscuro,En Proceso Legal,Claudia Quintero Valdez,2024-04-15 15:35:57,ZBV-464-H.jpg
YZX-438-L,YUC,Renault Duster,Gris Oscuro,Irregular,Veronica Gallegos Morales,2025-06-19 18:58:33,YZX-438-L.jpg
ZBV-014-H,YUC,Kia Sportage,Morado,Activo,Alicia Sandoval Valencia,2018-10-18 17:05:00,ZBV-014-H.jpg
Z2J-712-H,YUC,Peugeot 308,Rojo,Irregular,Renata Aguilar Lopez,2023-10-16 05:01:33,Z2J-712-H.jpg
Z9C-414-H,YUC,Mercedes-Benz GLA,Blanco Perlado,Robado,Manuel Acosta Ruiz,2021-07-06 14:53:29,Z9C-414-H.jpg
YXH-102-T,YUC,Honda HR-V,Cafe,Baja Definitiva,Cristian Urbina Chavez,2019-05-08 06:15:01,YXH-102-T.jpg
Z6B-084-W,YUC,Kia Rio,Azul,Baja Temporal,Elias Estrada Tovar,2022-12-26 23:03:24,Z6B-084-W.jpg
ZBK-071-R,YUC,Peugeot 208,Plateado,Robado,Antonio Delgado Pineda,2023-07-03 08:29:53,ZBK-071-R.jpg
YZY-565-B,YUC,Chevrolet Spark,Azul Marino,Baja Temporal,Adolfo Montoya Plascencia,2022-05-25 14:29:06,YZY-565-B.jpg
Z08-489-D,YUC,Mercedes-Benz GLA,Rojo,En Proceso Legal,Rocio Garcia Camacho,2021-09-25 00:56:14,Z08-489-D.jpg
Z87-006-L,YUC,Kia Rio,Gris Oscuro,Importacion Temporal,Marcos Luna Salazar,2023-02-26 22:44:46,Z87-006-L.jpg
Z7D-235-Z,YUC,Renault Duster,Gris Oscuro,Baja Definitiva,Eduardo Medina Vargas,2019-02-12 17:09:00,Z7D-235-Z.jpg
Z9V-798-F,YUC,Mercedes-Benz GLA,Dorado,Activo,Roberto Carrillo Ortega,2025-12-18 12:33:30,Z9V-798-F.jpg
Z37-620-Z,YUC,Ford Focus,Negro,Activo,Paola Rios Reyes,2017-01-07 08:45:27,Z37-620-Z.jpg
YYU-573-H,YUC,Nissan NP300,Blanco,Activo,Paola Castillo Castillo,2018-09-15 13:13:44,YYU-573-H.jpg
Z2G-716-K,YUC,Fiat 500,Negro,Remarcaje,Ricardo Pacheco Navarro,2025-07-08 02:46:40,Z2G-716-K.jpg
ZAH-222-T,YUC,Peugeot 3008,Azul,Baja Temporal,Felipe Velazquez Rivera,2022-02-07 08:17:16,ZAH-222-T.jpg
Z11-590-Y,YUC,Audi A3,Amarillo,Importacion Temporal,Elsa Gallegos Peña,2020-06-26 08:59:24,Z11-590-Y.jpg
YZY-109-V,YUC,Mazda CX-5,Negro,Irregular,Martha Esquivel Escobar,2020-10-27 18:47:14,YZY-109-V.jpg
ZAU-814-B,YUC,Ford Fusion,Blanco Perlado,Baja Temporal,Sofia Montes Torres,2022-09-12 21:37:45,ZAU-814-B.jpg
Z3W-655-V,YUC,Kia Sportage,Vino,Homologacion,Jesus Villegas Guerrero,2018-01-12 22:31:00,Z3W-655-V.jpg
YYY-809-C,YUC,Mercedes-Benz C-Class,Rojo Oscuro,Baja Definitiva,Sergio Leal Pineda,2025-07-11 18:31:41,YYY-809-C.jpg
YY5-054-U,YUC,Chevrolet Aveo,Azul Marino,Recuperado,Ruben Montoya Mejia,2020-02-27 06:30:42,YY5-054-U.jpg
YWN-671-R,YUC,BMW X5,Cafe,Remarcaje,Sofia Chavez Camacho,2024-01-01 21:14:35,YWN-671-R.jpg
Z0L-721-E,YUC,Mercedes-Benz A-Class,Gris Oscuro,Baja Temporal,Silvia Arroyo Cabrera,2025-06-13 02:07:04,Z0L-721-E.jpg
Z7G-281-N,YUC,Ford Focus,Vino,Activo,Susana Esquivel Contreras,2021-04-07 11:00:50,Z7G-281-N.jpg
Z8K-130-U,YUC,Kia Forte,Amarillo,Baja Temporal,Marisol Luna Fernandez,2017-09-23 17:18:49,Z8K-130-U.jpg
Z7Z-475-P,YUC,Fiat Cronos,Morado,Cancelado,Renata Chavez Sandoval,2020-10-08 19:01:02,Z7Z-475-P.jpg
Z7S-024-C,YUC,Chevrolet Spark,Gris Oscuro,Baja Temporal,Mauricio Cervantes Beltran,2018-07-31 23:40:53,Z7S-024-C.jpg
Z9N-160-G,YUC,Mercedes-Benz GLC,Naranja,Homologacion,Maria Valdez Montes,2017-12-14 18:25:00,Z9N-160-G.jpg
Z94-705-C,YUC,Kia Sportage,Rojo,Activo,Rosa Mendoza Navarro,2017-09-06 23:16:58,Z94-705-C.jpg
ZBH-056-Z,YUC,Kia Forte,Verde Oscuro,Recuperado,Fabiola Rivera Gutierrez,2019-12-28 00:23:41,ZBH-056-Z.jpg
ZB1-959-Y,YUC,Fiat Argo,Rojo,Robado,Patricia Rosales Figueroa,2021-02-02 17:08:10,ZB1-959-Y.jpg
Z57-715-B,YUC,Toyota Corolla,Verde,Importacion Definitiva,Cristian Palacios Luna,2023-08-13 10:29:22,Z57-715-B.jpg
YZG-941-N,YUC,Renault Logan,Rojo,Cancelado,Pedro Reyes Arroyo,2025-10-26 19:12:41,YZG-941-N.jpg
Z4S-211-T,YUC,Fiat Cronos,Rojo,Importacion Temporal,Elsa Silva Castro,2023-03-21 13:35:59,Z4S-211-T.jpg
Z47-634-D,YUC,Ford Fusion,Morado,Importacion Temporal,Maria Peña Arroyo,2025-12-23 15:11:21,Z47-634-D.jpg
Z5R-827-L,YUC,Renault Logan,Blanco Perlado,Reposicion,Guadalupe Tapia Martinez,2018-12-30 04:49:19,Z5R-827-L.jpg
ZAJ-891-E,YUC,Hyundai Elantra,Blanco Perlado,Importacion Temporal,Daniel Fuentes Estrada,2020-11-18 07:30:30,ZAJ-891-E.jpg
Z3Z-927-N,YUC,Audi Q3,Dorado,Remarcaje,Patricia Ramirez Correa,2019-07-26 17:53:53,Z3Z-927-N.jpg
Z2G-287-K,YUC,Audi A4,Rojo Oscuro,Cancelado,Julieta Valdez Soto,2019-08-02 11:44:05,Z2G-287-K.jpg
Z40-031-H,YUC,BMW X3,Cafe,Importacion Definitiva,Noe Vazquez Rios,2022-06-22 14:51:12,Z40-031-H.jpg
Z66-994-K,YUC,Chevrolet Cruze,Dorado,Recuperado,Martha Cordero Quiroz,2019-05-17 23:01:21,Z66-994-K.jpg
Z7D-218-X,YUC,Hyundai Santa Fe,Dorado,Recuperado,Fabiola Zamora Fernandez,2019-08-02 10:29:52,Z7D-218-X.jpg
YXS-001-B,YUC,Audi Q3,Negro,Importacion Temporal,Teresa Vargas Delgado,2024-03-12 01:15:01,YXS-001-B.jpg
Z7C-827-Z,YUC,Fiat Argo,Dorado,Activo,Julieta Torres Contreras,2019-06-11 13:33:14,Z7C-827-Z.jpg
Z1U-836-N,YUC,Mercedes-Benz GLA,Verde,Recuperado,Alejandra Alvarez Tovar,2017-09-05 19:08:50,Z1U-836-N.jpg
ZA8-081-F,YUC,Audi A3,Plateado,Baja Temporal,Norma Solano Rosales,2017-02-06 04:53:07,ZA8-081-F.jpg
YWX-465-V,YUC,Mazda CX-5,Negro,Homologacion,Marisol Lopez Fuentes,2025-11-05 01:47:41,YWX-465-V.jpg
Z2E-670-S,YUC,Volkswagen Golf,Azul,En Proceso Legal,Fernando Soto Correa,2022-09-17 02:29:21,Z2E-670-S.jpg
Z0V-729-F,YUC,Audi A4,Rojo Oscuro,Importacion Temporal,Raul Camacho Castillo,2024-04-01 15:16:08,Z0V-729-F.jpg
Z2U-556-N,YUC,Volkswagen Golf,Cafe,Baja Temporal,Norma Mendoza Moya,2025-04-29 18:52:09,Z2U-556-N.jpg
Z9F-114-K,YUC,Peugeot 308,Negro,Robado,Marcos Maldonado Serrano,2026-04-05 09:47:20,Z9F-114-K.jpg
Z22-641-Z,YUC,BMW X5,Blanco,Activo,Roberto Fuentes Mendoza,2018-09-28 03:30:27,Z22-641-Z.jpg
Z9N-433-T,YUC,Toyota Corolla,Rojo,Robado,Hector Contreras Dominguez,2025-10-15 09:27:35,Z9N-433-T.jpg
YZL-608-V,YUC,Peugeot 3008,Azul Marino,Activo,Fabiola Escobar Jimenez,2025-12-27 07:25:41,YZL-608-V.jpg
Z53-806-H,YUC,Nissan Sentra,Naranja,Remarcaje,Alejandro Moya Navarro,2018-12-03 01:30:09,Z53-806-H.jpg
Z2K-074-S,YUC,Peugeot 308,Beige,Activo,Manuel Cervantes Arroyo,2020-01-18 02:37:01,Z2K-074-S.jpg
Z1X-070-F,YUC,Hyundai Elantra,Naranja,Baja Definitiva,Paola Huerta Solano,2025-10-12 15:08:54,Z1X-070-F.jpg
ZCE-361-W,YUC,Mercedes-Benz A-Class,Verde,Cancelado,Francisco Perez Silva,2025-08-12 17:52:54,ZCE-361-W.jpg
Z3E-606-P,YUC,Toyota Hilux,Rojo Oscuro,Importacion Definitiva,Adriana Navarro Rivera,2024-10-13 06:55:47,Z3E-606-P.jpg
Z6C-836-L,YUC,Jeep Grand Cherokee,Dorado,Baja Definitiva,Ignacio Cruz Medina,2022-03-10 12:37:30,Z6C-836-L.jpg
Z5H-633-R,YUC,Volkswagen Amarok,Azul Marino,Robado,Juan Delgado Fuentes,2019-01-14 19:36:22,Z5H-633-R.jpg
Z4G-113-S,YUC,Toyota Prius,Cafe,Importacion Temporal,Mateo Garcia Rios,2023-06-12 18:41:34,Z4G-113-S.jpg
Z8C-216-N,YUC,Toyota Corolla,Morado,Baja Definitiva,Carolina Romero Villanueva,2022-04-07 01:12:31,Z8C-216-N.jpg
Z8B-005-L,YUC,Ford Fusion,Gris,Activo,Mauricio Contreras Jimenez,2017-08-01 14:17:13,Z8B-005-L.jpg
ZAS-523-F,YUC,Volkswagen Jetta,Negro,Activo,Daniela Avila Guerrero,2020-10-02 11:18:38,ZAS-523-F.jpg
Z1R-729-J,YUC,Toyota Prius,Blanco,Baja Temporal,Leticia Valdez Zarate,2018-11-18 15:20:37,Z1R-729-J.jpg
YXZ-720-W,YUC,Kia Forte,Azul Marino,Activo,Elias Montoya Cervantes,2025-10-29 04:23:01,YXZ-720-W.jpg
YZL-515-Z,YUC,Volkswagen Vento,Amarillo,Homologacion,Mateo Villanueva Hernandez,2024-04-07 10:21:58,YZL-515-Z.jpg
ZC9-088-P,YUC,Kia Sorento,Azul,Reposicion,Martha Gutierrez Quiroz,2020-02-12 05:39:12,ZC9-088-P.jpg
YX5-841-P,YUC,Volkswagen Vento,Dorado,Baja Definitiva,Andres Urbina Gallegos,2018-07-01 01:04:24,YX5-841-P.jpg
Z7P-444-D,YUC,Kia Rio,Amarillo,Reposicion,Marcos Torres Acosta,2020-04-20 19:22:42,Z7P-444-D.jpg
YXZ-196-C,YUC,Ford Fusion,Amarillo,Activo,Francisco Zarate Estrada,2021-09-21 20:05:28,YXZ-196-C.jpg
Z5C-483-P,YUC,Fiat Cronos,Morado,Activo,Rocio Avila Delgado,2024-04-07 18:10:53,Z5C-483-P.jpg
YWX-011-E,YUC,Kia Forte,Verde,Importacion Definitiva,Marco Serrano Camacho,2022-10-18 10:00:34,YWX-011-E.jpg
Z3Y-798-J,YUC,Audi Q3,Morado,Importacion Definitiva,Norma Sepulveda Villalobos,2018-12-18 18:01:21,Z3Y-798-J.jpg
YXB-826-B,YUC,Nissan NP300,Verde,Remarcaje,Cristian Sepulveda Romero,2022-06-29 07:46:45,YXB-826-B.jpg
Z2G-269-J,YUC,Nissan NP300,Gris Oscuro,Activo,Emilio Medina Cabrera,2024-10-31 13:50:58,Z2G-269-J.jpg
Z9X-342-D,YUC,Peugeot 208,Verde Oscuro,Remarcaje,Ricardo Villalobos Gallegos,2018-10-14 17:30:58,Z9X-342-D.jpg
YZU-499-E,YUC,Honda Civic,Blanco Perlado,Reposicion,Elias Lopez Villanueva,2021-07-23 21:19:53,YZU-499-E.jpg
Z5D-741-R,YUC,Chevrolet Spark,Morado,Baja Temporal,Javier Rodriguez Gonzalez,2018-01-11 12:08:52,Z5D-741-R.jpg
YZB-692-K,YUC,Kia Sportage,Naranja,Recuperado,Arturo Velazquez Mendoza,2022-02-21 18:18:28,YZB-692-K.jpg
YXN-756-E,YUC,Renault Kwid,Blanco Perlado,Recuperado,Carolina Peña Escobar,2019-08-18 06:22:44,YXN-756-E.jpg
Z8S-067-Y,YUC,Kia Sportage,Azul,Importacion Temporal,Alejandro Olvera Medina,2020-06-26 23:03:07,Z8S-067-Y.jpg
ZBA-747-G,YUC,Hyundai Santa Fe,Vino,Reposicion,Patricia Olvera Dominguez,2019-08-01 08:27:05,ZBA-747-G.jpg
Z7Y-578-B,YUC,Renault Kwid,Cafe,Importacion Definitiva,Teresa Jimenez Gonzalez,2023-04-18 10:09:18,Z7Y-578-B.jpg
YZY-358-M,YUC,Nissan Sentra,Negro,Recuperado,Daniel Zarate Acosta,2022-01-06 18:01:09,YZY-358-M.jpg
ZC7-225-M,YUC,Honda Civic,Morado,Cancelado,Daniel Beltran Montes,2024-12-23 12:38:24,ZC7-225-M.jpg
YY3-545-C,YUC,Toyota Prius,Negro,Irregular,Teresa Mejia Alvarez,2026-05-14 09:15:08,YY3-545-C.jpg
YX9-784-R,YUC,Fiat Argo,Vino,En Proceso Legal,Rosa Olvera Valencia,2025-07-14 10:04:48,YX9-784-R.jpg
YXN-440-P,YUC,Fiat 500,Gris,Activo,Sebastian Hernandez Bravo,2018-03-31 14:50:06,YXN-440-P.jpg
YY1-862-X,YUC,Audi Q3,Negro,Activo,Lorena Arellano Luna,2021-04-04 02:09:54,YY1-862-X.jpg
Z1X-119-R,YUC,Renault Logan,Rojo,Activo,Marina Herrera Peña,2022-03-01 22:35:06,Z1X-119-R.jpg
Z00-468-D,YUC,Fiat 500,Dorado,Cancelado,Carmen Contreras Portillo,2024-06-11 17:01:15,Z00-468-D.jpg
Z8D-301-Y,YUC,Mercedes-Benz C-Class,Blanco Perlado,Robado,Oscar Camacho Rosales,2022-07-10 08:38:48,Z8D-301-Y.jpg
Z56-822-L,YUC,Mercedes-Benz GLA,Amarillo,Irregular,Guillermo Estrada Cruz,2023-11-17 04:00:25,Z56-822-L.jpg
YZV-885-J,YUC,Chevrolet Beat,Gris,En Proceso Legal,Guillermo Navarro Herrera,2018-07-20 17:42:05,YZV-885-J.jpg
ZAA-881-E,YUC,Renault Duster,Rojo,Baja Definitiva,David Arroyo Cordero,2024-11-20 11:59:32,ZAA-881-E.jpg
Z7Z-968-R,YUC,Mazda MX-5,Azul,Cancelado,Silvia Fuentes Valdez,2020-11-08 12:41:04,Z7Z-968-R.jpg
YXX-718-A,YUC,Honda CR-V,Gris,Cancelado,Fernando Gallegos Cordero,2022-10-06 13:46:07,YXX-718-A.jpg
Z6J-113-V,YUC,Honda HR-V,Gris,Irregular,Angela Villegas Nieto,2025-07-29 19:03:59,Z6J-113-V.jpg
Z6Y-574-Y,YUC,Renault Duster,Dorado,Activo,Cristian Huerta Pacheco,2019-01-20 11:30:00,Z6Y-574-Y.jpg
Z26-541-Z,YUC,Mazda 2,Verde Oscuro,Robado,Paola Medina Palacios,2024-08-10 16:19:53,Z26-541-Z.jpg
YXA-102-L,YUC,Mercedes-Benz A-Class,Amarillo,Activo,Oscar Acosta Del Valle,2026-05-22 02:20:00,YXA-102-L.jpg
YWN-882-P,YUC,Chevrolet Beat,Negro,Activo,Alejandro Rosales Garcia,2021-03-14 03:24:14,YWN-882-P.jpg
Z0A-041-Z,YUC,Kia Sportage,Beige,Cancelado,Beatriz Tovar Villegas,2020-04-18 01:27:51,Z0A-041-Z.jpg
ZBP-731-R,YUC,Toyota Yaris,Azul,Irregular,Camila Ramos Fernandez,2025-01-20 18:10:44,ZBP-731-R.jpg
Z62-648-W,YUC,Jeep Wrangler,Blanco,En Proceso Legal,Andres Morales Quintero,2025-10-03 00:59:47,Z62-648-W.jpg
YWP-553-E,YUC,Fiat Cronos,Dorado,Importacion Temporal,Alejandra Barajas Morales,2018-08-11 20:42:54,YWP-553-E.jpg
Z58-068-R,YUC,BMW 3 Series,Beige,Robado,Elias Juarez Orozco,2020-09-29 21:41:11,Z58-068-R.jpg
Z4F-433-C,YUC,BMW 5 Series,Cafe,Baja Temporal,Victor Martinez Suarez,2025-07-23 01:08:52,Z4F-433-C.jpg
Z30-782-M,YUC,Renault Kwid,Gris Oscuro,Cancelado,Hugo Huerta Delgado,2026-03-24 12:01:53,Z30-782-M.jpg
Z4P-561-X,YUC,Nissan Versa,Beige,Activo,Cecilia Palacios Mendoza,2018-01-15 15:02:52,Z4P-561-X.jpg
YYV-891-S,YUC,Renault Duster,Blanco Perlado,Importacion Definitiva,Francisco Romero Vazquez,2019-11-13 19:11:09,YYV-891-S.jpg
Z89-569-Y,YUC,Jeep Renegade,Verde,En Proceso Legal,Elsa Trejo Zamora,2024-09-16 04:32:39,Z89-569-Y.jpg
Z3S-312-D,YUC,Jeep Renegade,Plateado,Baja Definitiva,Alejandro Diaz Diaz,2024-05-07 14:40:18,Z3S-312-D.jpg
Z5K-747-D,YUC,Volkswagen Vento,Negro,En Proceso Legal,Alberto Cordero Espinoza,2021-11-18 08:41:58,Z5K-747-D.jpg
YY2-475-J,YUC,Jeep Grand Cherokee,Gris Oscuro,Baja Temporal,Fabiola Gonzalez Urbina,2023-01-20 14:22:20,YY2-475-J.jpg
Z8L-645-V,YUC,Fiat Toro,Rojo,Activo,Alejandra Luna Gutierrez,2018-09-18 08:32:13,Z8L-645-V.jpg
Z76-878-T,YUC,Ford Focus,Cafe,Remarcaje,Sofia Izquierdo Rivera,2020-02-18 07:57:50,Z76-878-T.jpg
Z50-632-L,YUC,Mercedes-Benz GLA,Blanco,Baja Definitiva,Marcos Zamora Sanchez,2026-02-01 23:11:39,Z50-632-L.jpg
Z6S-587-K,YUC,Renault Duster,Blanco,Robado,Jesus Sepulveda Quiroz,2021-11-05 07:49:20,Z6S-587-K.jpg
Z4S-670-R,YUC,Ford Fiesta,Gris Oscuro,Importacion Definitiva,Raul Plascencia Valdez,2022-02-20 23:28:37,Z4S-670-R.jpg
YZM-002-F,YUC,Toyota Hilux,Azul Marino,Robado,Ignacio Montoya Fernandez,2024-03-20 00:03:40,YZM-002-F.jpg
YWZ-543-N,YUC,Audi A3,Blanco Perlado,Activo,Armando Villegas Suarez,2017-01-20 07:47:30,YWZ-543-N.jpg
Z3K-339-B,YUC,Chevrolet Aveo,Dorado,Activo,Maria Valencia Chavez,2021-05-02 12:49:09,Z3K-339-B.jpg
Z5S-624-C,YUC,BMW 5 Series,Morado,Activo,Cecilia Camacho Herrera,2022-11-21 13:45:20,Z5S-624-C.jpg
Z43-148-F,YUC,Volkswagen Vento,Morado,Cancelado,Veronica Barajas Castillo,2021-01-16 04:19:14,Z43-148-F.jpg
Z17-742-L,YUC,Peugeot 308,Cafe,Recuperado,Felipe Avila Flores,2019-12-11 12:56:15,Z17-742-L.jpg
Z16-934-M,YUC,Chevrolet Aveo,Amarillo,Baja Definitiva,Sandra Camacho Jimenez,2023-12-13 02:10:09,Z16-934-M.jpg
Z30-277-R,YUC,Hyundai Accent,Rojo Oscuro,Activo,Adriana De La Cruz Morales,2021-07-28 02:54:31,Z30-277-R.jpg
YYB-510-M,YUC,Toyota Yaris,Amarillo,Cancelado,Susana Zarate Tapia,2024-01-23 15:17:48,YYB-510-M.jpg
Z1G-279-G,YUC,Mazda 3,Gris,Irregular,Victor Leal Fernandez,2023-07-30 16:19:04,Z1G-279-G.jpg
Z5E-247-Y,YUC,Mazda CX-5,Negro,En Proceso Legal,Maria Cervantes Ramirez,2022-02-25 05:34:08,Z5E-247-Y.jpg
ZCD-612-R,YUC,Renault Kwid,Blanco Perlado,Activo,Alberto Vazquez Orozco,2025-01-08 14:25:52,ZCD-612-R.jpg
YZL-093-N,YUC,Jeep Compass,Blanco,Activo,Javier Solano Zarate,2025-02-03 10:43:23,YZL-093-N.jpg
YWR-806-J,YUC,Renault Sandero,Blanco Perlado,Importacion Definitiva,Jorge Vazquez Rivera,2017-06-20 17:19:06,YWR-806-J.jpg
YX9-906-Y,YUC,Kia Forte,Azul,Importacion Temporal,Guadalupe Diaz Del Valle,2019-06-23 13:39:09,YX9-906-Y.jpg
Z15-180-S,YUC,Chevrolet Beat,Verde Oscuro,Recuperado,Sandra Martinez Palacios,2024-07-20 05:47:26,Z15-180-S.jpg
YWB-782-B,YUC,Ford Fiesta,Naranja,Activo,Salvador Mejia Juarez,2017-09-04 21:11:11,YWB-782-B.jpg
Z5N-164-G,YUC,Fiat Cronos,Plateado,Activo,Rebeca Nieto Torres,2022-11-17 18:23:35,Z5N-164-G.jpg
YZC-118-W,YUC,BMW X3,Azul,Activo,Valeria Plascencia Romero,2022-09-13 13:51:51,YZC-118-W.jpg
ZAM-222-H,YUC,Honda HR-V,Negro,Activo,Marcos Urbina Ortega,2022-02-04 19:42:56,ZAM-222-H.jpg
YZ0-286-S,YUC,BMW X5,Plateado,Activo,Ana Montes Sanchez,2022-05-27 22:11:07,YZ0-286-S.jpg
Z9A-636-H,YUC,Jeep Wrangler,Rojo Oscuro,Cancelado,Sandra Valdez Campos,2023-02-15 06:35:37,Z9A-636-H.jpg
Z4D-919-Z,YUC,Chevrolet Cruze,Gris,Activo,Roberto Mora Sandoval,2019-11-06 18:06:40,Z4D-919-Z.jpg
Z0E-106-D,YUC,Mercedes-Benz A-Class,Plateado,Baja Definitiva,Maria Zarate Espinoza,2025-08-18 15:57:12,Z0E-106-D.jpg
ZAB-003-V,YUC,Renault Logan,Blanco Perlado,Remarcaje,Alberto Avila Campos,2019-05-03 08:35:28,ZAB-003-V.jpg
Z7K-776-V,YUC,Audi A3,Dorado,Activo,Daniel Salazar Cervantes,2018-04-13 06:31:33,Z7K-776-V.jpg
YYZ-358-W,YUC,Honda Civic,Blanco Perlado,Robado,Manuel Moya Garcia,2022-06-13 16:19:43,YYZ-358-W.jpg
YZY-131-U,YUC,Mercedes-Benz GLC,Negro,Baja Temporal,Isabel Acosta Arellano,2018-11-01 08:03:49,YZY-131-U.jpg
Z5V-704-Z,YUC,Peugeot 208,Negro,Robado,Oscar Camacho Beltran,2019-11-02 15:35:02,Z5V-704-Z.jpg
Z67-311-L,YUC,Ford Fusion,Gris,Baja Definitiva,Fernando Hernandez Del Valle,2021-09-12 08:50:13,Z67-311-L.jpg
Z0H-321-P,YUC,Mazda MX-5,Blanco,Importacion Definitiva,Elsa Fuentes Dominguez,2020-01-02 07:29:31,Z0H-321-P.jpg
ZGB-083-K,ZAC,Fiat Argo,Rojo Oscuro,Robado,Hugo Peña Leal,2019-07-05 17:04:03,ZGB-083-K.jpg
ZDT-778-S,ZAC,Honda CR-V,Cafe,Robado,Salvador Urbina Ortega,2021-07-05 04:10:10,ZDT-778-S.jpg
ZGE-407-Z,ZAC,Volkswagen Golf,Morado,Baja Definitiva,Hector Plascencia Quintero,2022-02-20 11:15:13,ZGE-407-Z.jpg
ZE8-203-E,ZAC,Mazda 2,Plateado,Remarcaje,Sergio De La Cruz Izquierdo,2025-08-23 20:04:25,ZE8-203-E.jpg
ZDY-440-W,ZAC,BMW 3 Series,Gris Oscuro,En Proceso Legal,Mauricio Herrera Zarate,2017-04-05 21:18:50,ZDY-440-W.jpg
ZED-308-Y,ZAC,Jeep Renegade,Azul,Activo,Mateo Arroyo Cordero,2026-04-11 09:37:19,ZED-308-Y.jpg
ZFZ-742-J,ZAC,Chevrolet Spark,Beige,Baja Temporal,Noe Jimenez Izquierdo,2020-06-17 20:11:51,ZFZ-742-J.jpg
ZFV-751-L,ZAC,Mazda CX-5,Blanco Perlado,Robado,Sebastian Sandoval Rivera,2018-05-22 17:07:43,ZFV-751-L.jpg
ZG4-977-V,ZAC,Honda Accord,Blanco,En Proceso Legal,Renata Morales Tovar,2023-02-22 18:42:21,ZG4-977-V.jpg
ZES-795-F,ZAC,Chevrolet Spark,Rojo,Robado,Noe Bravo Perez,2024-08-23 19:45:01,ZES-795-F.jpg
ZF1-472-K,ZAC,BMW X3,Morado,Activo,Marina Villanueva Carrillo,2017-10-12 01:35:53,ZF1-472-K.jpg
ZF8-770-P,ZAC,Fiat 500,Verde,Cancelado,Sandra Fuentes Delgado,2018-02-16 17:55:04,ZF8-770-P.jpg
ZGF-422-C,ZAC,Honda Civic,Gris,Homologacion,Ernesto Orozco Montoya,2021-09-26 10:53:01,ZGF-422-C.jpg
ZFZ-941-S,ZAC,Chevrolet Beat,Verde Oscuro,Robado,Javier Soto Herrera,2018-08-15 01:09:41,ZFZ-941-S.jpg
ZFB-306-A,ZAC,Kia Sorento,Morado,Recuperado,Claudia Cabrera Rios,2021-07-03 23:23:54,ZFB-306-A.jpg
ZHV-464-U,ZAC,Audi A4,Plateado,Robado,Roberto Sandoval Figueroa,2022-06-13 06:23:06,ZHV-464-U.jpg
ZDZ-114-U,ZAC,Kia Sorento,Beige,Irregular,Salvador Fuentes Rivera,2025-06-25 02:24:48,ZDZ-114-U.jpg
ZFJ-579-M,ZAC,Mazda CX-5,Plateado,Activo,Carolina Dominguez Mora,2026-01-10 04:42:01,ZFJ-579-M.jpg
ZDD-846-U,ZAC,Honda CR-V,Azul Marino,Robado,Marisol Campos Ramirez,2025-11-23 08:25:34,ZDD-846-U.jpg
ZEB-360-D,ZAC,Peugeot 5008,Rojo,Irregular,Miguel Rivera Mejia,2019-08-27 07:04:27,ZEB-360-D.jpg
ZE1-832-F,ZAC,Renault Duster,Negro,Activo,Fernando Diaz Quiroz,2022-10-20 03:18:16,ZE1-832-F.jpg
ZHJ-653-M,ZAC,Mazda 2,Plateado,Activo,Rocio Alvarez Quintero,2020-05-09 04:23:25,ZHJ-653-M.jpg
ZF3-268-Z,ZAC,Chevrolet Aveo,Blanco,Activo,Susana De La Cruz Garcia,2021-01-07 23:19:25,ZF3-268-Z.jpg
ZEN-304-K,ZAC,Toyota Prius,Cafe,Homologacion,Alicia Hernandez Ortega,2026-05-25 14:29:47,ZEN-304-K.jpg
ZG5-873-M,ZAC,Toyota Prius,Verde Oscuro,Activo,Susana De La Cruz Vargas,2023-07-19 16:01:45,ZG5-873-M.jpg
ZDZ-921-N,ZAC,BMW 5 Series,Cafe,Cancelado,Rebeca Zamora Lopez,2017-11-03 00:29:38,ZDZ-921-N.jpg
ZGP-682-K,ZAC,Nissan NP300,Rojo,Activo,Sebastian Campos Martinez,2023-06-18 20:49:05,ZGP-682-K.jpg
ZDV-681-L,ZAC,Volkswagen Vento,Gris,Activo,Marco Arellano Aguilar,2021-12-03 23:23:34,ZDV-681-L.jpg
ZGF-983-T,ZAC,Jeep Renegade,Verde Oscuro,Activo,Claudia Fernandez Ramos,2022-08-22 22:13:07,ZGF-983-T.jpg
ZH8-369-K,ZAC,Chevrolet Beat,Gris,Reposicion,Sandra De La Cruz Trejo,2019-12-27 06:19:22,ZH8-369-K.jpg
ZHP-928-N,ZAC,Mercedes-Benz GLC,Plateado,Cancelado,Yolanda Montes Salazar,2024-03-12 17:49:34,ZHP-928-N.jpg
ZFW-013-X,ZAC,Kia Rio,Dorado,Recuperado,Veronica Romero De La Cruz,2024-11-13 16:04:12,ZFW-013-X.jpg
ZG0-930-X,ZAC,Chevrolet Aveo,Blanco,En Proceso Legal,Marisol Moya Orozco,2023-08-13 05:54:04,ZG0-930-X.jpg
ZHS-110-B,ZAC,Jeep Compass,Gris,Activo,Javier Contreras Rivera,2017-03-19 03:36:30,ZHS-110-B.jpg
ZE5-440-S,ZAC,Toyota Corolla,Blanco Perlado,Activo,Lucia Montoya Ortega,2021-08-01 07:14:43,ZE5-440-S.jpg
ZGZ-342-L,ZAC,Nissan Versa,Cafe,Activo,Veronica Esquivel Pineda,2020-08-12 09:32:43,ZGZ-342-L.jpg
ZH9-266-F,ZAC,BMW X5,Azul Marino,Irregular,Hector Villegas Ruiz,2022-05-06 00:53:24,ZH9-266-F.jpg
ZHP-319-M,ZAC,Hyundai Tucson,Amarillo,Activo,Elias Rios Gonzalez,2018-10-27 12:52:16,ZHP-319-M.jpg
ZFU-463-E,ZAC,Kia Sportage,Morado,Homologacion,Ana Vargas Nieto,2017-01-11 17:17:26,ZFU-463-E.jpg
ZEY-697-Z,ZAC,Jeep Wrangler,Blanco Perlado,Activo,Elizabeth Ramos Lopez,2021-10-10 02:40:56,ZEY-697-Z.jpg
ZFG-039-K,ZAC,Renault Sandero,Beige,En Proceso Legal,Liliana Rios Olvera,2024-07-05 17:42:02,ZFG-039-K.jpg
ZE5-772-B,ZAC,Mazda 2,Negro,Irregular,Fernando Serrano Fuentes,2025-10-11 17:04:43,ZE5-772-B.jpg
ZGU-489-A,ZAC,Hyundai Tucson,Azul,Importacion Definitiva,Isabel Fuentes Velazquez,2018-12-07 18:10:12,ZGU-489-A.jpg
ZHP-403-G,ZAC,Peugeot 208,Vino,Cancelado,Juan Montes Ramos,2018-02-04 00:45:13,ZHP-403-G.jpg
ZF2-308-H,ZAC,Honda CR-V,Verde Oscuro,Recuperado,Ernesto Gutierrez Fernandez,2018-02-14 21:13:45,ZF2-308-H.jpg
ZGX-077-A,ZAC,Fiat Toro,Rojo Oscuro,Baja Temporal,Ernesto Estrada Solano,2022-02-23 19:22:55,ZGX-077-A.jpg
ZHM-311-H,ZAC,Renault Duster,Blanco,Irregular,Estela Maldonado Fernandez,2019-02-28 12:49:14,ZHM-311-H.jpg
ZEC-336-K,ZAC,Hyundai Elantra,Blanco Perlado,Importacion Temporal,Adolfo Sanchez Sanchez,2021-01-15 15:33:25,ZEC-336-K.jpg
ZEM-573-K,ZAC,Volkswagen Amarok,Blanco,Activo,Elsa Castro Izquierdo,2024-10-04 13:59:56,ZEM-573-K.jpg
ZES-694-U,ZAC,BMW X5,Gris,Importacion Temporal,Alberto Aguilar Barajas,2024-02-01 08:30:12,ZES-694-U.jpg
ZE4-126-W,ZAC,Toyota Prius,Naranja,Baja Definitiva,Beatriz Guerrero Juarez,2018-06-28 14:20:57,ZE4-126-W.jpg
ZFM-642-S,ZAC,Kia Sorento,Verde Oscuro,Activo,Francisco Cruz Zamora,2020-11-08 19:32:33,ZFM-642-S.jpg
ZHF-608-Y,ZAC,Volkswagen Vento,Cafe,Cancelado,Renata Montoya Correa,2025-05-21 00:06:30,ZHF-608-Y.jpg
ZEB-781-R,ZAC,Ford Focus,Beige,Activo,Marco Montoya Palacios,2026-01-10 18:05:46,ZEB-781-R.jpg
ZDD-036-V,ZAC,Mercedes-Benz GLC,Rojo,En Proceso Legal,Ana Zamora Correa,2020-07-08 11:28:16,ZDD-036-V.jpg
ZFB-439-F,ZAC,Nissan Versa,Plateado,Irregular,Monica Medina Morales,2020-11-01 00:35:18,ZFB-439-F.jpg
ZDL-097-R,ZAC,Fiat Cronos,Naranja,Reposicion,Arturo Guerrero Morales,2018-07-27 13:57:15,ZDL-097-R.jpg
ZG4-744-F,ZAC,Renault Logan,Dorado,Cancelado,Victor Escobar Quiroz,2024-11-17 11:14:39,ZG4-744-F.jpg
ZFR-930-W,ZAC,Mazda CX-5,Verde,Robado,Arturo Estrada Solano,2024-01-02 19:11:46,ZFR-930-W.jpg
ZEP-025-D,ZAC,Honda Accord,Amarillo,Importacion Temporal,Ricardo Portillo Salazar,2025-09-18 19:42:33,ZEP-025-D.jpg
ZGL-368-V,ZAC,Chevrolet Aveo,Blanco Perlado,Homologacion,Gabriela Quiroz Arroyo,2020-09-23 06:19:49,ZGL-368-V.jpg
ZEV-947-S,ZAC,Mazda CX-5,Plateado,Cancelado,Ernesto Leal Jimenez,2019-04-24 19:59:35,ZEV-947-S.jpg
ZGY-855-U,ZAC,Chevrolet Spark,Verde,Activo,Daniel Alvarez Ortega,2024-10-29 22:35:15,ZGY-855-U.jpg
ZHU-351-P,ZAC,Renault Kwid,Rojo,Importacion Temporal,Elsa Palacios Izquierdo,2023-03-22 15:58:00,ZHU-351-P.jpg
ZDE-309-G,ZAC,Peugeot 308,Gris Oscuro,Activo,Ruben Tapia Diaz,2020-06-14 11:41:24,ZDE-309-G.jpg
ZGC-153-V,ZAC,Fiat Cronos,Azul,Activo,Luis Jimenez Salazar,2025-10-11 07:43:29,ZGC-153-V.jpg
ZEV-754-Y,ZAC,BMW X5,Azul,Irregular,Fernando Mora Ramirez,2019-03-23 05:07:41,ZEV-754-Y.jpg
ZFZ-325-H,ZAC,Nissan NP300,Gris Oscuro,Cancelado,Teresa Campos Morales,2020-06-05 12:37:32,ZFZ-325-H.jpg
ZEB-680-R,ZAC,Mercedes-Benz GLA,Verde Oscuro,Cancelado,Alejandra Montes Cervantes,2018-10-14 15:47:06,ZEB-680-R.jpg
ZGE-589-E,ZAC,Mercedes-Benz GLA,Azul Marino,Reposicion,Martha Mejia Arroyo,2021-02-14 18:01:18,ZGE-589-E.jpg
ZFF-779-V,ZAC,Fiat 500,Rojo,Reposicion,Lucia Castro Cruz,2023-06-15 10:17:00,ZFF-779-V.jpg
ZHT-109-B,ZAC,Jeep Compass,Azul,Cancelado,Hector Cordero Mendoza,2019-10-26 11:27:06,ZHT-109-B.jpg
ZE1-767-Z,ZAC,Jeep Grand Cherokee,Blanco Perlado,Irregular,Fernando Torres Quiroz,2025-02-04 23:16:52,ZE1-767-Z.jpg
ZG7-653-J,ZAC,Toyota Yaris,Blanco,Cancelado,Adolfo Bravo Plascencia,2022-01-20 12:26:39,ZG7-653-J.jpg
ZGF-156-V,ZAC,Kia Sorento,Rojo Oscuro,Activo,Ana Tovar Martinez,2021-01-09 18:24:17,ZGF-156-V.jpg
ZGA-217-F,ZAC,Ford Focus,Beige,Remarcaje,Marisol Hernandez Fernandez,2023-08-27 04:37:03,ZGA-217-F.jpg
ZG1-687-Z,ZAC,Mercedes-Benz C-Class,Verde Oscuro,Reposicion,Camila Orozco Zamora,2019-08-05 03:47:43,ZG1-687-Z.jpg
ZDY-123-E,ZAC,Honda Civic,Verde,Cancelado,Fabiola Huerta Portillo,2023-09-20 06:22:59,ZDY-123-E.jpg
ZFE-108-L,ZAC,Nissan NP300,Gris,Irregular,Regina Plascencia Valencia,2023-09-10 15:57:15,ZFE-108-L.jpg
ZG8-496-P,ZAC,Volkswagen Vento,Plateado,Irregular,Sandra Delgado Torres,2024-01-21 01:04:06,ZG8-496-P.jpg
ZHK-481-A,ZAC,Jeep Grand Cherokee,Vino,Importacion Definitiva,Beatriz Espinoza Alvarez,2021-11-23 13:22:39,ZHK-481-A.jpg
ZGC-341-H,ZAC,Renault Sandero,Blanco Perlado,Importacion Definitiva,Arturo Bravo Salazar,2020-02-29 17:43:33,ZGC-341-H.jpg
ZFM-584-S,ZAC,Audi A3,Gris Oscuro,Activo,Daniel Medina Quintero,2026-04-15 00:46:38,ZFM-584-S.jpg
ZGW-110-Z,ZAC,Mazda MX-5,Verde Oscuro,Robado,Hector Montes Rivera,2021-02-18 21:07:54,ZGW-110-Z.jpg
ZEZ-530-K,ZAC,Hyundai Elantra,Morado,Importacion Temporal,Isabel Izquierdo Urbina,2018-02-16 12:09:54,ZEZ-530-K.jpg
ZEA-814-A,ZAC,Kia Forte,Cafe,Importacion Definitiva,Rosa Alvarez Lopez,2019-10-18 08:30:36,ZEA-814-A.jpg
ZEB-480-X,ZAC,Mazda 2,Verde Oscuro,Recuperado,Alejandro Rodriguez Barajas,2023-11-13 10:15:58,ZEB-480-X.jpg
ZFD-370-G,ZAC,BMW X5,Amarillo,Activo,Yolanda Martinez Sanchez,2018-11-23 05:08:25,ZFD-370-G.jpg
ZGT-581-N,ZAC,Mercedes-Benz GLA,Morado,Activo,Ernesto Chavez Valdez,2019-12-29 09:24:58,ZGT-581-N.jpg
ZFX-874-H,ZAC,Fiat Toro,Naranja,Activo,Rosa Espinoza Guerrero,2024-04-21 14:44:48,ZFX-874-H.jpg
ZF7-741-X,ZAC,Ford Fusion,Morado,Homologacion,Mateo Juarez Correa,2022-12-13 16:22:56,ZF7-741-X.jpg
ZFJ-613-A,ZAC,Chevrolet Beat,Cafe,Remarcaje,Martha Avila Solano,2018-05-09 02:52:56,ZFJ-613-A.jpg
ZE4-379-E,ZAC,Fiat Cronos,Negro,Baja Temporal,Leticia Rivera Pacheco,2018-11-29 02:43:57,ZE4-379-E.jpg
ZFN-415-S,ZAC,Nissan March,Blanco,Baja Definitiva,Angela Villegas Chavez,2018-04-19 06:10:28,ZFN-415-S.jpg
ZE4-646-U,ZAC,Nissan NP300,Morado,Cancelado,Ana Torres Suarez,2019-11-26 12:58:49,ZE4-646-U.jpg
ZDN-779-P,ZAC,Kia Rio,Azul Marino,Homologacion,Armando Avila Estrada,2025-07-05 17:10:18,ZDN-779-P.jpg
ZH4-209-R,ZAC,Jeep Grand Cherokee,Gris,Homologacion,Roberto Cabrera Rivera,2023-04-16 01:37:10,ZH4-209-R.jpg
ZE2-200-U,ZAC,Ford Fusion,Cafe,Activo,Armando Escobar Ortega,2018-05-05 22:37:39,ZE2-200-U.jpg
ZEG-026-Z,ZAC,Jeep Renegade,Verde,Activo,Marisol Beltran Juarez,2017-11-02 09:22:14,ZEG-026-Z.jpg
ZDB-689-C,ZAC,Jeep Renegade,Vino,Remarcaje,Javier Soto Luna,2022-09-15 16:37:06,ZDB-689-C.jpg
ZFF-083-N,ZAC,Mercedes-Benz GLA,Vino,Importacion Definitiva,Diego Cabrera Solano,2024-09-20 16:41:22,ZFF-083-N.jpg
ZFK-503-R,ZAC,Peugeot 308,Amarillo,Robado,Elizabeth Solano Ruiz,2021-11-30 21:05:51,ZFK-503-R.jpg
ZFR-483-V,ZAC,BMW X3,Rojo,Importacion Definitiva,Elsa Fernandez Trejo,2022-06-19 01:34:39,ZFR-483-V.jpg
ZET-327-H,ZAC,Fiat Cronos,Azul Marino,Baja Definitiva,Elias Tovar Portillo,2024-02-02 08:06:08,ZET-327-H.jpg
ZET-189-Z,ZAC,BMW X3,Morado,Baja Temporal,Benjamin Montes Beltran,2026-02-27 10:26:19,ZET-189-Z.jpg
ZFN-171-T,ZAC,BMW 3 Series,Plateado,Importacion Temporal,Cristian Reyes Fernandez,2020-08-04 13:56:47,ZFN-171-T.jpg
ZGZ-808-R,ZAC,Nissan Sentra,Rojo,Irregular,Marcos Navarro Rios,2025-11-16 16:16:20,ZGZ-808-R.jpg
ZG5-150-X,ZAC,Honda Civic,Rojo,Baja Temporal,Yolanda Castillo Hernandez,2024-10-05 15:26:38,ZG5-150-X.jpg
ZDV-207-T,ZAC,Nissan March,Amarillo,Activo,Jesus Gallegos Flores,2020-03-29 03:07:23,ZDV-207-T.jpg
ZHL-043-A,ZAC,Renault Logan,Azul,Activo,Marina Beltran Orozco,2021-04-20 17:47:03,ZHL-043-A.jpg
ZHG-004-J,ZAC,Toyota Hilux,Rojo Oscuro,Remarcaje,Jesus Gonzalez Zarate,2021-08-20 06:44:21,ZHG-004-J.jpg
ZHC-524-P,ZAC,BMW X5,Amarillo,Importacion Temporal,Laura Soto Tapia,2017-05-30 06:34:06,ZHC-524-P.jpg
ZEP-129-W,ZAC,Toyota Yaris,Amarillo,En Proceso Legal,Carlos De La Cruz Flores,2025-06-04 12:20:46,ZEP-129-W.jpg
ZH9-361-N,ZAC,Audi A4,Vino,Activo,Guillermo Diaz Montes,2017-06-06 10:21:58,ZH9-361-N.jpg
ZGD-427-A,ZAC,Chevrolet Cruze,Blanco Perlado,Irregular,Juan Fernandez Cruz,2022-07-14 01:13:22,ZGD-427-A.jpg
ZE2-600-F,ZAC,Nissan Sentra,Rojo Oscuro,Recuperado,Emilio Luna Martinez,2023-01-03 00:20:04,ZE2-600-F.jpg
ZEL-038-L,ZAC,Fiat Toro,Plateado,En Proceso Legal,Alberto Castillo Gallegos,2023-11-16 06:21:25,ZEL-038-L.jpg
ZGL-553-R,ZAC,Honda HR-V,Verde,Reposicion,Leticia Ruiz Montes,2021-03-19 02:59:54,ZGL-553-R.jpg
ZEJ-055-C,ZAC,Toyota Prius,Rojo Oscuro,Irregular,Carmen Figueroa Solano,2022-02-02 14:26:38,ZEJ-055-C.jpg
ZHH-113-B,ZAC,Ford Ranger,Naranja,Remarcaje,Sergio Hernandez Silva,2021-08-29 05:19:03,ZHH-113-B.jpg
ZEE-845-N,ZAC,Fiat Cronos,Dorado,Baja Temporal,Mateo Estrada Reyes,2018-07-01 08:20:46,ZEE-845-N.jpg
ZER-615-B,ZAC,Audi A4,Vino,Reposicion,Sandra Suarez Espinoza,2020-01-19 22:04:34,ZER-615-B.jpg
ZE3-193-D,ZAC,Volkswagen Amarok,Blanco,Importacion Definitiva,Hugo Pineda Alvarez,2025-01-23 04:59:42,ZE3-193-D.jpg
ZFJ-009-M,ZAC,Mercedes-Benz C-Class,Plateado,En Proceso Legal,Salvador Villanueva Cervantes,2025-07-16 08:52:39,ZFJ-009-M.jpg
ZGZ-112-W,ZAC,Peugeot 308,Plateado,Homologacion,Pedro Gutierrez Villanueva,2019-07-22 23:51:51,ZGZ-112-W.jpg
ZGA-907-K,ZAC,Mercedes-Benz C-Class,Amarillo,Irregular,Ana Barajas Moya,2025-07-19 15:56:02,ZGA-907-K.jpg
ZDW-248-Y,ZAC,Kia Sportage,Gris Oscuro,Activo,Ana Alvarez Leal,2018-06-02 20:56:04,ZDW-248-Y.jpg
ZDP-576-H,ZAC,Audi Q5,Azul Marino,En Proceso Legal,Isabel Herrera Trejo,2022-07-06 16:29:34,ZDP-576-H.jpg
ZF9-829-D,ZAC,Nissan Sentra,Rojo Oscuro,Recuperado,Guillermo Silva Cabrera,2023-05-02 01:43:17,ZF9-829-D.jpg
ZDB-979-R,ZAC,Renault Sandero,Rojo Oscuro,Activo,Marco Barajas Trejo,2022-08-18 17:16:28,ZDB-979-R.jpg
ZDC-049-P,ZAC,Renault Sandero,Rojo Oscuro,Baja Temporal,Marina Beltran Romero,2018-07-07 18:01:38,ZDC-049-P.jpg
ZEA-288-T,ZAC,Fiat Toro,Blanco Perlado,Cancelado,Leticia Camacho Vazquez,2026-01-07 00:15:43,ZEA-288-T.jpg
ZDU-479-A,ZAC,Peugeot 208,Gris,Baja Temporal,Miguel Sandoval Guerrero,2021-02-17 01:42:59,ZDU-479-A.jpg
ZG0-443-W,ZAC,Jeep Compass,Vino,Importacion Definitiva,Ignacio Martinez Zarate,2024-04-21 14:55:55,ZG0-443-W.jpg
ZG6-164-Z,ZAC,Renault Logan,Blanco Perlado,Activo,Valeria Peña Arroyo,2022-06-24 02:26:16,ZG6-164-Z.jpg
ZDR-485-U,ZAC,Mercedes-Benz C-Class,Azul,Robado,Javier Contreras Diaz,2021-06-08 00:05:31,ZDR-485-U.jpg
ZFP-114-Y,ZAC,Toyota Hilux,Rojo Oscuro,Cancelado,Jose Luna Sanchez,2019-10-20 03:16:48,ZFP-114-Y.jpg
ZFS-350-Y,ZAC,Peugeot 3008,Cafe,Importacion Temporal,Oscar Orozco Quiroz,2019-03-15 14:59:02,ZFS-350-Y.jpg
ZF1-432-R,ZAC,Mazda 3,Plateado,Robado,Julieta Contreras Montoya,2019-10-18 16:00:06,ZF1-432-R.jpg
ZDY-586-S,ZAC,Honda Civic,Morado,Recuperado,Elsa Cabrera Perez,2017-08-14 08:58:27,ZDY-586-S.jpg
ZE1-962-Y,ZAC,Mercedes-Benz A-Class,Amarillo,Cancelado,Javier Sepulveda Valencia,2019-05-08 06:23:56,ZE1-962-Y.jpg
ZGL-671-E,ZAC,Hyundai Accent,Gris Oscuro,Homologacion,Teresa Gallegos Pineda,2023-10-14 22:46:18,ZGL-671-E.jpg
ZEC-290-E,ZAC,Toyota Prius,Gris,Baja Definitiva,Emilio Zamora Medina,2020-10-18 23:00:11,ZEC-290-E.jpg
ZG8-919-T,ZAC,Mercedes-Benz GLC,Beige,Activo,Manuel Estrada Sanchez,2017-12-01 01:14:28,ZG8-919-T.jpg
ZF1-821-W,ZAC,Mazda MX-5,Amarillo,En Proceso Legal,Gabriela Jimenez Luna,2019-10-21 05:41:27,ZF1-821-W.jpg
ZHS-068-M,ZAC,Toyota Prius,Rojo,Recuperado,Mateo Torres Rosales,2022-03-06 15:40:49,ZHS-068-M.jpg
ZG9-075-R,ZAC,BMW X3,Gris,Recuperado,Estela Correa Escobar,2020-01-17 08:14:18,ZG9-075-R.jpg
ZEM-771-T,ZAC,Toyota Prius,Blanco,Activo,Valeria Correa Chavez,2024-04-28 17:56:27,ZEM-771-T.jpg
ZF2-598-T,ZAC,Honda HR-V,Morado,Robado,German Romero Guerrero,2023-11-07 23:40:29,ZF2-598-T.jpg
ZGS-940-B,ZAC,Chevrolet Aveo,Plateado,Remarcaje,Carlos Chavez Tovar,2025-10-01 03:45:28,ZGS-940-B.jpg
ZE6-834-Y,ZAC,Kia Forte,Azul Marino,Baja Temporal,Alejandra Mejia Gallegos,2017-04-02 06:01:53,ZE6-834-Y.jpg
ZFM-789-J,ZAC,Mazda 2,Cafe,En Proceso Legal,Pedro Castro Fuentes,2021-01-07 11:33:05,ZFM-789-J.jpg
ZHL-302-P,ZAC,Ford Fusion,Gris Oscuro,Importacion Definitiva,Ricardo Gutierrez Villegas,2025-08-07 11:36:41,ZHL-302-P.jpg
ZHN-571-L,ZAC,Kia Sorento,Blanco,Activo,German Tovar Torres,2020-05-08 17:05:41,ZHN-571-L.jpg
ZDW-487-J,ZAC,Renault Kwid,Plateado,Activo,Rocio Castillo Trejo,2017-03-18 18:57:27,ZDW-487-J.jpg
ZET-489-K,ZAC,Nissan Sentra,Beige,Recuperado,Laura Valencia Izquierdo,2023-01-30 06:00:11,ZET-489-K.jpg
ZDA-514-Z,ZAC,Nissan Versa,Verde Oscuro,Importacion Temporal,Pedro Del Valle Fuentes,2023-03-09 22:50:33,ZDA-514-Z.jpg
ZF3-033-V,ZAC,Audi Q5,Beige,Reposicion,Sofia Cruz Perez,2018-04-07 19:43:16,ZF3-033-V.jpg
ZDA-111-N,ZAC,Ford Focus,Amarillo,Activo,Gabriela Carrillo Silva,2025-08-05 03:34:47,ZDA-111-N.jpg
ZDK-206-G,ZAC,Hyundai Accent,Azul,Activo,Andres Serrano Flores,2021-11-25 01:51:05,ZDK-206-G.jpg
ZGP-871-T,ZAC,Jeep Compass,Rojo,Robado,Martha Garcia Torres,2020-02-29 13:34:05,ZGP-871-T.jpg
ZDR-806-V,ZAC,Mazda 2,Blanco,Importacion Temporal,Adriana Campos Correa,2020-04-29 13:30:23,ZDR-806-V.jpg
ZHB-006-A,ZAC,Peugeot 3008,Naranja,Recuperado,Leticia Campos Moya,2022-12-08 03:11:13,ZHB-006-A.jpg
ZF4-799-F,ZAC,Ford Fiesta,Dorado,Robado,Laura Valencia Zamora,2017-02-24 09:49:10,ZF4-799-F.jpg
ZE2-279-G,ZAC,Honda Civic,Rojo,Reposicion,Teresa Soto Ramos,2020-11-08 04:52:19,ZE2-279-G.jpg
ZFB-260-U,ZAC,Renault Duster,Blanco Perlado,Importacion Definitiva,Lucia Lopez Carrillo,2024-06-26 09:47:05,ZFB-260-U.jpg
ZEK-452-V,ZAC,Audi Q3,Beige,Baja Definitiva,Angela Nieto De La Cruz,2021-10-02 10:55:02,ZEK-452-V.jpg
ZEU-757-D,ZAC,Mercedes-Benz GLC,Blanco,Importacion Temporal,Carolina Castro Huerta,2024-09-27 19:02:25,ZEU-757-D.jpg
ZFF-728-N,ZAC,Honda Accord,Plateado,Irregular,Beatriz Esquivel Silva,2025-02-06 14:49:11,ZFF-728-N.jpg
ZHC-625-Z,ZAC,BMW X3,Beige,Irregular,Patricia Mejia Arellano,2021-06-19 04:23:02,ZHC-625-Z.jpg
ZDL-130-B,ZAC,Nissan March,Amarillo,En Proceso Legal,Antonio Zarate Hernandez,2023-10-19 21:31:03,ZDL-130-B.jpg
ZGC-461-B,ZAC,Peugeot 308,Azul,Activo,Manuel Rosales Zamora,2017-01-01 08:45:24,ZGC-461-B.jpg
ZDZ-475-J,ZAC,Peugeot 208,Verde Oscuro,Activo,Roberto Dominguez Estrada,2018-10-06 21:34:38,ZDZ-475-J.jpg
ZF0-120-D,ZAC,Nissan NP300,Verde,Baja Temporal,Leticia Rivera Tapia,2021-01-21 01:05:32,ZF0-120-D.jpg
ZDJ-727-R,ZAC,Chevrolet Cruze,Negro,Activo,Emilio Gonzalez Dominguez,2017-11-15 12:56:41,ZDJ-727-R.jpg
ZEF-625-U,ZAC,Mercedes-Benz A-Class,Dorado,Activo,Cecilia Cabrera Zarate,2018-03-20 04:42:09,ZEF-625-U.jpg
ZFE-939-A,ZAC,Jeep Renegade,Rojo Oscuro,Baja Definitiva,Cristian Sanchez Solano,2017-01-06 00:41:57,ZFE-939-A.jpg
ZFZ-346-K,ZAC,Renault Kwid,Morado,Remarcaje,Guillermo Silva Avila,2019-03-21 18:12:38,ZFZ-346-K.jpg
ZH7-273-X,ZAC,Renault Kwid,Rojo,En Proceso Legal,Sandra Zarate Tovar,2026-03-08 02:54:30,ZH7-273-X.jpg
ZHG-824-B,ZAC,Peugeot 208,Vino,Cancelado,Elsa Quintero Villalobos,2021-06-09 15:27:25,ZHG-824-B.jpg
ZG8-084-H,ZAC,Nissan March,Rojo Oscuro,Importacion Temporal,Ricardo Camacho Alvarez,2019-02-24 19:13:29,ZG8-084-H.jpg
ZHZ-197-K,ZAC,BMW 3 Series,Amarillo,Activo,Rosa Huerta Alvarez,2019-06-16 18:27:08,ZHZ-197-K.jpg
ZDP-433-P,ZAC,BMW X5,Gris,Recuperado,Fabiola Castro Jimenez,2023-03-19 16:17:18,ZDP-433-P.jpg
ZFF-996-C,ZAC,Renault Kwid,Amarillo,Activo,Sofia Torres Urbina,2020-01-26 21:05:38,ZFF-996-C.jpg
ZDZ-065-W,ZAC,Audi A4,Blanco Perlado,Activo,Camila Montes Dominguez,2021-03-27 14:41:25,ZDZ-065-W.jpg
ZH7-631-F,ZAC,Chevrolet Beat,Negro,Cancelado,Sebastian Trejo Correa,2018-06-25 04:35:30,ZH7-631-F.jpg
ZEM-950-J,ZAC,Kia Rio,Rojo Oscuro,En Proceso Legal,Camila Quiroz Juarez,2023-09-25 17:54:17,ZEM-950-J.jpg
ZE4-236-S,ZAC,Toyota Hilux,Gris,Reposicion,Daniel Camacho Solano,2026-03-05 14:57:36,ZE4-236-S.jpg
ZHR-089-C,ZAC,Toyota Yaris,Verde Oscuro,Homologacion,Sandra Juarez Alvarez,2018-01-07 05:48:59,ZHR-089-C.jpg
ZEG-106-S,ZAC,Peugeot 208,Vino,Baja Definitiva,Rocio Sandoval Palacios,2018-12-13 21:43:36,ZEG-106-S.jpg
ZGX-138-G,ZAC,Renault Logan,Verde,En Proceso Legal,Jorge Suarez Huerta,2022-01-15 18:14:08,ZGX-138-G.jpg
ZG3-405-D,ZAC,Jeep Renegade,Vino,Importacion Temporal,Emilio Diaz Morales,2023-09-15 20:28:00,ZG3-405-D.jpg
ZFL-768-D,ZAC,Peugeot 3008,Amarillo,Homologacion,Carlos Campos Bravo,2018-06-08 12:43:37,ZFL-768-D.jpg
ZES-979-W,ZAC,Ford Fusion,Blanco Perlado,Recuperado,Ignacio Soto Torres,2020-05-01 12:46:58,ZES-979-W.jpg
ZDB-581-J,ZAC,Nissan Sentra,Morado,Homologacion,Elizabeth Montoya Quintero,2025-07-07 14:59:06,ZDB-581-J.jpg
ZGW-532-G,ZAC,Renault Logan,Plateado,Homologacion,Marina Zamora Acosta,2025-01-24 01:54:43,ZGW-532-G.jpg
ZFU-147-K,ZAC,Audi A3,Amarillo,Homologacion,Regina Cruz Moya,2023-02-04 06:52:01,ZFU-147-K.jpg
ZG8-510-B,ZAC,Fiat Argo,Plateado,Cancelado,Monica Avila Ortega,2025-07-13 08:06:02,ZG8-510-B.jpg
ZHY-863-F,ZAC,BMW X5,Cafe,Homologacion,Jesus Hernandez Sanchez,2023-02-06 18:23:06,ZHY-863-F.jpg
ZE3-771-R,ZAC,Fiat 500,Negro,Activo,Andres Ramos Rios,2021-03-07 23:34:54,ZE3-771-R.jpg
ZDU-534-M,ZAC,Chevrolet Spark,Dorado,Activo,Alejandro Maldonado Ramos,2019-08-03 18:33:59,ZDU-534-M.jpg
ZEP-707-M,ZAC,Honda Civic,Rojo Oscuro,Baja Temporal,Valeria Garcia Castro,2021-01-11 22:13:57,ZEP-707-M.jpg
ZFF-341-D,ZAC,BMW 5 Series,Verde Oscuro,Homologacion,Cristian Acosta Chavez,2017-08-18 06:12:01,ZFF-341-D.jpg
ZHT-343-W,ZAC,Ford Fiesta,Dorado,Activo,Marina Tovar Juarez,2019-07-04 08:47:52,ZHT-343-W.jpg
ZHW-326-Y,ZAC,Renault Sandero,Azul,Recuperado,German Salazar Espinoza,2019-01-17 22:28:58,ZHW-326-Y.jpg
ZHL-232-Z,ZAC,Toyota Corolla,Gris,Importacion Definitiva,Daniela Fuentes Velazquez,2019-10-31 18:31:28,ZHL-232-Z.jpg
ZH6-307-E,ZAC,Chevrolet Cruze,Blanco Perlado,Baja Definitiva,Sofia Campos Arellano,2024-08-23 16:07:43,ZH6-307-E.jpg
ZEZ-289-J,ZAC,Audi A4,Naranja,Activo,Emilio Escobar Ortega,2023-07-15 21:19:19,ZEZ-289-J.jpg
ZEW-151-V,ZAC,Mercedes-Benz A-Class,Vino,Recuperado,Alejandro Esquivel Vargas,2019-10-12 16:55:36,ZEW-151-V.jpg
ZEZ-181-J,ZAC,Jeep Renegade,Gris Oscuro,Activo,Emilio Quintero Ruiz,2024-05-26 10:07:29,ZEZ-181-J.jpg
ZFC-632-W,ZAC,Mercedes-Benz GLA,Beige,Activo,Lucia Acosta Cervantes,2026-02-26 09:13:49,ZFC-632-W.jpg
ZFZ-941-A,ZAC,Volkswagen Vento,Blanco Perlado,Baja Temporal,Lucia Pineda Garcia,2021-08-05 14:40:41,ZFZ-941-A.jpg
ZF7-829-A,ZAC,Honda Civic,Verde Oscuro,Irregular,Guadalupe Esquivel Vazquez,2017-09-21 03:02:15,ZF7-829-A.jpg
ZF9-435-N,ZAC,Hyundai Accent,Cafe,En Proceso Legal,Oscar Moya Ruiz,2022-07-01 02:18:24,ZF9-435-N.jpg
ZDV-259-S,ZAC,Toyota Hilux,Vino,Homologacion,David Huerta Garcia,2025-09-13 13:19:19,ZDV-259-S.jpg
ZEX-603-X,ZAC,Kia Rio,Gris,Importacion Temporal,Rosa Hernandez Gonzalez,2020-11-05 19:24:56,ZEX-603-X.jpg
ZFG-080-Y,ZAC,Kia Forte,Azul,Activo,Ana Gutierrez Bravo,2019-07-21 15:00:30,ZFG-080-Y.jpg
ZDC-235-U,ZAC,Honda CR-V,Naranja,Reposicion,Hector Ortega Quintero,2019-11-21 18:51:44,ZDC-235-U.jpg
ZF9-537-G,ZAC,Ford Focus,Plateado,Activo,Fabiola Martinez Suarez,2022-07-15 07:07:51,ZF9-537-G.jpg
ZFX-091-G,ZAC,Kia Sorento,Morado,En Proceso Legal,Carmen Correa Mendoza,2023-01-08 18:07:34,ZFX-091-G.jpg
ZDJ-773-B,ZAC,Hyundai Elantra,Plateado,Reposicion,Carolina Plascencia Villanueva,2024-10-27 19:48:10,ZDJ-773-B.jpg
ZDM-495-D,ZAC,Ford Ranger,Amarillo,Activo,Alejandro Castillo Romero,2020-04-12 08:29:44,ZDM-495-D.jpg
ZGB-573-A,ZAC,Honda HR-V,Verde,Activo,Cecilia Quintero Jimenez,2024-03-11 06:28:59,ZGB-573-A.jpg
ZHA-009-Y,ZAC,Volkswagen Vento,Azul,Activo,Carmen Rivera Cruz,2021-12-25 07:47:46,ZHA-009-Y.jpg
ZED-950-L,ZAC,BMW X3,Azul,Recuperado,Elsa Orozco Fuentes,2019-11-17 18:14:22,ZED-950-L.jpg
ZG4-598-F,ZAC,Toyota Corolla,Verde Oscuro,Activo,Elizabeth Ruiz Moya,2024-08-02 22:05:12,ZG4-598-F.jpg
ZGD-046-X,ZAC,Fiat Argo,Gris,Activo,Martha Villalobos Suarez,2021-11-06 01:02:20,ZGD-046-X.jpg
ZHK-179-J,ZAC,Mercedes-Benz C-Class,Dorado,Baja Temporal,Isabel Castro Soto,2026-03-12 05:19:02,ZHK-179-J.jpg
ZEN-495-F,ZAC,Honda HR-V,Amarillo,Activo,Liliana Castillo Flores,2020-04-08 07:30:57,ZEN-495-F.jpg
ZGL-112-A,ZAC,Chevrolet Beat,Gris Oscuro,Irregular,Raul Gallegos Ramirez,2023-06-07 01:27:46,ZGL-112-A.jpg
ZEG-805-T,ZAC,BMW 3 Series,Verde,Importacion Definitiva,Rebeca Sepulveda Portillo,2024-11-01 17:24:24,ZEG-805-T.jpg
ZHX-929-P,ZAC,Mercedes-Benz A-Class,Verde Oscuro,Importacion Temporal,Susana Villanueva Ramos,2025-05-28 22:42:47,ZHX-929-P.jpg
ZGC-991-X,ZAC,Hyundai Elantra,Morado,Activo,Yolanda Ramirez De La Cruz,2023-03-03 23:29:07,ZGC-991-X.jpg
ZDB-938-J,ZAC,Hyundai Elantra,Morado,Reposicion,Isabel Camacho Montes,2017-04-10 03:49:45,ZDB-938-J.jpg
ZEK-281-C,ZAC,Ford Fusion,Blanco Perlado,Baja Temporal,Valeria Cabrera Gonzalez,2022-07-04 11:39:04,ZEK-281-C.jpg
ZGM-027-M,ZAC,Ford Fiesta,Gris Oscuro,En Proceso Legal,Alicia Nieto Sanchez,2022-09-11 15:54:08,ZGM-027-M.jpg
ZFJ-123-K,ZAC,Toyota Prius,Rojo,Robado,Emilio Huerta Rivera,2021-04-07 04:19:44,ZFJ-123-K.jpg
ZF8-492-R,ZAC,Peugeot 5008,Gris Oscuro,Baja Temporal,Pedro Contreras Urbina,2021-05-07 05:56:20,ZF8-492-R.jpg
ZGJ-613-M,ZAC,Peugeot 5008,Blanco,Importacion Definitiva,Adriana Beltran Pineda,2026-04-12 22:01:20,ZGJ-613-M.jpg
ZG2-965-L,ZAC,Mazda 2,Verde,Activo,Elias Hernandez Cordero,2022-07-27 09:57:26,ZG2-965-L.jpg
ZDU-700-R,ZAC,Toyota Hilux,Blanco Perlado,Recuperado,Silvia Zamora Mejia,2023-11-26 12:45:18,ZDU-700-R.jpg
ZH4-950-W,ZAC,Toyota Yaris,Blanco,Activo,Noe Cordero Villegas,2019-08-25 05:12:38,ZH4-950-W.jpg
ZDW-565-D,ZAC,Jeep Grand Cherokee,Beige,Activo,Mauricio Montoya Serrano,2017-11-26 19:15:58,ZDW-565-D.jpg
ZFH-809-J,ZAC,Jeep Renegade,Naranja,Remarcaje,Veronica Aguilar Ramos,2022-02-21 06:38:20,ZFH-809-J.jpg
ZH6-057-N,ZAC,BMW X3,Azul,Baja Temporal,German Chavez Moya,2025-03-06 22:23:05,ZH6-057-N.jpg
ZDA-701-N,ZAC,Volkswagen Jetta,Rojo Oscuro,Reposicion,Hector Suarez Cabrera,2021-12-03 05:36:08,ZDA-701-N.jpg
ZDF-460-A,ZAC,BMW X3,Morado,Robado,Lucia Morales Camacho,2023-10-23 03:03:05,ZDF-460-A.jpg
ZDR-316-U,ZAC,Fiat Cronos,Verde,Activo,Jorge Arroyo Montoya,2021-01-19 02:11:29,ZDR-316-U.jpg
ZEL-095-C,ZAC,Chevrolet Spark,Rojo,Activo,Javier Tovar Garcia,2018-12-18 06:49:53,ZEL-095-C.jpg
ZF0-669-Y,ZAC,Fiat 500,Verde,Robado,Mateo Torres Camacho,2021-01-16 18:21:39,ZF0-669-Y.jpg
